po_id,order_date,promised_delivery_date,actual_delivery_date,supplier_id,supplier_name,supplier_country,category,item,business_unit,unit_price,quantity,line_total,payment_terms,on_contract,quality_rejected
PO-2023-00300,2023-01-01,2023-01-09,2023-01-09,SUP-022,Redwood Components,USA,Electronics,Power Supply Unit 450W,Retail Operations,60.25,179,10784.75,Net 15,True,False
PO-2023-00280,2023-01-01,2023-02-02,2023-02-02,SUP-036,Golden Dragon Components,China,Electronics,Connector Kit CK-8,Corporate,4.3,927,3986.1,Net 45,True,False
PO-2023-00347,2023-01-01,2023-02-01,2023-02-19,SUP-029,Great Wall Components,China,Electronics,Sensor Module SM-3,Field Services,28.11,560,15741.6,Net 45,True,False
PO-2023-00337,2023-01-01,2023-01-10,2023-01-11,SUP-026,Great Wall Circuits,China,Electronics,PCB Assembly A-11,Field Services,56.45,500,28225.0,Net 60,False,False
PO-2023-00288,2023-01-02,2023-01-18,2023-01-22,SUP-024,Sterling Components,USA,Electronics,Connector Kit CK-8,Corporate,4.28,3457,14795.96,Net 45,True,False
PO-2023-00293,2023-01-02,2023-01-22,2023-01-22,SUP-028,Summit Components,USA,Electronics,Connector Kit CK-8,Manufacturing,4.39,3138,13775.82,Net 45,True,False
PO-2023-00291,2023-01-02,2023-01-28,2023-01-28,SUP-032,Lotus Components,India,Electronics,Connector Kit CK-8,R&D,3.85,2301,8858.85,Net 15,True,False
PO-2023-00371,2023-01-02,2023-01-11,2023-01-11,SUP-033,Busan Components,South Korea,Electronics,Microcontroller MCU-9,Field Services,6.53,2540,16586.2,Net 45,False,False
PO-2023-00328,2023-01-03,2023-01-31,2023-01-31,SUP-028,Summit Components,USA,Electronics,Connector Kit CK-8,Retail Operations,4.6,2297,10566.2,Net 45,True,False
PO-2023-00323,2023-01-03,2023-02-02,2023-02-02,SUP-032,Lotus Components,India,Electronics,Sensor Module SM-3,Corporate,20.81,291,6055.71,Net 30,True,False
PO-2023-00298,2023-01-03,2023-01-17,2023-01-17,SUP-032,Lotus Components,India,Electronics,Microcontroller MCU-9,Manufacturing,6.46,3231,20872.26,Net 45,True,False
PO-2023-00350,2023-01-03,2023-01-14,2023-01-14,SUP-022,Redwood Components,USA,Electronics,Power Supply Unit 450W,Manufacturing,61.25,136,8330.0,Net 30,True,False
PO-2023-00289,2023-01-03,2023-01-29,2023-01-29,SUP-036,Golden Dragon Components,China,Electronics,Connector Kit CK-8,Corporate,4.65,2099,9760.35,Net 30,True,False
PO-2023-00358,2023-01-03,2023-01-15,2023-01-21,SUP-029,Great Wall Components,China,Electronics,PCB Assembly A-11,Retail Operations,55.31,566,31305.46,Net 30,True,False
PO-2023-00306,2023-01-04,2023-01-11,2023-01-11,SUP-033,Busan Components,South Korea,Electronics,Sensor Module SM-3,Manufacturing,19.88,608,12087.04,Net 30,True,False
PO-2023-00354,2023-01-04,2023-01-26,2023-01-26,SUP-036,Golden Dragon Components,China,Electronics,Microcontroller MCU-9,Field Services,8.37,1604,13425.48,Net 30,True,False
PO-2023-00380,2023-01-05,2023-02-07,2023-02-27,SUP-029,Great Wall Components,China,Electronics,Connector Kit CK-8,R&D,3.9,2499,9746.1,Net 15,True,False
PO-2023-00311,2023-01-05,2023-02-03,2023-02-03,SUP-022,Redwood Components,USA,Electronics,PCB Assembly A-11,Field Services,43.8,522,22863.6,Net 15,False,False
PO-2023-00314,2023-01-05,2023-01-27,2023-01-27,SUP-022,Redwood Components,USA,Electronics,Power Supply Unit 450W,Field Services,57.94,140,8111.6,Net 45,True,False
PO-2023-00308,2023-01-05,2023-01-10,2023-01-10,SUP-025,Cascade Semitech,USA,Electronics,Sensor Module SM-3,Manufacturing,22.76,407,9263.32,Net 30,False,False
PO-2023-00384,2023-01-05,2023-01-25,2023-01-25,SUP-034,Pacific Rim Circuits,China,Electronics,Connector Kit CK-8,Manufacturing,4.3,4293,18459.9,Net 45,True,False
PO-2023-00325,2023-01-05,2023-01-26,2023-01-26,SUP-032,Lotus Components,India,Electronics,Connector Kit CK-8,Corporate,3.48,3173,11042.04,Net 30,True,False
PO-2023-00349,2023-01-05,2023-01-15,2023-01-15,SUP-025,Cascade Semitech,USA,Electronics,Connector Kit CK-8,R&D,4.55,4101,18659.55,Net 60,False,False
PO-2023-00270,2023-01-05,2023-01-19,2023-01-19,SUP-028,Summit Components,USA,Electronics,PCB Assembly A-11,Manufacturing,51.86,438,22714.68,Net 30,True,False
PO-2023-00283,2023-01-05,2023-01-15,2023-01-15,SUP-025,Cascade Semitech,USA,Electronics,PCB Assembly A-11,Corporate,51.69,209,10803.21,Net 30,True,False
PO-2023-00294,2023-01-05,2023-02-04,2023-02-04,SUP-036,Golden Dragon Components,China,Electronics,PCB Assembly A-11,Corporate,52.52,504,26470.08,Net 45,True,False
PO-2023-00297,2023-01-06,2023-02-01,2023-02-01,SUP-028,Summit Components,USA,Electronics,PCB Assembly A-11,Corporate,51.27,676,34658.52,Net 30,False,False
PO-2023-00282,2023-01-06,2023-02-07,2023-02-09,SUP-024,Sterling Components,USA,Electronics,Power Supply Unit 450W,Corporate,57.08,85,4851.8,Net 30,True,False
PO-2023-00303,2023-01-07,2023-01-13,2023-01-13,SUP-033,Busan Components,South Korea,Electronics,PCB Assembly A-11,Field Services,40.93,262,10723.66,Net 30,False,False
PO-2023-00309,2023-01-07,2023-01-12,2023-01-12,SUP-025,Cascade Semitech,USA,Electronics,Sensor Module SM-3,R&D,24.97,374,9338.78,Net 30,True,False
PO-2023-00372,2023-01-07,2023-01-13,2023-01-13,SUP-035,Pacific Rim Semitech,China,Electronics,Power Supply Unit 450W,Manufacturing,62.31,164,10218.84,Net 60,True,False
PO-2023-00287,2023-01-08,2023-02-09,2023-02-09,SUP-036,Golden Dragon Components,China,Electronics,Sensor Module SM-3,R&D,23.5,533,12525.5,Net 60,False,False
PO-2023-00276,2023-01-08,2023-02-09,2023-02-09,SUP-028,Summit Components,USA,Electronics,PCB Assembly A-11,Retail Operations,50.33,444,22346.52,Net 60,True,False
PO-2023-00381,2023-01-08,2023-01-14,2023-01-14,SUP-025,Cascade Semitech,USA,Electronics,Sensor Module SM-3,R&D,21.64,378,8179.92,Net 45,True,False
PO-2023-00348,2023-01-08,2023-01-21,2023-01-21,SUP-028,Summit Components,USA,Electronics,Microcontroller MCU-9,Retail Operations,7.69,1787,13742.03,Net 45,True,False
PO-2023-00339,2023-01-08,2023-02-07,2023-02-07,SUP-028,Summit Components,USA,Electronics,Power Supply Unit 450W,Corporate,67.16,199,13364.84,Net 45,True,False
PO-2023-00365,2023-01-09,2023-01-22,2023-01-22,SUP-024,Sterling Components,USA,Electronics,Power Supply Unit 450W,R&D,64.36,179,11520.44,Net 30,True,False
PO-2023-00341,2023-01-10,2023-02-08,2023-02-08,SUP-036,Golden Dragon Components,China,Electronics,Connector Kit CK-8,Manufacturing,4.57,4135,18896.95,Net 30,True,False
PO-2023-00318,2023-01-10,2023-02-12,2023-02-12,SUP-032,Lotus Components,India,Electronics,PCB Assembly A-11,R&D,44.9,832,37356.8,Net 45,True,False
PO-2023-00315,2023-01-10,2023-01-25,2023-01-25,SUP-025,Cascade Semitech,USA,Electronics,PCB Assembly A-11,Field Services,49.13,644,31639.72,Net 45,True,False
PO-2023-00281,2023-01-10,2023-02-07,2023-02-07,SUP-024,Sterling Components,USA,Electronics,Microcontroller MCU-9,Retail Operations,7.41,3363,24919.83,Net 60,True,False
PO-2023-00272,2023-01-11,2023-01-18,2023-01-18,SUP-022,Redwood Components,USA,Electronics,Sensor Module SM-3,R&D,21.82,538,11739.16,Net 45,True,False
PO-2023-00275,2023-01-12,2023-01-23,2023-02-15,SUP-029,Great Wall Components,China,Electronics,Sensor Module SM-3,Corporate,27.62,456,12594.72,Net 30,True,True
PO-2023-00274,2023-01-13,2023-01-22,2023-01-22,SUP-024,Sterling Components,USA,Electronics,Power Supply Unit 450W,R&D,63.39,252,15974.28,Net 30,False,False
PO-2023-00360,2023-01-13,2023-02-11,2023-02-11,SUP-026,Great Wall Circuits,China,Electronics,Connector Kit CK-8,Retail Operations,4.64,2314,10736.96,Net 60,True,False
PO-2023-00329,2023-01-13,2023-01-27,2023-01-27,SUP-028,Summit Components,USA,Electronics,Sensor Module SM-3,Retail Operations,22.27,237,5277.99,Net 45,True,False
PO-2023-00344,2023-01-13,2023-01-26,2023-01-26,SUP-034,Pacific Rim Circuits,China,Electronics,Microcontroller MCU-9,Corporate,7.36,1592,11717.12,Net 60,True,False
PO-2023-00373,2023-01-13,2023-02-05,2023-02-07,SUP-032,Lotus Components,India,Electronics,Sensor Module SM-3,Corporate,19.7,497,9790.9,Net 15,True,False
PO-2023-00366,2023-01-14,2023-02-11,2023-02-11,SUP-036,Golden Dragon Components,China,Electronics,PCB Assembly A-11,Retail Operations,52.04,311,16184.44,Net 45,True,False
PO-2023-00285,2023-01-15,2023-02-07,2023-02-07,SUP-032,Lotus Components,India,Electronics,Sensor Module SM-3,Retail Operations,19.3,496,9572.8,Net 30,True,False
PO-2023-00334,2023-01-15,2023-01-28,2023-01-28,SUP-025,Cascade Semitech,USA,Electronics,Power Supply Unit 450W,R&D,68.42,191,13068.22,Net 45,True,False
PO-2023-00299,2023-01-15,2023-01-25,2023-01-25,SUP-036,Golden Dragon Components,China,Electronics,PCB Assembly A-11,Manufacturing,51.54,314,16183.56,Net 30,True,False
PO-2023-00312,2023-01-15,2023-01-28,2023-01-30,SUP-033,Busan Components,South Korea,Electronics,Power Supply Unit 450W,Corporate,55.84,116,6477.44,Net 30,True,False
PO-2023-00363,2023-01-15,2023-01-25,2023-01-28,SUP-028,Summit Components,USA,Electronics,Sensor Module SM-3,Corporate,23.76,551,13091.76,Net 30,True,False
PO-2023-00290,2023-01-15,2023-01-29,2023-01-29,SUP-025,Cascade Semitech,USA,Electronics,Microcontroller MCU-9,Retail Operations,7.47,2042,15253.74,Net 30,True,False
PO-2023-00310,2023-01-16,2023-01-22,2023-01-22,SUP-034,Pacific Rim Circuits,China,Electronics,Power Supply Unit 450W,Corporate,58.06,208,12076.48,Net 45,True,False
PO-2023-00321,2023-01-16,2023-02-17,2023-02-17,SUP-028,Summit Components,USA,Electronics,PCB Assembly A-11,Field Services,50.21,305,15314.05,Net 45,False,False
PO-2023-00278,2023-01-16,2023-01-29,2023-01-31,SUP-025,Cascade Semitech,USA,Electronics,Sensor Module SM-3,Corporate,24.84,734,18232.56,Net 30,True,False
PO-2023-00277,2023-01-16,2023-01-23,2023-01-26,SUP-029,Great Wall Components,China,Electronics,Connector Kit CK-8,R&D,4.07,3272,13317.04,Net 30,False,False
PO-2023-00370,2023-01-16,2023-02-13,2023-02-13,SUP-033,Busan Components,South Korea,Electronics,Power Supply Unit 450W,Manufacturing,56.65,142,8044.3,Net 30,True,False
PO-2023-00302,2023-01-16,2023-02-06,2023-02-06,SUP-032,Lotus Components,India,Electronics,Connector Kit CK-8,Manufacturing,3.68,3658,13461.44,Net 45,True,False
PO-2023-00368,2023-01-16,2023-02-15,2023-02-15,SUP-034,Pacific Rim Circuits,China,Electronics,Sensor Module SM-3,Manufacturing,21.89,453,9916.17,Net 30,True,False
PO-2023-00352,2023-01-17,2023-01-28,2023-01-28,SUP-036,Golden Dragon Components,China,Electronics,Microcontroller MCU-9,Retail Operations,7.91,3186,25201.26,Net 30,True,False
PO-2023-00332,2023-01-17,2023-02-09,2023-02-09,SUP-022,Redwood Components,USA,Electronics,Power Supply Unit 450W,Corporate,59.14,131,7747.34,Net 30,True,False
PO-2023-00317,2023-01-17,2023-01-23,2023-01-23,SUP-022,Redwood Components,USA,Electronics,PCB Assembly A-11,Retail Operations,47.94,461,22100.34,Net 45,True,False
PO-2023-00340,2023-01-17,2023-02-18,2023-02-18,SUP-034,Pacific Rim Circuits,China,Electronics,Microcontroller MCU-9,Manufacturing,6.49,2305,14959.45,Net 15,True,False
PO-2023-00305,2023-01-18,2023-02-16,2023-03-05,SUP-029,Great Wall Components,China,Electronics,Sensor Module SM-3,Retail Operations,26.83,535,14354.05,Net 30,False,True
PO-2023-00364,2023-01-18,2023-01-29,2023-01-29,SUP-032,Lotus Components,India,Electronics,Microcontroller MCU-9,Retail Operations,6.45,2352,15170.4,Net 30,True,False
PO-2023-00369,2023-01-20,2023-02-14,2023-02-14,SUP-032,Lotus Components,India,Electronics,Connector Kit CK-8,Manufacturing,3.52,3548,12488.96,Net 45,True,False
PO-2023-00374,2023-01-20,2023-02-12,2023-02-12,SUP-026,Great Wall Circuits,China,Electronics,Microcontroller MCU-9,Corporate,7.89,4949,39047.61,Net 45,True,False
PO-2023-00271,2023-01-20,2023-02-18,2023-02-18,SUP-029,Great Wall Components,China,Electronics,Microcontroller MCU-9,Corporate,6.52,102,665.04,Net 30,True,True
PO-2023-00307,2023-01-20,2023-02-15,2023-02-15,SUP-028,Summit Components,USA,Electronics,PCB Assembly A-11,Corporate,52.78,712,37579.36,Net 45,True,False
PO-2023-00343,2023-01-20,2023-02-17,2023-02-17,SUP-025,Cascade Semitech,USA,Electronics,Sensor Module SM-3,Field Services,23.13,877,20285.01,Net 60,True,False
PO-2023-00351,2023-01-21,2023-02-17,2023-02-18,SUP-025,Cascade Semitech,USA,Electronics,Connector Kit CK-8,Retail Operations,4.0,2821,11284.0,Net 30,True,False
PO-2023-00292,2023-01-21,2023-02-15,2023-02-15,SUP-028,Summit Components,USA,Electronics,PCB Assembly A-11,Manufacturing,54.6,482,26317.2,Net 30,True,False
PO-2023-00362,2023-01-21,2023-02-12,2023-02-12,SUP-025,Cascade Semitech,USA,Electronics,Connector Kit CK-8,Field Services,4.17,4435,18493.95,Net 30,True,False
PO-2023-00279,2023-01-21,2023-01-31,2023-01-31,SUP-022,Redwood Components,USA,Electronics,Microcontroller MCU-9,Manufacturing,7.62,3217,24513.54,Net 60,True,False
PO-2023-00367,2023-01-21,2023-02-19,2023-03-10,SUP-029,Great Wall Components,China,Electronics,Connector Kit CK-8,Field Services,4.44,5757,25561.08,Net 30,True,True
PO-2023-00379,2023-01-21,2023-02-09,2023-02-10,SUP-022,Redwood Components,USA,Electronics,Power Supply Unit 450W,R&D,53.9,100,5390.0,Net 30,True,False
PO-2023-00330,2023-01-22,2023-02-08,2023-02-08,SUP-024,Sterling Components,USA,Electronics,Power Supply Unit 450W,Corporate,57.61,124,7143.64,Net 60,True,False
PO-2023-00383,2023-01-23,2023-02-21,2023-02-21,SUP-034,Pacific Rim Circuits,China,Electronics,PCB Assembly A-11,R&D,47.41,365,17304.65,Net 60,True,False
PO-2023-00338,2023-01-23,2023-02-13,2023-02-13,SUP-028,Summit Components,USA,Electronics,PCB Assembly A-11,R&D,50.29,202,10158.58,Net 30,True,False
PO-2023-00382,2023-01-23,2023-02-12,2023-02-12,SUP-032,Lotus Components,India,Electronics,PCB Assembly A-11,Field Services,44.91,32,1437.12,Net 30,False,False
PO-2023-00296,2023-01-23,2023-02-16,2023-02-16,SUP-036,Golden Dragon Components,China,Electronics,Sensor Module SM-3,Corporate,24.96,459,11456.64,Net 30,True,False
PO-2023-00284,2023-01-23,2023-02-16,2023-02-16,SUP-036,Golden Dragon Components,China,Electronics,Sensor Module SM-3,Corporate,25.42,702,17844.84,Net 45,True,False
PO-2023-00295,2023-01-24,2023-02-09,2023-02-09,SUP-025,Cascade Semitech,USA,Electronics,Power Supply Unit 450W,R&D,65.04,178,11577.12,Net 15,True,False
PO-2023-00346,2023-01-24,2023-01-29,2023-01-29,SUP-036,Golden Dragon Components,China,Electronics,Power Supply Unit 450W,Corporate,64.46,66,4254.36,Net 45,True,False
PO-2023-00345,2023-01-24,2023-02-24,2023-02-24,SUP-025,Cascade Semitech,USA,Electronics,PCB Assembly A-11,Manufacturing,50.84,357,18149.88,Net 15,True,False
PO-2023-00273,2023-01-24,2023-02-26,2023-02-26,SUP-025,Cascade Semitech,USA,Electronics,Sensor Module SM-3,R&D,22.15,758,16789.7,Net 30,True,False
PO-2023-00356,2023-01-24,2023-01-31,2023-02-01,SUP-032,Lotus Components,India,Electronics,Power Supply Unit 450W,Retail Operations,60.13,77,4630.01,Net 30,True,False
PO-2023-00357,2023-01-25,2023-02-15,2023-02-15,SUP-025,Cascade Semitech,USA,Electronics,PCB Assembly A-11,R&D,49.95,490,24475.5,Net 60,True,False
PO-2023-00361,2023-01-25,2023-02-22,2023-02-24,SUP-032,Lotus Components,India,Electronics,Connector Kit CK-8,R&D,3.43,1366,4685.38,Net 45,True,False
PO-2023-00286,2023-01-25,2023-02-12,2023-02-12,SUP-032,Lotus Components,India,Electronics,PCB Assembly A-11,Retail Operations,44.94,269,12088.86,Net 30,True,False
PO-2023-00301,2023-01-25,2023-02-07,2023-02-07,SUP-036,Golden Dragon Components,China,Electronics,Connector Kit CK-8,Retail Operations,4.16,4117,17126.72,Net 15,True,False
PO-2023-00327,2023-01-26,2023-02-16,2023-02-16,SUP-032,Lotus Components,India,Electronics,Microcontroller MCU-9,Corporate,6.36,1967,12510.12,Net 30,True,False
PO-2023-00378,2023-01-26,2023-01-31,2023-01-31,SUP-025,Cascade Semitech,USA,Electronics,Sensor Module SM-3,Corporate,23.96,828,19838.88,Net 45,True,False
PO-2023-00320,2023-01-27,2023-02-28,2023-02-28,SUP-032,Lotus Components,India,Electronics,Connector Kit CK-8,Field Services,3.77,1313,4950.01,Net 45,True,False
PO-2023-00316,2023-01-27,2023-02-18,2023-02-18,SUP-033,Busan Components,South Korea,Electronics,Microcontroller MCU-9,Corporate,6.76,2144,14493.44,Net 60,True,False
PO-2023-00377,2023-01-27,2023-02-12,2023-02-12,SUP-022,Redwood Components,USA,Electronics,Power Supply Unit 450W,Retail Operations,61.9,198,12256.2,Net 45,True,False
PO-2023-00335,2023-01-27,2023-02-06,2023-02-06,SUP-034,Pacific Rim Circuits,China,Electronics,Connector Kit CK-8,Field Services,4.0,3105,12420.0,Net 45,True,False
PO-2023-00313,2023-01-28,2023-02-17,2023-02-17,SUP-036,Golden Dragon Components,China,Electronics,Power Supply Unit 450W,Retail Operations,70.12,124,8694.88,Net 60,True,False
PO-2023-00326,2023-01-28,2023-02-12,2023-02-12,SUP-035,Pacific Rim Semitech,China,Electronics,Microcontroller MCU-9,Corporate,7.11,2252,16011.72,Net 45,True,False
PO-2023-00342,2023-01-28,2023-02-15,2023-02-16,SUP-035,Pacific Rim Semitech,China,Electronics,Sensor Module SM-3,Retail Operations,22.17,650,14410.5,Net 60,True,False
PO-2023-00324,2023-01-28,2023-02-28,2023-02-28,SUP-025,Cascade Semitech,USA,Electronics,PCB Assembly A-11,Field Services,50.98,515,26254.7,Net 30,False,False
PO-2023-00376,2023-01-28,2023-02-17,2023-02-17,SUP-032,Lotus Components,India,Electronics,Sensor Module SM-3,R&D,18.95,683,12942.85,Net 30,True,False
PO-2023-00359,2023-01-28,2023-02-24,2023-02-28,SUP-028,Summit Components,USA,Electronics,Microcontroller MCU-9,Field Services,7.75,2444,18941.0,Net 45,True,False
PO-2023-00353,2023-01-29,2023-03-02,2023-03-02,SUP-034,Pacific Rim Circuits,China,Electronics,Connector Kit CK-8,Corporate,4.15,3585,14877.75,Net 30,True,False
PO-2023-00355,2023-01-29,2023-02-20,2023-02-25,SUP-024,Sterling Components,USA,Electronics,Sensor Module SM-3,Field Services,23.77,520,12360.4,Net 30,True,False
PO-2023-00331,2023-01-29,2023-02-19,2023-02-19,SUP-025,Cascade Semitech,USA,Electronics,Power Supply Unit 450W,Corporate,65.1,237,15428.7,Net 60,False,False
PO-2023-00319,2023-01-30,2023-03-04,2023-03-04,SUP-033,Busan Components,South Korea,Electronics,Microcontroller MCU-9,Corporate,6.64,2347,15584.08,Net 45,False,False
PO-2023-00322,2023-01-31,2023-02-09,2023-02-09,SUP-033,Busan Components,South Korea,Electronics,Power Supply Unit 450W,R&D,54.3,137,7439.1,Net 30,True,False
PO-2023-00304,2023-01-31,2023-02-27,2023-02-27,SUP-025,Cascade Semitech,USA,Electronics,Microcontroller MCU-9,Manufacturing,7.0,2398,16786.0,Net 45,True,False
PO-2023-00333,2023-01-31,2023-02-22,2023-02-22,SUP-036,Golden Dragon Components,China,Electronics,Microcontroller MCU-9,Retail Operations,7.67,2399,18400.33,Net 45,True,False
PO-2023-00336,2023-01-31,2023-02-17,2023-02-17,SUP-025,Cascade Semitech,USA,Electronics,PCB Assembly A-11,R&D,52.53,353,18543.09,Net 45,False,False
PO-2023-00375,2023-01-31,2023-02-06,2023-02-06,SUP-024,Sterling Components,USA,Electronics,Microcontroller MCU-9,R&D,7.16,2344,16783.04,Net 15,True,False
PO-2023-01339,2023-02-01,2023-02-12,2023-02-12,SUP-032,Lotus Components,India,Electronics,Connector Kit CK-8,Corporate,3.69,2959,10918.71,Net 30,True,False
PO-2023-01235,2023-02-01,2023-02-28,2023-02-28,SUP-022,Redwood Components,USA,Electronics,Connector Kit CK-8,R&D,3.97,4670,18539.9,Net 30,True,False
PO-2023-01303,2023-02-01,2023-02-20,2023-02-20,SUP-022,Redwood Components,USA,Electronics,Connector Kit CK-8,Manufacturing,3.9,3946,15389.4,Net 45,True,False
PO-2023-01284,2023-02-01,2023-02-24,2023-02-24,SUP-035,Pacific Rim Semitech,China,Electronics,PCB Assembly A-11,Manufacturing,48.12,170,8180.4,Net 30,True,False
PO-2023-01237,2023-02-01,2023-02-26,2023-02-26,SUP-022,Redwood Components,USA,Electronics,PCB Assembly A-11,Manufacturing,47.52,386,18342.72,Net 45,True,False
PO-2023-01233,2023-02-01,2023-02-09,2023-02-09,SUP-024,Sterling Components,USA,Electronics,Microcontroller MCU-9,Corporate,7.09,2823,20015.07,Net 30,True,False
PO-2023-01218,2023-02-01,2023-02-21,2023-02-21,SUP-034,Pacific Rim Circuits,China,Electronics,Microcontroller MCU-9,Manufacturing,6.77,2295,15537.15,Net 15,True,False
PO-2023-01266,2023-02-02,2023-03-06,2023-03-06,SUP-036,Golden Dragon Components,China,Electronics,Microcontroller MCU-9,Retail Operations,8.12,4001,32488.12,Net 45,False,False
PO-2023-01286,2023-02-02,2023-03-05,2023-03-05,SUP-028,Summit Components,USA,Electronics,Connector Kit CK-8,Retail Operations,4.19,3073,12875.87,Net 45,True,False
PO-2023-01215,2023-02-02,2023-02-18,2023-02-20,SUP-029,Great Wall Components,China,Electronics,PCB Assembly A-11,Corporate,43.73,395,17273.35,Net 60,True,False
PO-2023-01321,2023-02-03,2023-03-04,2023-03-04,SUP-022,Redwood Components,USA,Electronics,Power Supply Unit 450W,Retail Operations,54.97,149,8190.53,Net 30,True,False
PO-2023-01265,2023-02-03,2023-02-21,2023-03-02,SUP-029,Great Wall Components,China,Electronics,Microcontroller MCU-9,R&D,8.93,1979,17672.47,Net 15,False,True
PO-2023-01240,2023-02-03,2023-02-23,2023-03-14,SUP-029,Great Wall Components,China,Electronics,Sensor Module SM-3,Field Services,19.74,425,8389.5,Net 45,True,False
PO-2023-01268,2023-02-04,2023-02-13,2023-02-13,SUP-025,Cascade Semitech,USA,Electronics,PCB Assembly A-11,Retail Operations,48.5,525,25462.5,Net 30,True,False
PO-2023-01302,2023-02-04,2023-02-20,2023-02-20,SUP-034,Pacific Rim Circuits,China,Electronics,Connector Kit CK-8,Corporate,4.3,4120,17716.0,Net 30,True,False
PO-2023-01319,2023-02-04,2023-02-23,2023-02-23,SUP-034,Pacific Rim Circuits,China,Electronics,Sensor Module SM-3,Field Services,22.68,446,10115.28,Net 60,False,False
PO-2023-01349,2023-02-04,2023-02-12,2023-02-12,SUP-032,Lotus Components,India,Electronics,Microcontroller MCU-9,Retail Operations,6.16,1185,7299.6,Net 45,True,False
PO-2023-01298,2023-02-05,2023-02-14,2023-02-14,SUP-025,Cascade Semitech,USA,Electronics,Connector Kit CK-8,R&D,4.07,3829,15584.03,Net 30,True,False
PO-2023-01223,2023-02-05,2023-03-01,2023-03-01,SUP-022,Redwood Components,USA,Electronics,Power Supply Unit 450W,Corporate,58.54,174,10185.96,Net 45,True,False
PO-2023-01253,2023-02-05,2023-03-07,2023-03-07,SUP-023,Schwarzwald Circuits,Germany,Electronics,Power Supply Unit 450W,R&D,57.74,143,8256.82,Net 15,True,False
PO-2023-01313,2023-02-06,2023-02-22,2023-02-23,SUP-033,Busan Components,South Korea,Electronics,Sensor Module SM-3,Manufacturing,21.88,1036,22667.68,Net 30,True,False
PO-2023-01260,2023-02-06,2023-02-20,2023-02-20,SUP-032,Lotus Components,India,Electronics,Sensor Module SM-3,Manufacturing,20.84,904,18839.36,Net 30,True,False
PO-2023-01272,2023-02-06,2023-02-24,2023-02-25,SUP-022,Redwood Components,USA,Electronics,Sensor Module SM-3,Field Services,22.35,237,5296.95,Net 30,False,False
PO-2023-01234,2023-02-06,2023-02-28,2023-02-28,SUP-033,Busan Components,South Korea,Electronics,Connector Kit CK-8,Manufacturing,3.82,3896,14882.72,Net 45,True,False
PO-2023-01347,2023-02-06,2023-02-23,2023-02-23,SUP-033,Busan Components,South Korea,Electronics,Power Supply Unit 450W,Corporate,54.99,139,7643.61,Net 30,True,False
PO-2023-01346,2023-02-06,2023-03-11,2023-03-11,SUP-028,Summit Components,USA,Electronics,Sensor Module SM-3,Retail Operations,22.65,712,16126.8,Net 45,True,False
PO-2023-01331,2023-02-06,2023-02-20,2023-02-20,SUP-034,Pacific Rim Circuits,China,Electronics,Power Supply Unit 450W,R&D,59.44,193,11471.92,Net 30,True,False
PO-2023-01221,2023-02-06,2023-02-28,2023-02-28,SUP-025,Cascade Semitech,USA,Electronics,Power Supply Unit 450W,Field Services,66.54,127,8450.58,Net 30,True,False
PO-2023-01213,2023-02-07,2023-02-19,2023-02-19,SUP-034,Pacific Rim Circuits,China,Electronics,PCB Assembly A-11,Field Services,49.52,498,24660.96,Net 45,True,False
PO-2023-01248,2023-02-07,2023-03-02,2023-03-02,SUP-034,Pacific Rim Circuits,China,Electronics,PCB Assembly A-11,Field Services,51.23,391,20030.93,Net 30,False,False
PO-2023-01330,2023-02-07,2023-02-23,2023-02-23,SUP-024,Sterling Components,USA,Electronics,PCB Assembly A-11,Manufacturing,48.44,367,17777.48,Net 45,True,False
PO-2023-01350,2023-02-07,2023-03-12,2023-03-12,SUP-034,Pacific Rim Circuits,China,Electronics,Sensor Module SM-3,Field Services,23.56,623,14677.88,Net 45,True,False
PO-2023-01352,2023-02-07,2023-02-19,2023-02-19,SUP-028,Summit Components,USA,Electronics,Microcontroller MCU-9,Retail Operations,7.54,636,4795.44,Net 45,True,False
PO-2023-01329,2023-02-08,2023-03-04,2023-03-04,SUP-032,Lotus Components,India,Electronics,Power Supply Unit 450W,Retail Operations,53.58,192,10287.36,Net 45,True,False
PO-2023-01322,2023-02-08,2023-02-20,2023-02-20,SUP-028,Summit Components,USA,Electronics,Sensor Module SM-3,Retail Operations,24.62,194,4776.28,Net 45,True,False
PO-2023-01219,2023-02-08,2023-03-14,2023-03-14,SUP-034,Pacific Rim Circuits,China,Electronics,Sensor Module SM-3,Manufacturing,21.58,827,17846.66,Net 45,True,False
PO-2023-01274,2023-02-08,2023-03-11,2023-03-11,SUP-033,Busan Components,South Korea,Electronics,PCB Assembly A-11,Manufacturing,41.93,308,12914.44,Net 30,True,False
PO-2023-01289,2023-02-08,2023-03-07,2023-03-07,SUP-028,Summit Components,USA,Electronics,Power Supply Unit 450W,Manufacturing,63.95,102,6522.9,Net 30,True,False
PO-2023-01312,2023-02-08,2023-03-02,2023-03-02,SUP-022,Redwood Components,USA,Electronics,Power Supply Unit 450W,Corporate,59.37,148,8786.76,Net 30,True,False
PO-2023-01278,2023-02-09,2023-02-19,2023-03-01,SUP-029,Great Wall Components,China,Electronics,Power Supply Unit 450W,Retail Operations,62.0,132,8184.0,Net 30,True,False
PO-2023-01317,2023-02-09,2023-03-15,2023-03-15,SUP-025,Cascade Semitech,USA,Electronics,PCB Assembly A-11,Manufacturing,51.9,416,21590.4,Net 45,True,False
PO-2023-01252,2023-02-09,2023-02-22,2023-02-22,SUP-022,Redwood Components,USA,Electronics,PCB Assembly A-11,Manufacturing,46.64,238,11100.32,Net 60,True,False
PO-2023-01245,2023-02-10,2023-03-02,2023-03-02,SUP-033,Busan Components,South Korea,Electronics,Power Supply Unit 450W,Corporate,56.99,128,7294.72,Net 30,True,False
PO-2023-01327,2023-02-10,2023-03-12,2023-03-12,SUP-028,Summit Components,USA,Electronics,PCB Assembly A-11,Manufacturing,48.17,412,19846.04,Net 45,True,False
PO-2023-01345,2023-02-10,2023-02-18,2023-02-18,SUP-028,Summit Components,USA,Electronics,Power Supply Unit 450W,Manufacturing,65.63,157,10303.91,Net 30,True,False
PO-2023-01285,2023-02-10,2023-03-05,2023-03-05,SUP-028,Summit Components,USA,Electronics,Power Supply Unit 450W,Manufacturing,63.99,260,16637.4,Net 30,True,False
PO-2023-01256,2023-02-11,2023-03-07,2023-03-07,SUP-025,Cascade Semitech,USA,Electronics,PCB Assembly A-11,Corporate,50.39,255,12849.45,Net 30,True,False
PO-2023-01323,2023-02-11,2023-03-07,2023-03-07,SUP-034,Pacific Rim Circuits,China,Electronics,PCB Assembly A-11,Field Services,46.82,468,21911.76,Net 60,False,False
PO-2023-01257,2023-02-11,2023-03-06,2023-03-06,SUP-034,Pacific Rim Circuits,China,Electronics,Microcontroller MCU-9,Retail Operations,7.16,3439,24623.24,Net 30,True,False
PO-2023-01304,2023-02-11,2023-02-28,2023-02-28,SUP-036,Golden Dragon Components,China,Electronics,Power Supply Unit 450W,Manufacturing,69.76,43,2999.68,Net 30,True,False
PO-2023-01225,2023-02-11,2023-02-24,2023-02-24,SUP-022,Redwood Components,USA,Electronics,Connector Kit CK-8,Manufacturing,4.28,3581,15326.68,Net 30,True,False
PO-2023-01290,2023-02-11,2023-02-20,2023-02-20,SUP-025,Cascade Semitech,USA,Electronics,Power Supply Unit 450W,R&D,62.94,127,7993.38,Net 30,False,False
PO-2023-01220,2023-02-12,2023-02-27,2023-02-27,SUP-028,Summit Components,USA,Electronics,Power Supply Unit 450W,Field Services,61.32,176,10792.32,Net 30,True,False
PO-2023-01232,2023-02-12,2023-02-25,2023-02-25,SUP-028,Summit Components,USA,Electronics,Power Supply Unit 450W,R&D,63.3,176,11140.8,Net 60,True,False
PO-2023-01259,2023-02-12,2023-02-22,2023-02-22,SUP-034,Pacific Rim Circuits,China,Electronics,Sensor Module SM-3,Field Services,22.89,333,7622.37,Net 45,False,False
PO-2023-01242,2023-02-12,2023-03-08,2023-03-08,SUP-032,Lotus Components,India,Electronics,Sensor Module SM-3,Field Services,20.75,463,9607.25,Net 30,False,False
PO-2023-01332,2023-02-12,2023-02-19,2023-02-19,SUP-032,Lotus Components,India,Electronics,Sensor Module SM-3,R&D,19.97,712,14218.64,Net 30,True,False
PO-2023-01348,2023-02-12,2023-02-19,2023-02-19,SUP-028,Summit Components,USA,Electronics,Sensor Module SM-3,Field Services,24.07,976,23492.32,Net 30,False,False
PO-2023-01281,2023-02-12,2023-03-11,2023-03-22,SUP-029,Great Wall Components,China,Electronics,Connector Kit CK-8,Field Services,4.81,3123,15021.63,Net 30,False,False
PO-2023-01337,2023-02-12,2023-03-04,2023-03-08,SUP-036,Golden Dragon Components,China,Electronics,Microcontroller MCU-9,Field Services,7.87,2616,20587.92,Net 45,True,False
PO-2023-01307,2023-02-13,2023-02-22,2023-02-22,SUP-033,Busan Components,South Korea,Electronics,Connector Kit CK-8,Manufacturing,3.83,1794,6871.02,Net 30,True,False
PO-2023-01258,2023-02-13,2023-03-19,2023-03-19,SUP-034,Pacific Rim Circuits,China,Electronics,Connector Kit CK-8,Manufacturing,4.11,2856,11738.16,Net 45,True,False
PO-2023-01283,2023-02-13,2023-03-05,2023-03-05,SUP-032,Lotus Components,India,Electronics,PCB Assembly A-11,R&D,46.68,682,31835.76,Net 30,True,False
PO-2023-01255,2023-02-13,2023-03-12,2023-03-12,SUP-022,Redwood Components,USA,Electronics,PCB Assembly A-11,R&D,48.23,342,16494.66,Net 60,True,False
PO-2023-01351,2023-02-13,2023-03-11,2023-03-11,SUP-036,Golden Dragon Components,China,Electronics,Sensor Module SM-3,Manufacturing,23.71,383,9080.93,Net 30,True,False
PO-2023-01246,2023-02-14,2023-02-28,2023-02-28,SUP-028,Summit Components,USA,Electronics,Microcontroller MCU-9,R&D,7.74,3059,23676.66,Net 60,True,False
PO-2023-01239,2023-02-14,2023-02-27,2023-02-27,SUP-022,Redwood Components,USA,Electronics,Power Supply Unit 450W,R&D,59.71,169,10090.99,Net 45,True,False
PO-2023-01291,2023-02-14,2023-03-01,2023-03-01,SUP-036,Golden Dragon Components,China,Electronics,Power Supply Unit 450W,Manufacturing,60.85,125,7606.25,Net 30,True,False
PO-2023-01216,2023-02-14,2023-02-23,2023-02-23,SUP-028,Summit Components,USA,Electronics,Microcontroller MCU-9,Field Services,7.66,2314,17725.24,Net 45,True,False
PO-2023-01344,2023-02-14,2023-03-03,2023-03-03,SUP-025,Cascade Semitech,USA,Electronics,Power Supply Unit 450W,Field Services,64.28,158,10156.24,Net 60,False,False
PO-2023-01320,2023-02-15,2023-03-12,2023-03-12,SUP-034,Pacific Rim Circuits,China,Electronics,Power Supply Unit 450W,Field Services,58.8,117,6879.6,Net 30,True,False
PO-2023-01229,2023-02-15,2023-03-21,2023-03-26,SUP-029,Great Wall Components,China,Electronics,Microcontroller MCU-9,R&D,6.48,1805,11696.4,Net 45,False,False
PO-2023-01267,2023-02-15,2023-03-10,2023-03-10,SUP-035,Pacific Rim Semitech,China,Electronics,Microcontroller MCU-9,R&D,7.27,1149,8353.23,Net 60,True,False
PO-2023-01226,2023-02-15,2023-03-17,2023-03-17,SUP-034,Pacific Rim Circuits,China,Electronics,PCB Assembly A-11,Field Services,50.61,328,16600.08,Net 30,True,False
PO-2023-01292,2023-02-15,2023-02-26,2023-02-26,SUP-032,Lotus Components,India,Electronics,Sensor Module SM-3,Manufacturing,20.22,613,12394.86,Net 30,True,False
PO-2023-01294,2023-02-16,2023-02-27,2023-02-27,SUP-025,Cascade Semitech,USA,Electronics,Connector Kit CK-8,Corporate,4.32,2373,10251.36,Net 45,True,False
PO-2023-01279,2023-02-16,2023-03-14,2023-03-14,SUP-028,Summit Components,USA,Electronics,PCB Assembly A-11,Field Services,52.4,550,28820.0,Net 30,True,False
PO-2023-01262,2023-02-16,2023-03-02,2023-03-02,SUP-024,Sterling Components,USA,Electronics,Power Supply Unit 450W,Field Services,59.01,106,6255.06,Net 60,False,False
PO-2023-01236,2023-02-16,2023-02-21,2023-02-21,SUP-025,Cascade Semitech,USA,Electronics,Microcontroller MCU-9,Retail Operations,7.46,4111,30668.06,Net 45,True,False
PO-2023-01311,2023-02-16,2023-02-28,2023-02-28,SUP-022,Redwood Components,USA,Electronics,PCB Assembly A-11,Corporate,45.95,334,15347.3,Net 30,True,False
PO-2023-01282,2023-02-17,2023-02-23,2023-02-23,SUP-028,Summit Components,USA,Electronics,Connector Kit CK-8,R&D,4.41,2787,12290.67,Net 60,True,False
PO-2023-01270,2023-02-17,2023-03-15,2023-03-15,SUP-024,Sterling Components,USA,Electronics,Sensor Module SM-3,Field Services,23.45,553,12967.85,Net 30,True,False
PO-2023-01254,2023-02-17,2023-03-07,2023-03-07,SUP-022,Redwood Components,USA,Electronics,Sensor Module SM-3,Field Services,19.18,378,7250.04,Net 30,True,False
PO-2023-01341,2023-02-18,2023-03-16,2023-03-30,SUP-029,Great Wall Components,China,Electronics,Power Supply Unit 450W,Retail Operations,65.58,159,10427.22,Net 30,True,False
PO-2023-01264,2023-02-18,2023-03-05,2023-03-05,SUP-026,Great Wall Circuits,China,Electronics,Connector Kit CK-8,R&D,4.37,2330,10182.1,Net 60,True,False
PO-2023-01280,2023-02-18,2023-03-21,2023-04-08,SUP-029,Great Wall Components,China,Electronics,Microcontroller MCU-9,Corporate,7.65,1854,14183.1,Net 45,True,False
PO-2023-01325,2023-02-18,2023-03-09,2023-03-10,SUP-033,Busan Components,South Korea,Electronics,Microcontroller MCU-9,Corporate,5.99,2254,13501.46,Net 30,True,False
PO-2023-01276,2023-02-19,2023-02-27,2023-02-27,SUP-022,Redwood Components,USA,Electronics,Power Supply Unit 450W,Field Services,63.5,89,5651.5,Net 45,True,False
PO-2023-01308,2023-02-19,2023-03-08,2023-03-08,SUP-034,Pacific Rim Circuits,China,Electronics,Power Supply Unit 450W,Corporate,60.28,262,15793.36,Net 30,True,False
PO-2023-01334,2023-02-19,2023-03-06,2023-03-06,SUP-033,Busan Components,South Korea,Electronics,Microcontroller MCU-9,Field Services,6.58,1985,13061.3,Net 15,True,False
PO-2023-01295,2023-02-19,2023-03-08,2023-03-08,SUP-028,Summit Components,USA,Electronics,Power Supply Unit 450W,Corporate,65.6,151,9905.6,Net 45,True,False
PO-2023-01293,2023-02-19,2023-02-26,2023-02-26,SUP-024,Sterling Components,USA,Electronics,Power Supply Unit 450W,Field Services,65.05,171,11123.55,Net 45,True,False
PO-2023-01263,2023-02-19,2023-03-06,2023-03-06,SUP-033,Busan Components,South Korea,Electronics,Connector Kit CK-8,Corporate,3.75,3523,13211.25,Net 45,True,False
PO-2023-01300,2023-02-19,2023-03-06,2023-03-06,SUP-028,Summit Components,USA,Electronics,Power Supply Unit 450W,Manufacturing,66.55,116,7719.8,Net 15,True,False
PO-2023-01275,2023-02-20,2023-03-15,2023-03-15,SUP-028,Summit Components,USA,Electronics,Sensor Module SM-3,Corporate,23.65,1136,26866.4,Net 30,True,False
PO-2023-01269,2023-02-20,2023-03-21,2023-03-21,SUP-033,Busan Components,South Korea,Electronics,Sensor Module SM-3,R&D,19.86,485,9632.1,Net 45,True,False
PO-2023-01249,2023-02-20,2023-03-15,2023-03-15,SUP-034,Pacific Rim Circuits,China,Electronics,Sensor Module SM-3,Retail Operations,22.42,372,8340.24,Net 15,True,False
PO-2023-01251,2023-02-20,2023-03-01,2023-03-01,SUP-028,Summit Components,USA,Electronics,Power Supply Unit 450W,R&D,59.31,154,9133.74,Net 45,True,False
PO-2023-01314,2023-02-20,2023-03-25,2023-03-25,SUP-024,Sterling Components,USA,Electronics,Sensor Module SM-3,Retail Operations,21.73,527,11451.71,Net 60,True,False
PO-2023-01343,2023-02-20,2023-02-25,2023-02-25,SUP-025,Cascade Semitech,USA,Electronics,Power Supply Unit 450W,R&D,65.1,126,8202.6,Net 30,True,False
PO-2023-01305,2023-02-21,2023-03-14,2023-03-14,SUP-034,Pacific Rim Circuits,China,Electronics,Power Supply Unit 450W,Manufacturing,61.72,140,8640.8,Net 30,True,False
PO-2023-01288,2023-02-21,2023-03-09,2023-03-09,SUP-034,Pacific Rim Circuits,China,Electronics,Sensor Module SM-3,R&D,20.8,526,10940.8,Net 60,True,False
PO-2023-01324,2023-02-21,2023-03-15,2023-03-15,SUP-028,Summit Components,USA,Electronics,Sensor Module SM-3,Field Services,23.41,715,16738.15,Net 30,False,False
PO-2023-01315,2023-02-21,2023-03-25,2023-03-27,SUP-025,Cascade Semitech,USA,Electronics,Power Supply Unit 450W,Field Services,62.96,154,9695.84,Net 30,True,False
PO-2023-01338,2023-02-22,2023-03-27,2023-03-27,SUP-033,Busan Components,South Korea,Electronics,Microcontroller MCU-9,Field Services,6.57,2155,14158.35,Net 30,True,False
PO-2023-01244,2023-02-22,2023-02-27,2023-02-27,SUP-035,Pacific Rim Semitech,China,Electronics,Power Supply Unit 450W,R&D,61.8,189,11680.2,Net 60,True,False
PO-2023-01214,2023-02-22,2023-03-01,2023-03-10,SUP-029,Great Wall Components,China,Electronics,Microcontroller MCU-9,Retail Operations,8.29,2534,21006.86,Net 45,True,False
PO-2023-01310,2023-02-22,2023-03-04,2023-03-04,SUP-032,Lotus Components,India,Electronics,Power Supply Unit 450W,Manufacturing,53.65,137,7350.05,Net 60,True,False
PO-2023-01271,2023-02-22,2023-03-26,2023-03-27,SUP-022,Redwood Components,USA,Electronics,Connector Kit CK-8,Corporate,3.97,3057,12136.29,Net 30,True,False
PO-2023-01250,2023-02-23,2023-03-03,2023-03-03,SUP-028,Summit Components,USA,Electronics,Microcontroller MCU-9,Corporate,7.62,2592,19751.04,Net 30,True,False
PO-2023-01309,2023-02-23,2023-03-18,2023-03-18,SUP-032,Lotus Components,India,Electronics,PCB Assembly A-11,Corporate,46.21,426,19685.46,Net 60,True,False
PO-2023-01224,2023-02-24,2023-03-11,2023-03-11,SUP-026,Great Wall Circuits,China,Electronics,Microcontroller MCU-9,Manufacturing,7.88,2010,15838.8,Net 30,True,False
PO-2023-01211,2023-02-24,2023-03-03,2023-03-03,SUP-022,Redwood Components,USA,Electronics,Connector Kit CK-8,Corporate,3.8,3994,15177.2,Net 30,True,False
PO-2023-01342,2023-02-24,2023-03-09,2023-03-09,SUP-028,Summit Components,USA,Electronics,Power Supply Unit 450W,Field Services,67.5,111,7492.5,Net 45,False,False
PO-2023-01273,2023-02-24,2023-03-02,2023-03-02,SUP-025,Cascade Semitech,USA,Electronics,Sensor Module SM-3,Manufacturing,23.12,321,7421.52,Net 15,True,False
PO-2023-01296,2023-02-24,2023-03-01,2023-03-01,SUP-036,Golden Dragon Components,China,Electronics,PCB Assembly A-11,Retail Operations,50.46,379,19124.34,Net 45,True,False
PO-2023-01353,2023-02-25,2023-03-23,2023-03-23,SUP-036,Golden Dragon Components,China,Electronics,PCB Assembly A-11,Retail Operations,53.17,567,30147.39,Net 30,True,False
PO-2023-01297,2023-02-25,2023-03-05,2023-03-05,SUP-028,Summit Components,USA,Electronics,Power Supply Unit 450W,Retail Operations,64.07,129,8265.03,Net 30,True,False
PO-2023-01299,2023-02-25,2023-03-30,2023-03-30,SUP-032,Lotus Components,India,Electronics,Power Supply Unit 450W,Corporate,51.35,133,6829.55,Net 15,True,False
PO-2023-01222,2023-02-25,2023-03-13,2023-03-13,SUP-025,Cascade Semitech,USA,Electronics,Sensor Module SM-3,Corporate,24.12,496,11963.52,Net 30,True,False
PO-2023-01306,2023-02-25,2023-03-17,2023-03-17,SUP-023,Schwarzwald Circuits,Germany,Electronics,PCB Assembly A-11,R&D,49.31,630,31065.3,Net 30,True,False
PO-2023-01212,2023-02-25,2023-03-13,2023-03-13,SUP-033,Busan Components,South Korea,Electronics,Power Supply Unit 450W,Field Services,49.25,67,3299.75,Net 30,False,False
PO-2023-01301,2023-02-26,2023-03-04,2023-03-04,SUP-022,Redwood Components,USA,Electronics,Sensor Module SM-3,Field Services,20.9,573,11975.7,Net 45,True,False
PO-2023-01326,2023-02-26,2023-03-25,2023-03-25,SUP-032,Lotus Components,India,Electronics,Microcontroller MCU-9,Corporate,6.24,1634,10196.16,Net 45,True,False
PO-2023-01247,2023-02-26,2023-03-27,2023-03-27,SUP-028,Summit Components,USA,Electronics,Connector Kit CK-8,Field Services,4.52,4088,18477.76,Net 30,False,False
PO-2023-01333,2023-02-26,2023-03-05,2023-03-05,SUP-024,Sterling Components,USA,Electronics,Power Supply Unit 450W,R&D,60.94,203,12370.82,Net 15,True,False
PO-2023-01231,2023-02-26,2023-03-30,2023-03-30,SUP-036,Golden Dragon Components,China,Electronics,Connector Kit CK-8,Manufacturing,4.22,1698,7165.56,Net 15,True,False
PO-2023-01228,2023-02-26,2023-03-04,2023-03-04,SUP-033,Busan Components,South Korea,Electronics,Power Supply Unit 450W,Field Services,59.03,84,4958.52,Net 45,True,False
PO-2023-01316,2023-02-26,2023-03-11,2023-03-21,SUP-029,Great Wall Components,China,Electronics,PCB Assembly A-11,Retail Operations,51.33,329,16887.57,Net 60,True,False
PO-2023-01243,2023-02-27,2023-03-10,2023-03-10,SUP-027,Golden Dragon Circuits,China,Electronics,Microcontroller MCU-9,Field Services,7.68,3246,24929.28,Net 45,True,False
PO-2023-01318,2023-02-27,2023-03-06,2023-03-06,SUP-034,Pacific Rim Circuits,China,Electronics,Connector Kit CK-8,Corporate,4.19,2573,10780.87,Net 30,True,False
PO-2023-01335,2023-02-27,2023-03-22,2023-03-22,SUP-028,Summit Components,USA,Electronics,Power Supply Unit 450W,Manufacturing,68.75,39,2681.25,Net 45,True,False
PO-2023-01354,2023-02-27,2023-03-07,2023-03-07,SUP-034,Pacific Rim Circuits,China,Electronics,PCB Assembly A-11,Corporate,53.07,480,25473.6,Net 30,True,False
PO-2023-01241,2023-02-27,2023-03-25,2023-03-25,SUP-028,Summit Components,USA,Electronics,Connector Kit CK-8,Manufacturing,4.35,3566,15512.1,Net 60,True,False
PO-2023-01217,2023-02-27,2023-03-24,2023-03-24,SUP-025,Cascade Semitech,USA,Electronics,Sensor Module SM-3,Manufacturing,24.38,492,11994.96,Net 45,True,False
PO-2023-01227,2023-02-27,2023-03-19,2023-03-19,SUP-025,Cascade Semitech,USA,Electronics,Microcontroller MCU-9,Corporate,7.89,2944,23228.16,Net 45,True,False
PO-2023-01230,2023-02-28,2023-03-25,2023-03-25,SUP-034,Pacific Rim Circuits,China,Electronics,PCB Assembly A-11,Corporate,47.04,228,10725.12,Net 60,True,False
PO-2023-01238,2023-02-28,2023-03-23,2023-03-23,SUP-036,Golden Dragon Components,China,Electronics,Sensor Module SM-3,Corporate,24.03,765,18382.95,Net 30,True,False
PO-2023-01261,2023-02-28,2023-03-19,2023-03-19,SUP-032,Lotus Components,India,Electronics,PCB Assembly A-11,R&D,43.45,430,18683.5,Net 30,False,False
PO-2023-01277,2023-02-28,2023-03-24,2023-03-24,SUP-036,Golden Dragon Components,China,Electronics,Power Supply Unit 450W,Retail Operations,62.44,215,13424.6,Net 45,True,False
PO-2023-01287,2023-02-28,2023-03-16,2023-03-16,SUP-022,Redwood Components,USA,Electronics,Connector Kit CK-8,R&D,3.98,3603,14339.94,Net 30,False,False
PO-2023-01328,2023-02-28,2023-03-20,2023-03-20,SUP-026,Great Wall Circuits,China,Electronics,Sensor Module SM-3,Field Services,24.08,403,9704.24,Net 30,True,False
PO-2023-01340,2023-02-28,2023-03-08,2023-03-08,SUP-034,Pacific Rim Circuits,China,Electronics,Connector Kit CK-8,Field Services,4.28,3585,15343.8,Net 15,False,False
PO-2023-01336,2023-02-28,2023-03-09,2023-03-09,SUP-025,Cascade Semitech,USA,Electronics,Connector Kit CK-8,Manufacturing,4.44,4258,18905.52,Net 45,True,False
PO-2023-02458,2023-03-01,2023-03-26,2023-03-26,SUP-028,Summit Components,USA,Electronics,Connector Kit CK-8,Field Services,4.46,4832,21550.72,Net 45,True,True
PO-2023-02416,2023-03-01,2023-03-18,2023-04-01,SUP-029,Great Wall Components,China,Electronics,Connector Kit CK-8,Corporate,4.99,3307,16501.93,Net 30,True,False
PO-2023-02383,2023-03-01,2023-03-09,2023-03-09,SUP-036,Golden Dragon Components,China,Electronics,Sensor Module SM-3,Manufacturing,25.48,705,17963.4,Net 30,True,False
PO-2023-02380,2023-03-01,2023-03-28,2023-03-29,SUP-023,Schwarzwald Circuits,Germany,Electronics,PCB Assembly A-11,Manufacturing,42.97,461,19809.17,Net 30,True,False
PO-2023-02291,2023-03-01,2023-03-29,2023-03-29,SUP-025,Cascade Semitech,USA,Electronics,Connector Kit CK-8,Corporate,4.57,4705,21501.85,Net 45,True,False
PO-2023-02320,2023-03-02,2023-03-15,2023-03-15,SUP-022,Redwood Components,USA,Electronics,PCB Assembly A-11,Corporate,47.52,231,10977.12,Net 30,True,False
PO-2023-02353,2023-03-02,2023-03-15,2023-03-15,SUP-028,Summit Components,USA,Electronics,Microcontroller MCU-9,R&D,7.34,1805,13248.7,Net 45,False,False
PO-2023-02424,2023-03-02,2023-04-05,2023-04-05,SUP-034,Pacific Rim Circuits,China,Electronics,PCB Assembly A-11,Retail Operations,50.35,527,26534.45,Net 30,True,False
PO-2023-02391,2023-03-02,2023-03-12,2023-03-12,SUP-035,Pacific Rim Semitech,China,Electronics,PCB Assembly A-11,Corporate,50.95,356,18138.2,Net 45,True,False
PO-2023-02377,2023-03-02,2023-03-27,2023-03-27,SUP-025,Cascade Semitech,USA,Electronics,Sensor Module SM-3,R&D,24.91,847,21098.77,Net 60,True,False
PO-2023-02378,2023-03-02,2023-04-01,2023-04-01,SUP-033,Busan Components,South Korea,Electronics,Power Supply Unit 450W,Corporate,52.76,185,9760.6,Net 60,True,False
PO-2023-02313,2023-03-02,2023-04-02,2023-04-03,SUP-028,Summit Components,USA,Electronics,Sensor Module SM-3,R&D,25.29,631,15957.99,Net 45,True,False
PO-2023-02363,2023-03-02,2023-03-17,2023-03-17,SUP-024,Sterling Components,USA,Electronics,Power Supply Unit 450W,Retail Operations,67.72,131,8871.32,Net 45,True,False
PO-2023-02315,2023-03-02,2023-03-15,2023-03-27,SUP-029,Great Wall Components,China,Electronics,Power Supply Unit 450W,Corporate,61.9,191,11822.9,Net 30,True,False
PO-2023-02347,2023-03-03,2023-03-31,2023-03-31,SUP-028,Summit Components,USA,Electronics,Sensor Module SM-3,Field Services,24.61,554,13633.94,Net 45,True,False
PO-2023-02374,2023-03-03,2023-03-27,2023-03-27,SUP-032,Lotus Components,India,Electronics,PCB Assembly A-11,Manufacturing,42.3,613,25929.9,Net 15,True,False
PO-2023-02354,2023-03-03,2023-03-28,2023-03-28,SUP-028,Summit Components,USA,Electronics,Microcontroller MCU-9,Manufacturing,7.62,2292,17465.04,Net 30,True,False
PO-2023-02375,2023-03-03,2023-04-04,2023-04-04,SUP-033,Busan Components,South Korea,Electronics,Power Supply Unit 450W,Manufacturing,49.9,188,9381.2,Net 60,True,False
PO-2023-02409,2023-03-03,2023-03-22,2023-03-22,SUP-028,Summit Components,USA,Electronics,Connector Kit CK-8,Manufacturing,4.46,2622,11694.12,Net 45,True,False
PO-2023-02390,2023-03-03,2023-03-15,2023-03-15,SUP-036,Golden Dragon Components,China,Electronics,Sensor Module SM-3,Corporate,24.01,722,17335.22,Net 30,True,False
PO-2023-02388,2023-03-04,2023-03-13,2023-03-13,SUP-036,Golden Dragon Components,China,Electronics,Connector Kit CK-8,Corporate,4.5,2158,9711.0,Net 60,False,False
PO-2023-02343,2023-03-04,2023-04-07,2023-04-07,SUP-025,Cascade Semitech,USA,Electronics,Power Supply Unit 450W,Retail Operations,66.81,139,9286.59,Net 30,True,False
PO-2023-02333,2023-03-04,2023-04-06,2023-04-06,SUP-028,Summit Components,USA,Electronics,Power Supply Unit 450W,Retail Operations,64.4,164,10561.6,Net 15,True,False
PO-2023-02302,2023-03-04,2023-03-24,2023-03-24,SUP-025,Cascade Semitech,USA,Electronics,Sensor Module SM-3,Field Services,23.95,558,13364.1,Net 30,True,False
PO-2023-02294,2023-03-04,2023-03-27,2023-03-27,SUP-032,Lotus Components,India,Electronics,Sensor Module SM-3,Field Services,20.29,640,12985.6,Net 15,True,False
PO-2023-02331,2023-03-04,2023-04-05,2023-04-15,SUP-029,Great Wall Components,China,Electronics,PCB Assembly A-11,Field Services,51.84,490,25401.6,Net 60,True,False
PO-2023-02303,2023-03-04,2023-04-04,2023-04-04,SUP-036,Golden Dragon Components,China,Electronics,Sensor Module SM-3,Field Services,24.53,911,22346.83,Net 30,True,False
PO-2023-02461,2023-03-04,2023-03-23,2023-03-23,SUP-032,Lotus Components,India,Electronics,Power Supply Unit 450W,Manufacturing,57.63,138,7952.94,Net 30,True,False
PO-2023-02371,2023-03-04,2023-03-23,2023-03-23,SUP-028,Summit Components,USA,Electronics,Microcontroller MCU-9,Retail Operations,7.54,2462,18563.48,Net 45,True,False
PO-2023-02415,2023-03-04,2023-03-14,2023-03-14,SUP-035,Pacific Rim Semitech,China,Electronics,PCB Assembly A-11,Field Services,48.34,324,15662.16,Net 60,True,False
PO-2023-02451,2023-03-05,2023-04-08,2023-04-24,SUP-029,Great Wall Components,China,Electronics,PCB Assembly A-11,Retail Operations,61.11,416,25421.76,Net 30,True,False
PO-2023-02450,2023-03-05,2023-03-28,2023-03-28,SUP-030,Sterling Semitech,USA,Electronics,Microcontroller MCU-9,R&D,7.81,2000,15620.0,Net 45,True,False
PO-2023-02299,2023-03-05,2023-03-27,2023-03-27,SUP-028,Summit Components,USA,Electronics,Power Supply Unit 450W,Manufacturing,66.67,114,7600.38,Net 30,True,False
PO-2023-02367,2023-03-05,2023-03-22,2023-04-11,SUP-029,Great Wall Components,China,Electronics,Sensor Module SM-3,R&D,22.94,949,21770.06,Net 30,True,False
PO-2023-02297,2023-03-05,2023-03-29,2023-03-29,SUP-034,Pacific Rim Circuits,China,Electronics,Connector Kit CK-8,R&D,4.05,903,3657.15,Net 15,False,False
PO-2023-02292,2023-03-05,2023-04-04,2023-04-04,SUP-025,Cascade Semitech,USA,Electronics,Connector Kit CK-8,Manufacturing,4.11,1174,4825.14,Net 30,True,False
PO-2023-02459,2023-03-06,2023-03-29,2023-03-29,SUP-036,Golden Dragon Components,China,Electronics,Power Supply Unit 450W,Corporate,67.52,115,7764.8,Net 30,False,True
PO-2023-02325,2023-03-06,2023-03-17,2023-03-17,SUP-034,Pacific Rim Circuits,China,Electronics,Power Supply Unit 450W,Retail Operations,60.67,187,11345.29,Net 30,True,False
PO-2023-02443,2023-03-06,2023-03-18,2023-03-18,SUP-032,Lotus Components,India,Electronics,Power Supply Unit 450W,Corporate,49.14,122,5995.08,Net 60,True,False
PO-2023-02369,2023-03-06,2023-04-07,2023-04-26,SUP-029,Great Wall Components,China,Electronics,Microcontroller MCU-9,Field Services,5.99,1966,11776.34,Net 15,False,False
PO-2023-02387,2023-03-07,2023-03-12,2023-03-12,SUP-027,Golden Dragon Circuits,China,Electronics,Microcontroller MCU-9,Corporate,7.46,3778,28183.88,Net 15,True,False
PO-2023-02431,2023-03-07,2023-04-03,2023-04-03,SUP-032,Lotus Components,India,Electronics,PCB Assembly A-11,Field Services,47.28,432,20424.96,Net 15,True,False
PO-2023-02433,2023-03-07,2023-03-24,2023-03-24,SUP-032,Lotus Components,India,Electronics,PCB Assembly A-11,Field Services,46.13,273,12593.49,Net 30,False,False
PO-2023-02381,2023-03-07,2023-04-05,2023-04-05,SUP-028,Summit Components,USA,Electronics,Microcontroller MCU-9,Retail Operations,7.63,2788,21272.44,Net 60,True,False
PO-2023-02417,2023-03-07,2023-03-13,2023-03-23,SUP-029,Great Wall Components,China,Electronics,Microcontroller MCU-9,Corporate,8.11,2004,16252.44,Net 30,True,False
PO-2023-02412,2023-03-07,2023-03-29,2023-03-29,SUP-036,Golden Dragon Components,China,Electronics,PCB Assembly A-11,Field Services,52.51,549,28827.99,Net 60,True,False
PO-2023-02323,2023-03-08,2023-04-06,2023-04-09,SUP-028,Summit Components,USA,Electronics,PCB Assembly A-11,Field Services,48.36,154,7447.44,Net 15,True,False
PO-2023-02361,2023-03-08,2023-03-17,2023-03-26,SUP-029,Great Wall Components,China,Electronics,Connector Kit CK-8,Retail Operations,4.05,2923,11838.15,Net 45,True,True
PO-2023-02436,2023-03-08,2023-03-15,2023-03-15,SUP-035,Pacific Rim Semitech,China,Electronics,Power Supply Unit 450W,Retail Operations,61.02,134,8176.68,Net 45,True,False
PO-2023-02368,2023-03-08,2023-03-22,2023-03-22,SUP-025,Cascade Semitech,USA,Electronics,Power Supply Unit 450W,Corporate,62.96,144,9066.24,Net 45,True,False
PO-2023-02429,2023-03-08,2023-04-06,2023-04-06,SUP-025,Cascade Semitech,USA,Electronics,Sensor Module SM-3,R&D,23.39,525,12279.75,Net 60,True,False
PO-2023-02392,2023-03-09,2023-03-31,2023-03-31,SUP-035,Pacific Rim Semitech,China,Electronics,Power Supply Unit 450W,Retail Operations,60.91,156,9501.96,Net 45,True,False
PO-2023-02328,2023-03-09,2023-03-26,2023-03-26,SUP-025,Cascade Semitech,USA,Electronics,Power Supply Unit 450W,Corporate,66.08,196,12951.68,Net 45,True,True
PO-2023-02442,2023-03-09,2023-04-07,2023-04-07,SUP-033,Busan Components,South Korea,Electronics,Microcontroller MCU-9,Retail Operations,6.18,2320,14337.6,Net 60,True,False
PO-2023-02425,2023-03-09,2023-03-16,2023-03-26,SUP-029,Great Wall Components,China,Electronics,Microcontroller MCU-9,Manufacturing,5.74,2413,13850.62,Net 60,True,False
PO-2023-02384,2023-03-10,2023-04-12,2023-04-12,SUP-032,Lotus Components,India,Electronics,Connector Kit CK-8,Corporate,3.52,3291,11584.32,Net 30,True,False
PO-2023-02373,2023-03-10,2023-03-18,2023-03-18,SUP-022,Redwood Components,USA,Electronics,Connector Kit CK-8,Manufacturing,4.01,3556,14259.56,Net 60,True,False
PO-2023-02455,2023-03-10,2023-04-06,2023-04-06,SUP-032,Lotus Components,India,Electronics,Power Supply Unit 450W,Manufacturing,56.07,163,9139.41,Net 60,True,False
PO-2023-02342,2023-03-10,2023-03-22,2023-03-23,SUP-024,Sterling Components,USA,Electronics,PCB Assembly A-11,Corporate,48.29,525,25352.25,Net 45,True,False
PO-2023-02456,2023-03-10,2023-04-04,2023-04-04,SUP-036,Golden Dragon Components,China,Electronics,Microcontroller MCU-9,Corporate,7.6,1945,14782.0,Net 45,True,False
PO-2023-02340,2023-03-11,2023-04-09,2023-04-17,SUP-029,Great Wall Components,China,Electronics,Power Supply Unit 450W,Corporate,55.27,18,994.86,Net 30,True,False
PO-2023-02372,2023-03-11,2023-04-07,2023-04-07,SUP-022,Redwood Components,USA,Electronics,Power Supply Unit 450W,Retail Operations,56.74,107,6071.18,Net 45,True,False
PO-2023-02439,2023-03-11,2023-04-06,2023-04-06,SUP-023,Schwarzwald Circuits,Germany,Electronics,Power Supply Unit 450W,R&D,58.32,201,11722.32,Net 30,False,False
PO-2023-47115,2023-03-12,2023-03-18,2023-03-18,SUP-022,Redwood Components,USA,Electronics,Connector Kit CK-8,Manufacturing,4.01,3556,14259.56,Net 60,True,False
PO-2023-02318,2023-03-12,2023-04-01,2023-04-01,SUP-028,Summit Components,USA,Electronics,PCB Assembly A-11,R&D,50.49,437,22064.13,Net 60,True,False
PO-2023-02311,2023-03-12,2023-03-31,2023-03-31,SUP-025,Cascade Semitech,USA,Electronics,Power Supply Unit 450W,Corporate,68.66,185,12702.1,Net 30,True,False
PO-2023-02386,2023-03-12,2023-03-25,2023-03-25,SUP-034,Pacific Rim Circuits,China,Electronics,PCB Assembly A-11,Corporate,45.12,257,11595.84,Net 30,False,False
PO-2023-02403,2023-03-12,2023-04-04,2023-04-04,SUP-025,Cascade Semitech,USA,Electronics,Microcontroller MCU-9,Corporate,8.01,316,2531.16,Net 30,True,False
PO-2023-02351,2023-03-12,2023-03-30,2023-03-30,SUP-036,Golden Dragon Components,China,Electronics,Sensor Module SM-3,Manufacturing,24.28,180,4370.4,Net 45,True,False
PO-2023-02344,2023-03-12,2023-03-25,2023-04-05,SUP-029,Great Wall Components,China,Electronics,PCB Assembly A-11,Corporate,54.89,256,14051.84,Net 15,True,False
PO-2023-02437,2023-03-13,2023-04-06,2023-04-06,SUP-033,Busan Components,South Korea,Electronics,PCB Assembly A-11,R&D,45.09,395,17810.55,Net 30,True,False
PO-2023-02453,2023-03-13,2023-04-15,2023-04-15,SUP-025,Cascade Semitech,USA,Electronics,Connector Kit CK-8,Corporate,4.74,2993,14186.82,Net 15,True,False
PO-2023-02362,2023-03-13,2023-03-18,2023-03-20,SUP-036,Golden Dragon Components,China,Electronics,PCB Assembly A-11,Retail Operations,55.2,407,22466.4,Net 45,True,False
PO-2023-02293,2023-03-13,2023-04-01,2023-04-01,SUP-022,Redwood Components,USA,Electronics,Power Supply Unit 450W,Retail Operations,58.05,146,8475.3,Net 30,True,False
PO-2023-02305,2023-03-14,2023-03-29,2023-03-30,SUP-023,Schwarzwald Circuits,Germany,Electronics,Sensor Module SM-3,Manufacturing,21.58,596,12861.68,Net 30,True,False
PO-2023-02394,2023-03-15,2023-04-06,2023-04-06,SUP-034,Pacific Rim Circuits,China,Electronics,Microcontroller MCU-9,Field Services,7.85,2698,21179.3,Net 30,True,False
PO-2023-02404,2023-03-15,2023-04-05,2023-04-05,SUP-028,Summit Components,USA,Electronics,Power Supply Unit 450W,Corporate,64.92,195,12659.4,Net 30,True,False
PO-2023-02430,2023-03-15,2023-04-07,2023-04-08,SUP-024,Sterling Components,USA,Electronics,Connector Kit CK-8,Manufacturing,4.24,2599,11019.76,Net 45,True,False
PO-2023-02301,2023-03-15,2023-04-12,2023-04-17,SUP-026,Great Wall Circuits,China,Electronics,Microcontroller MCU-9,Corporate,7.31,976,7134.56,Net 15,True,False
PO-2023-02427,2023-03-15,2023-03-27,2023-03-27,SUP-036,Golden Dragon Components,China,Electronics,Microcontroller MCU-9,R&D,7.85,2953,23181.05,Net 45,True,False
PO-2023-02446,2023-03-16,2023-04-02,2023-04-02,SUP-028,Summit Components,USA,Electronics,Microcontroller MCU-9,Retail Operations,7.44,2977,22148.88,Net 45,True,False
PO-2023-02422,2023-03-16,2023-04-02,2023-04-02,SUP-035,Pacific Rim Semitech,China,Electronics,Power Supply Unit 450W,Corporate,66.92,158,10573.36,Net 30,True,False
PO-2023-02326,2023-03-16,2023-03-28,2023-03-28,SUP-036,Golden Dragon Components,China,Electronics,Power Supply Unit 450W,Field Services,62.65,1,62.65,Net 45,True,False
PO-2023-02379,2023-03-16,2023-04-17,2023-04-17,SUP-028,Summit Components,USA,Electronics,Microcontroller MCU-9,R&D,7.38,2281,16833.78,Net 30,True,False
PO-2023-02304,2023-03-16,2023-04-15,2023-04-18,SUP-034,Pacific Rim Circuits,China,Electronics,Sensor Module SM-3,Manufacturing,23.0,334,7682.0,Net 45,True,False
PO-2023-02296,2023-03-16,2023-04-17,2023-04-17,SUP-025,Cascade Semitech,USA,Electronics,PCB Assembly A-11,Field Services,56.05,202,11322.1,Net 30,False,False
PO-2023-02408,2023-03-16,2023-04-10,2023-04-25,SUP-029,Great Wall Components,China,Electronics,Connector Kit CK-8,Corporate,4.61,3992,18403.12,Net 30,True,False
PO-2023-02324,2023-03-16,2023-04-04,2023-04-19,SUP-029,Great Wall Components,China,Electronics,Sensor Module SM-3,Corporate,24.26,378,9170.28,Net 30,True,False
PO-2023-02332,2023-03-17,2023-03-23,2023-03-23,SUP-034,Pacific Rim Circuits,China,Electronics,Connector Kit CK-8,Corporate,4.24,2108,8937.92,Net 30,True,False
PO-2023-02317,2023-03-17,2023-03-25,2023-03-29,SUP-029,Great Wall Components,China,Electronics,Power Supply Unit 450W,Corporate,65.8,64,4211.2,Net 60,True,False
PO-2023-02359,2023-03-17,2023-03-27,2023-03-27,SUP-034,Pacific Rim Circuits,China,Electronics,Sensor Module SM-3,Field Services,23.56,564,13287.84,Net 30,True,False
PO-2023-02399,2023-03-17,2023-03-27,2023-03-27,SUP-036,Golden Dragon Components,China,Electronics,Connector Kit CK-8,Retail Operations,4.83,3231,15605.73,Net 30,True,False
PO-2023-02358,2023-03-18,2023-04-20,2023-04-23,SUP-029,Great Wall Components,China,Electronics,PCB Assembly A-11,Field Services,71.55,366,26187.3,Net 30,False,False
PO-2023-02449,2023-03-18,2023-04-06,2023-04-06,SUP-036,Golden Dragon Components,China,Electronics,Sensor Module SM-3,R&D,24.4,575,14030.0,Net 30,True,False
PO-2023-02448,2023-03-18,2023-04-20,2023-04-20,SUP-028,Summit Components,USA,Electronics,Power Supply Unit 450W,Manufacturing,62.72,198,12418.56,Net 45,False,False
PO-2023-02341,2023-03-18,2023-03-28,2023-03-30,SUP-028,Summit Components,USA,Electronics,PCB Assembly A-11,Corporate,51.97,383,19904.51,Net 45,True,False
PO-2023-02337,2023-03-18,2023-04-21,2023-04-21,SUP-036,Golden Dragon Components,China,Electronics,Power Supply Unit 450W,Manufacturing,68.17,192,13088.64,Net 45,True,False
PO-2023-02335,2023-03-18,2023-04-05,2023-04-05,SUP-024,Sterling Components,USA,Electronics,Power Supply Unit 450W,Retail Operations,61.94,111,6875.34,Net 60,True,False
PO-2023-02350,2023-03-18,2023-04-19,2023-04-19,SUP-028,Summit Components,USA,Electronics,Connector Kit CK-8,R&D,4.49,2121,9523.29,Net 30,True,False
PO-2023-02319,2023-03-18,2023-03-24,2023-03-24,SUP-036,Golden Dragon Components,China,Electronics,PCB Assembly A-11,Field Services,48.54,267,12960.18,Net 30,True,False
PO-2023-02352,2023-03-19,2023-04-19,2023-04-19,SUP-034,Pacific Rim Circuits,China,Electronics,Sensor Module SM-3,Manufacturing,23.04,436,10045.44,Net 30,True,False
PO-2023-02410,2023-03-19,2023-04-04,2023-04-04,SUP-033,Busan Components,South Korea,Electronics,Connector Kit CK-8,Corporate,3.76,3868,14543.68,Net 45,True,False
PO-2023-02365,2023-03-19,2023-03-31,2023-03-31,SUP-024,Sterling Components,USA,Electronics,Microcontroller MCU-9,Manufacturing,7.63,4929,37608.27,Net 45,True,False
PO-2023-02405,2023-03-19,2023-03-27,2023-03-27,SUP-034,Pacific Rim Circuits,China,Electronics,Microcontroller MCU-9,Manufacturing,7.43,1644,12214.92,Net 15,True,False
PO-2023-02295,2023-03-20,2023-04-19,2023-04-19,SUP-033,Busan Components,South Korea,Electronics,Sensor Module SM-3,Retail Operations,20.3,765,15529.5,Net 30,True,False
PO-2023-02330,2023-03-20,2023-03-28,2023-03-28,SUP-025,Cascade Semitech,USA,Electronics,Connector Kit CK-8,Field Services,4.37,2496,10907.52,Net 45,True,False
PO-2023-02327,2023-03-20,2023-04-04,2023-04-16,SUP-029,Great Wall Components,China,Electronics,Sensor Module SM-3,Manufacturing,25.01,734,18357.34,Net 60,True,False
PO-2023-02447,2023-03-20,2023-04-14,2023-04-20,SUP-028,Summit Components,USA,Electronics,Microcontroller MCU-9,Field Services,7.9,2342,18501.8,Net 45,True,False
PO-2023-02414,2023-03-20,2023-03-31,2023-03-31,SUP-035,Pacific Rim Semitech,China,Electronics,Connector Kit CK-8,Manufacturing,3.85,1740,6699.0,Net 30,True,False
PO-2023-02345,2023-03-21,2023-03-30,2023-03-30,SUP-028,Summit Components,USA,Electronics,Microcontroller MCU-9,Retail Operations,7.62,3068,23378.16,Net 45,True,False
PO-2023-02339,2023-03-21,2023-04-05,2023-04-05,SUP-028,Summit Components,USA,Electronics,PCB Assembly A-11,R&D,52.98,382,20238.36,Net 30,True,False
PO-2023-02314,2023-03-21,2023-04-23,2023-04-23,SUP-028,Summit Components,USA,Electronics,Power Supply Unit 450W,Corporate,66.95,44,2945.8,Net 45,True,False
PO-2023-02288,2023-03-21,2023-03-27,2023-03-27,SUP-033,Busan Components,South Korea,Electronics,PCB Assembly A-11,Field Services,45.66,571,26071.86,Net 45,False,False
PO-2023-02382,2023-03-21,2023-04-04,2023-04-05,SUP-029,Great Wall Components,China,Electronics,Connector Kit CK-8,Manufacturing,5.16,2973,15340.68,Net 45,True,False
PO-2023-02438,2023-03-21,2023-04-22,2023-04-22,SUP-024,Sterling Components,USA,Electronics,Microcontroller MCU-9,Retail Operations,7.56,697,5269.32,Net 60,True,False
PO-2023-02393,2023-03-21,2023-03-30,2023-03-30,SUP-022,Redwood Components,USA,Electronics,PCB Assembly A-11,Field Services,46.15,304,14029.6,Net 45,True,False
PO-2023-02298,2023-03-21,2023-03-28,2023-03-28,SUP-034,Pacific Rim Circuits,China,Electronics,Sensor Module SM-3,Corporate,23.76,557,13234.32,Net 45,True,False
PO-2023-02286,2023-03-22,2023-04-03,2023-04-03,SUP-025,Cascade Semitech,USA,Electronics,PCB Assembly A-11,Field Services,52.18,269,14036.42,Net 30,False,False
PO-2023-02321,2023-03-22,2023-04-01,2023-04-01,SUP-032,Lotus Components,India,Electronics,Power Supply Unit 450W,Manufacturing,57.22,208,11901.76,Net 30,True,False
PO-2023-02421,2023-03-22,2023-03-29,2023-03-29,SUP-025,Cascade Semitech,USA,Electronics,PCB Assembly A-11,Field Services,50.23,462,23206.26,Net 45,True,False
PO-2023-02428,2023-03-22,2023-04-17,2023-04-17,SUP-028,Summit Components,USA,Electronics,PCB Assembly A-11,Manufacturing,48.6,572,27799.2,Net 30,True,False
PO-2023-02420,2023-03-22,2023-04-11,2023-04-11,SUP-034,Pacific Rim Circuits,China,Electronics,Connector Kit CK-8,Field Services,4.67,3295,15387.65,Net 45,False,False
PO-2023-02400,2023-03-22,2023-04-21,2023-04-21,SUP-034,Pacific Rim Circuits,China,Electronics,Connector Kit CK-8,Field Services,4.03,2394,9647.82,Net 15,False,False
PO-2023-02457,2023-03-22,2023-04-08,2023-04-08,SUP-025,Cascade Semitech,USA,Electronics,Microcontroller MCU-9,Field Services,7.85,2055,16131.75,Net 45,True,False
PO-2023-02460,2023-03-23,2023-04-16,2023-04-16,SUP-033,Busan Components,South Korea,Electronics,Connector Kit CK-8,Retail Operations,4.1,3057,12533.7,Net 30,True,False
PO-2023-02306,2023-03-23,2023-03-30,2023-04-19,SUP-029,Great Wall Components,China,Electronics,Sensor Module SM-3,Manufacturing,20.05,445,8922.25,Net 30,True,False
PO-2023-02356,2023-03-23,2023-04-21,2023-04-21,SUP-024,Sterling Components,USA,Electronics,Power Supply Unit 450W,Retail Operations,59.01,113,6668.13,Net 15,True,False
PO-2023-02289,2023-03-23,2023-04-26,2023-04-26,SUP-022,Redwood Components,USA,Electronics,PCB Assembly A-11,Retail Operations,47.06,273,12847.38,Net 60,True,False
PO-2023-02407,2023-03-23,2023-04-17,2023-04-17,SUP-034,Pacific Rim Circuits,China,Electronics,Connector Kit CK-8,Manufacturing,4.48,4209,18856.32,Net 60,True,False
PO-2023-02287,2023-03-24,2023-04-21,2023-04-21,SUP-033,Busan Components,South Korea,Electronics,Connector Kit CK-8,Field Services,3.91,3544,13857.04,Net 60,False,False
PO-2023-02366,2023-03-24,2023-04-03,2023-04-03,SUP-033,Busan Components,South Korea,Electronics,Connector Kit CK-8,R&D,4.18,3999,16715.82,Net 60,True,False
PO-2023-02338,2023-03-24,2023-04-19,2023-04-19,SUP-025,Cascade Semitech,USA,Electronics,PCB Assembly A-11,Retail Operations,50.66,291,14742.06,Net 45,True,False
PO-2023-02444,2023-03-24,2023-04-20,2023-04-20,SUP-032,Lotus Components,India,Electronics,Sensor Module SM-3,Retail Operations,21.26,415,8822.9,Net 60,True,False
PO-2023-02312,2023-03-25,2023-04-10,2023-04-10,SUP-028,Summit Components,USA,Electronics,Connector Kit CK-8,Corporate,4.45,2821,12553.45,Net 45,True,False
PO-2023-02360,2023-03-25,2023-04-01,2023-04-01,SUP-032,Lotus Components,India,Electronics,Connector Kit CK-8,R&D,3.68,1158,4261.44,Net 30,True,False
PO-2023-02402,2023-03-25,2023-04-23,2023-04-23,SUP-032,Lotus Components,India,Electronics,Sensor Module SM-3,Retail Operations,21.46,503,10794.38,Net 30,True,False
PO-2023-02423,2023-03-25,2023-04-02,2023-04-11,SUP-029,Great Wall Components,China,Electronics,Connector Kit CK-8,Retail Operations,4.56,3568,16270.08,Net 45,True,False
PO-2023-02398,2023-03-25,2023-04-09,2023-04-09,SUP-032,Lotus Components,India,Electronics,Connector Kit CK-8,R&D,3.87,3012,11656.44,Net 45,False,False
PO-2023-02440,2023-03-25,2023-03-30,2023-03-30,SUP-025,Cascade Semitech,USA,Electronics,Power Supply Unit 450W,Corporate,64.5,147,9481.5,Net 45,True,False
PO-2023-02441,2023-03-26,2023-04-24,2023-04-24,SUP-034,Pacific Rim Circuits,China,Electronics,Power Supply Unit 450W,Retail Operations,61.52,171,10519.92,Net 30,True,False
PO-2023-02334,2023-03-26,2023-04-17,2023-04-17,SUP-030,Sterling Semitech,USA,Electronics,Microcontroller MCU-9,Manufacturing,6.79,1066,7238.14,Net 30,True,False
PO-2023-02357,2023-03-26,2023-04-05,2023-04-05,SUP-027,Golden Dragon Circuits,China,Electronics,PCB Assembly A-11,Retail Operations,47.81,474,22661.94,Net 30,True,False
PO-2023-02395,2023-03-26,2023-04-01,2023-04-01,SUP-033,Busan Components,South Korea,Electronics,Connector Kit CK-8,R&D,4.1,2912,11939.2,Net 15,True,False
PO-2023-02322,2023-03-26,2023-04-04,2023-04-04,SUP-025,Cascade Semitech,USA,Electronics,Microcontroller MCU-9,R&D,7.86,3279,25772.94,Net 30,True,False
PO-2023-02426,2023-03-26,2023-04-12,2023-04-12,SUP-032,Lotus Components,India,Electronics,Connector Kit CK-8,Field Services,3.89,2623,10203.47,Net 45,True,False
PO-2023-02406,2023-03-27,2023-04-27,2023-04-27,SUP-032,Lotus Components,India,Electronics,Connector Kit CK-8,Retail Operations,3.57,3289,11741.73,Net 30,True,False
PO-2023-02349,2023-03-27,2023-04-27,2023-04-30,SUP-026,Great Wall Circuits,China,Electronics,Connector Kit CK-8,Retail Operations,4.47,4182,18693.54,Net 30,True,False
PO-2023-02452,2023-03-27,2023-04-15,2023-04-15,SUP-034,Pacific Rim Circuits,China,Electronics,Sensor Module SM-3,Field Services,23.05,830,19131.5,Net 30,True,False
PO-2023-02432,2023-03-27,2023-04-12,2023-04-12,SUP-032,Lotus Components,India,Electronics,Microcontroller MCU-9,R&D,6.14,2598,15951.72,Net 30,True,False
PO-2023-02308,2023-03-27,2023-04-19,2023-04-21,SUP-022,Redwood Components,USA,Electronics,PCB Assembly A-11,Corporate,50.07,471,23582.97,Net 45,True,False
PO-2023-02389,2023-03-28,2023-04-08,2023-04-08,SUP-028,Summit Components,USA,Electronics,Sensor Module SM-3,Manufacturing,22.23,674,14983.02,Net 30,True,False
PO-2023-02316,2023-03-28,2023-04-30,2023-04-30,SUP-028,Summit Components,USA,Electronics,Sensor Module SM-3,Field Services,24.54,693,17006.22,Net 30,False,False
PO-2023-02336,2023-03-28,2023-04-27,2023-04-27,SUP-022,Redwood Components,USA,Electronics,Power Supply Unit 450W,Retail Operations,59.05,122,7204.1,Net 60,True,False
PO-2023-02300,2023-03-28,2023-04-09,2023-04-09,SUP-022,Redwood Components,USA,Electronics,Connector Kit CK-8,Manufacturing,3.7,4722,17471.4,Net 45,True,False
PO-2023-02290,2023-03-28,2023-04-19,2023-04-19,SUP-033,Busan Components,South Korea,Electronics,Sensor Module SM-3,Corporate,20.38,733,14938.54,Net 30,True,False
PO-2023-02435,2023-03-28,2023-04-30,2023-04-30,SUP-022,Redwood Components,USA,Electronics,Connector Kit CK-8,Field Services,4.25,3169,13468.25,Net 45,True,False
PO-2023-02434,2023-03-29,2023-04-26,2023-04-26,SUP-022,Redwood Components,USA,Electronics,Microcontroller MCU-9,Manufacturing,7.57,2722,20605.54,Net 60,True,True
PO-2023-02346,2023-03-29,2023-04-07,2023-04-07,SUP-034,Pacific Rim Circuits,China,Electronics,Microcontroller MCU-9,Manufacturing,6.58,2446,16094.68,Net 30,True,False
PO-2023-02309,2023-03-29,2023-04-23,2023-04-23,SUP-028,Summit Components,USA,Electronics,Sensor Module SM-3,Manufacturing,23.62,906,21399.72,Net 60,True,False
PO-2023-02355,2023-03-29,2023-04-07,2023-04-07,SUP-034,Pacific Rim Circuits,China,Electronics,PCB Assembly A-11,Retail Operations,49.94,331,16530.14,Net 30,True,False
PO-2023-02364,2023-03-29,2023-04-29,2023-04-29,SUP-034,Pacific Rim Circuits,China,Electronics,Sensor Module SM-3,Field Services,22.46,380,8534.8,Net 30,True,False
PO-2023-02370,2023-03-29,2023-04-27,2023-04-27,SUP-035,Pacific Rim Semitech,China,Electronics,Connector Kit CK-8,Retail Operations,4.53,3397,15388.41,Net 45,True,False
PO-2023-02385,2023-03-30,2023-04-09,2023-04-09,SUP-025,Cascade Semitech,USA,Electronics,PCB Assembly A-11,Manufacturing,56.77,483,27419.91,Net 30,True,False
PO-2023-02376,2023-03-30,2023-04-19,2023-04-19,SUP-028,Summit Components,USA,Electronics,Sensor Module SM-3,Corporate,24.28,547,13281.16,Net 30,False,False
PO-2023-02310,2023-03-30,2023-04-12,2023-04-12,SUP-024,Sterling Components,USA,Electronics,Sensor Module SM-3,Field Services,24.92,922,22976.24,Net 15,True,False
PO-2023-02397,2023-03-30,2023-04-14,2023-05-01,SUP-029,Great Wall Components,China,Electronics,PCB Assembly A-11,Field Services,40.67,343,13949.81,Net 45,True,False
PO-2023-02411,2023-03-30,2023-04-06,2023-04-06,SUP-024,Sterling Components,USA,Electronics,PCB Assembly A-11,Retail Operations,52.94,441,23346.54,Net 60,True,False
PO-2023-02401,2023-03-30,2023-05-02,2023-05-02,SUP-028,Summit Components,USA,Electronics,Microcontroller MCU-9,Retail Operations,7.64,2843,21720.52,Net 30,True,False
PO-2023-02419,2023-03-30,2023-04-07,2023-04-07,SUP-026,Great Wall Circuits,China,Electronics,Microcontroller MCU-9,R&D,8.3,3070,25481.0,Net 45,True,True
PO-2023-02418,2023-03-31,2023-04-13,2023-04-13,SUP-034,Pacific Rim Circuits,China,Electronics,Connector Kit CK-8,Corporate,4.38,1964,8602.32,Net 45,False,False
PO-2023-02445,2023-03-31,2023-04-18,2023-04-18,SUP-034,Pacific Rim Circuits,China,Electronics,Sensor Module SM-3,Field Services,23.62,95,2243.9,Net 30,True,False
PO-2023-02454,2023-03-31,2023-04-22,2023-04-22,SUP-028,Summit Components,USA,Electronics,PCB Assembly A-11,Retail Operations,51.33,400,20532.0,Net 15,True,False
PO-2023-02413,2023-03-31,2023-04-28,2023-04-28,SUP-036,Golden Dragon Components,China,Electronics,Sensor Module SM-3,Manufacturing,23.56,622,14654.32,Net 60,True,False
PO-2023-02396,2023-03-31,2023-04-27,2023-04-28,SUP-028,Summit Components,USA,Electronics,Sensor Module SM-3,Corporate,24.0,736,17664.0,Net 15,True,False
PO-2023-02307,2023-03-31,2023-04-26,2023-04-26,SUP-025,Cascade Semitech,USA,Electronics,Microcontroller MCU-9,Corporate,7.68,2644,20305.92,Net 45,True,False
PO-2023-02348,2023-03-31,2023-04-15,2023-04-15,SUP-036,Golden Dragon Components,China,Electronics,Sensor Module SM-3,R&D,26.98,795,21449.1,Net 45,True,False
PO-2023-02329,2023-03-31,2023-04-17,2023-04-17,SUP-034,Pacific Rim Circuits,China,Electronics,Connector Kit CK-8,R&D,4.06,3626,14721.56,Net 30,True,False
PO-2023-03600,2023-04-01,2023-04-21,2023-04-21,SUP-032,Lotus Components,India,Electronics,PCB Assembly A-11,Manufacturing,43.48,504,21913.92,Net 45,True,False
PO-2023-03576,2023-04-01,2023-05-04,2023-05-04,SUP-034,Pacific Rim Circuits,China,Electronics,Power Supply Unit 450W,Field Services,57.62,252,14520.24,Net 60,True,False
PO-2023-03582,2023-04-01,2023-04-20,2023-04-20,SUP-033,Busan Components,South Korea,Electronics,PCB Assembly A-11,Corporate,39.95,608,24289.6,Net 30,False,False
PO-2023-03503,2023-04-01,2023-04-28,2023-05-02,SUP-025,Cascade Semitech,USA,Electronics,PCB Assembly A-11,Retail Operations,54.34,135,7335.9,Net 60,False,False
PO-2023-03574,2023-04-01,2023-04-26,2023-04-26,SUP-034,Pacific Rim Circuits,China,Electronics,PCB Assembly A-11,Retail Operations,51.28,486,24922.08,Net 45,True,False
PO-2023-03517,2023-04-02,2023-04-29,2023-04-29,SUP-028,Summit Components,USA,Electronics,Connector Kit CK-8,Manufacturing,4.26,1186,5052.36,Net 30,True,False
PO-2023-03518,2023-04-02,2023-04-29,2023-04-29,SUP-036,Golden Dragon Components,China,Electronics,PCB Assembly A-11,Retail Operations,52.0,331,17212.0,Net 30,True,False
PO-2023-03614,2023-04-03,2023-04-24,2023-04-25,SUP-028,Summit Components,USA,Electronics,Connector Kit CK-8,R&D,4.3,4616,19848.8,Net 30,True,False
PO-2023-03590,2023-04-03,2023-04-08,2023-04-08,SUP-022,Redwood Components,USA,Electronics,PCB Assembly A-11,Manufacturing,45.22,385,17409.7,Net 30,True,False
PO-2023-03515,2023-04-03,2023-04-29,2023-04-30,SUP-034,Pacific Rim Circuits,China,Electronics,Sensor Module SM-3,R&D,23.29,619,14416.51,Net 60,True,False
PO-2023-03532,2023-04-03,2023-04-30,2023-04-30,SUP-036,Golden Dragon Components,China,Electronics,Power Supply Unit 450W,Corporate,66.72,233,15545.76,Net 45,True,False
PO-2023-03535,2023-04-03,2023-04-18,2023-04-18,SUP-025,Cascade Semitech,USA,Electronics,Microcontroller MCU-9,Field Services,7.96,3756,29897.76,Net 15,False,False
PO-2023-03539,2023-04-03,2023-04-18,2023-04-18,SUP-033,Busan Components,South Korea,Electronics,PCB Assembly A-11,Manufacturing,44.64,530,23659.2,Net 60,False,False
PO-2023-03561,2023-04-03,2023-04-28,2023-04-28,SUP-032,Lotus Components,India,Electronics,Power Supply Unit 450W,Field Services,52.2,173,9030.6,Net 45,True,False
PO-2023-03562,2023-04-03,2023-04-21,2023-04-21,SUP-022,Redwood Components,USA,Electronics,Connector Kit CK-8,Retail Operations,4.29,3284,14088.36,Net 45,True,False
PO-2023-03617,2023-04-04,2023-04-23,2023-04-23,SUP-032,Lotus Components,India,Electronics,PCB Assembly A-11,Retail Operations,43.29,439,19004.31,Net 30,True,False
PO-2023-03506,2023-04-04,2023-04-17,2023-04-17,SUP-034,Pacific Rim Circuits,China,Electronics,Power Supply Unit 450W,Corporate,66.02,198,13071.96,Net 60,True,False
PO-2023-03592,2023-04-04,2023-05-08,2023-05-08,SUP-025,Cascade Semitech,USA,Electronics,PCB Assembly A-11,R&D,56.3,302,17002.6,Net 30,True,False
PO-2023-03540,2023-04-04,2023-04-24,2023-04-27,SUP-036,Golden Dragon Components,China,Electronics,Microcontroller MCU-9,Manufacturing,7.55,3612,27270.6,Net 15,True,False
PO-2023-03516,2023-04-04,2023-04-25,2023-04-25,SUP-034,Pacific Rim Circuits,China,Electronics,Microcontroller MCU-9,R&D,7.67,1858,14250.86,Net 15,True,False
PO-2023-03519,2023-04-04,2023-04-16,2023-04-16,SUP-025,Cascade Semitech,USA,Electronics,Sensor Module SM-3,Corporate,22.22,765,16998.3,Net 60,True,False
PO-2023-03529,2023-04-05,2023-04-29,2023-05-10,SUP-029,Great Wall Components,China,Electronics,Sensor Module SM-3,R&D,24.4,592,14444.8,Net 30,True,False
PO-2023-03507,2023-04-05,2023-04-21,2023-04-27,SUP-029,Great Wall Components,China,Electronics,Microcontroller MCU-9,R&D,7.21,1899,13691.79,Net 30,False,True
PO-2023-03594,2023-04-05,2023-05-01,2023-05-01,SUP-025,Cascade Semitech,USA,Electronics,Connector Kit CK-8,Manufacturing,4.26,4023,17137.98,Net 45,True,True
PO-2023-03577,2023-04-05,2023-05-02,2023-05-02,SUP-028,Summit Components,USA,Electronics,Power Supply Unit 450W,Corporate,70.4,138,9715.2,Net 30,True,False
PO-2023-03579,2023-04-05,2023-05-05,2023-05-05,SUP-028,Summit Components,USA,Electronics,Sensor Module SM-3,Field Services,23.76,530,12592.8,Net 30,True,False
PO-2023-03528,2023-04-05,2023-04-11,2023-04-11,SUP-022,Redwood Components,USA,Electronics,Microcontroller MCU-9,Retail Operations,6.14,4028,24731.92,Net 30,True,False
PO-2023-03575,2023-04-06,2023-04-30,2023-05-12,SUP-029,Great Wall Components,China,Electronics,Connector Kit CK-8,Corporate,4.39,2546,11176.94,Net 30,True,False
PO-2023-03556,2023-04-06,2023-05-02,2023-05-02,SUP-034,Pacific Rim Circuits,China,Electronics,Sensor Module SM-3,Field Services,22.2,593,13164.6,Net 30,False,False
PO-2023-03537,2023-04-06,2023-04-30,2023-04-30,SUP-029,Great Wall Components,China,Electronics,Connector Kit CK-8,Retail Operations,4.34,3031,13154.54,Net 30,True,False
PO-2023-03565,2023-04-06,2023-04-11,2023-04-11,SUP-036,Golden Dragon Components,China,Electronics,Connector Kit CK-8,Corporate,4.44,4307,19123.08,Net 60,True,False
PO-2023-03610,2023-04-06,2023-04-29,2023-04-29,SUP-032,Lotus Components,India,Electronics,Sensor Module SM-3,Corporate,21.5,633,13609.5,Net 30,True,False
PO-2023-03608,2023-04-06,2023-04-22,2023-05-01,SUP-029,Great Wall Components,China,Electronics,Microcontroller MCU-9,R&D,7.49,1527,11437.23,Net 45,True,False
PO-2023-03598,2023-04-06,2023-04-15,2023-04-15,SUP-034,Pacific Rim Circuits,China,Electronics,Sensor Module SM-3,Corporate,23.45,746,17493.7,Net 45,True,False
PO-2023-03595,2023-04-06,2023-05-02,2023-05-02,SUP-022,Redwood Components,USA,Electronics,Microcontroller MCU-9,Field Services,6.72,3917,26322.24,Net 60,False,False
PO-2023-03509,2023-04-07,2023-04-24,2023-04-24,SUP-033,Busan Components,South Korea,Electronics,Connector Kit CK-8,R&D,3.68,3969,14605.92,Net 30,True,False
PO-2023-03605,2023-04-07,2023-04-12,2023-04-12,SUP-033,Busan Components,South Korea,Electronics,Power Supply Unit 450W,Field Services,57.56,125,7195.0,Net 30,True,False
PO-2023-03585,2023-04-07,2023-04-25,2023-04-25,SUP-023,Schwarzwald Circuits,Germany,Electronics,Connector Kit CK-8,Retail Operations,3.45,3268,11274.6,Net 30,True,False
PO-2023-03545,2023-04-07,2023-05-03,2023-05-03,SUP-022,Redwood Components,USA,Electronics,Sensor Module SM-3,Retail Operations,22.39,530,11866.7,Net 45,True,False
PO-2023-03524,2023-04-07,2023-04-20,2023-04-20,SUP-025,Cascade Semitech,USA,Electronics,PCB Assembly A-11,Field Services,52.98,363,19231.74,Net 60,True,False
PO-2023-47128,2023-04-07,2023-05-02,2023-05-02,SUP-034,Pacific Rim Circuits,China,Electronics,Sensor Module SM-3,Field Services,22.2,593,13164.6,Net 30,False,False
PO-2023-03571,2023-04-08,2023-04-19,2023-04-19,SUP-028,Summit Components,USA,Electronics,Power Supply Unit 450W,Manufacturing,69.71,109,7598.39,Net 15,True,False
PO-2023-03550,2023-04-08,2023-04-23,2023-04-23,SUP-025,Cascade Semitech,USA,Electronics,Power Supply Unit 450W,Corporate,65.77,205,13482.85,Net 45,True,False
PO-2023-03588,2023-04-08,2023-04-14,2023-04-14,SUP-025,Cascade Semitech,USA,Electronics,Microcontroller MCU-9,Retail Operations,7.74,1452,11238.48,Net 45,True,False
PO-2023-03500,2023-04-09,2023-05-01,2023-05-01,SUP-025,Cascade Semitech,USA,Electronics,Sensor Module SM-3,Manufacturing,22.75,643,14628.25,Net 30,True,False
PO-2023-03580,2023-04-10,2023-04-15,2023-04-15,SUP-022,Redwood Components,USA,Electronics,Power Supply Unit 450W,Retail Operations,60.43,102,6163.86,Net 30,False,False
PO-2023-03604,2023-04-10,2023-05-09,2023-05-09,SUP-033,Busan Components,South Korea,Electronics,Power Supply Unit 450W,Field Services,56.88,200,11376.0,Net 45,True,False
PO-2023-03554,2023-04-10,2023-04-21,2023-04-21,SUP-035,Pacific Rim Semitech,China,Electronics,Microcontroller MCU-9,R&D,7.56,2563,19376.28,Net 60,True,False
PO-2023-03544,2023-04-10,2023-05-05,2023-05-05,SUP-034,Pacific Rim Circuits,China,Electronics,PCB Assembly A-11,Retail Operations,49.42,213,10526.46,Net 60,True,False
PO-2023-03563,2023-04-10,2023-05-06,2023-05-06,SUP-022,Redwood Components,USA,Electronics,Sensor Module SM-3,R&D,21.96,684,15020.64,Net 45,False,False
PO-2023-03533,2023-04-10,2023-04-22,2023-04-22,SUP-023,Schwarzwald Circuits,Germany,Electronics,Microcontroller MCU-9,Field Services,6.84,3697,25287.48,Net 45,True,False
PO-2023-03522,2023-04-10,2023-05-14,2023-05-14,SUP-032,Lotus Components,India,Electronics,Sensor Module SM-3,Manufacturing,20.93,525,10988.25,Net 60,True,False
PO-2023-03501,2023-04-11,2023-04-25,2023-04-25,SUP-025,Cascade Semitech,USA,Electronics,Microcontroller MCU-9,Field Services,7.5,2839,21292.5,Net 15,True,False
PO-2023-03611,2023-04-11,2023-05-13,2023-05-13,SUP-025,Cascade Semitech,USA,Electronics,Connector Kit CK-8,Manufacturing,4.11,2407,9892.77,Net 30,True,False
PO-2023-03586,2023-04-11,2023-05-10,2023-05-11,SUP-022,Redwood Components,USA,Electronics,Sensor Module SM-3,Corporate,22.38,762,17053.56,Net 60,True,False
PO-2023-03573,2023-04-12,2023-05-08,2023-05-08,SUP-035,Pacific Rim Semitech,China,Electronics,Sensor Module SM-3,Field Services,24.32,496,12062.72,Net 30,True,False
PO-2023-03511,2023-04-12,2023-04-21,2023-04-21,SUP-034,Pacific Rim Circuits,China,Electronics,Sensor Module SM-3,Retail Operations,24.56,428,10511.68,Net 45,True,False
PO-2023-03558,2023-04-12,2023-04-30,2023-04-30,SUP-032,Lotus Components,India,Electronics,Sensor Module SM-3,Field Services,18.92,632,11957.44,Net 30,True,False
PO-2023-03615,2023-04-12,2023-04-26,2023-04-26,SUP-025,Cascade Semitech,USA,Electronics,Connector Kit CK-8,Manufacturing,4.65,4635,21552.75,Net 45,True,False
PO-2023-03551,2023-04-12,2023-04-29,2023-04-29,SUP-025,Cascade Semitech,USA,Electronics,Microcontroller MCU-9,R&D,7.91,2848,22527.68,Net 45,True,False
PO-2023-03593,2023-04-13,2023-05-12,2023-05-12,SUP-030,Sterling Semitech,USA,Electronics,Microcontroller MCU-9,Corporate,7.25,2301,16682.25,Net 45,True,False
PO-2023-03549,2023-04-13,2023-05-15,2023-05-15,SUP-033,Busan Components,South Korea,Electronics,Microcontroller MCU-9,R&D,7.32,2440,17860.8,Net 60,True,False
PO-2023-03606,2023-04-13,2023-04-20,2023-04-20,SUP-035,Pacific Rim Semitech,China,Electronics,Sensor Module SM-3,R&D,24.92,520,12958.4,Net 30,False,False
PO-2023-03623,2023-04-14,2023-04-30,2023-04-30,SUP-033,Busan Components,South Korea,Electronics,PCB Assembly A-11,Corporate,46.73,402,18785.46,Net 45,True,False
PO-2023-03612,2023-04-14,2023-04-27,2023-04-27,SUP-024,Sterling Components,USA,Electronics,Connector Kit CK-8,Retail Operations,4.11,4171,17142.81,Net 45,True,False
PO-2023-03525,2023-04-14,2023-05-10,2023-05-10,SUP-024,Sterling Components,USA,Electronics,PCB Assembly A-11,Retail Operations,49.53,265,13125.45,Net 45,True,False
PO-2023-03521,2023-04-14,2023-05-13,2023-05-14,SUP-034,Pacific Rim Circuits,China,Electronics,Connector Kit CK-8,Retail Operations,4.05,2952,11955.6,Net 30,True,False
PO-2023-03526,2023-04-14,2023-05-13,2023-05-13,SUP-025,Cascade Semitech,USA,Electronics,Microcontroller MCU-9,Manufacturing,7.34,1673,12279.82,Net 30,True,False
PO-2023-03536,2023-04-15,2023-04-25,2023-04-25,SUP-028,Summit Components,USA,Electronics,Power Supply Unit 450W,Manufacturing,59.62,246,14666.52,Net 30,True,False
PO-2023-03620,2023-04-15,2023-05-18,2023-05-22,SUP-036,Golden Dragon Components,China,Electronics,Microcontroller MCU-9,Field Services,8.12,3901,31676.12,Net 45,False,False
PO-2023-03514,2023-04-16,2023-04-23,2023-04-23,SUP-025,Cascade Semitech,USA,Electronics,PCB Assembly A-11,Manufacturing,51.02,235,11989.7,Net 45,True,False
PO-2023-03616,2023-04-17,2023-04-24,2023-04-24,SUP-024,Sterling Components,USA,Electronics,PCB Assembly A-11,Corporate,52.4,180,9432.0,Net 45,True,False
PO-2023-03581,2023-04-17,2023-05-19,2023-05-19,SUP-025,Cascade Semitech,USA,Electronics,Sensor Module SM-3,Corporate,24.72,700,17304.0,Net 60,True,False
PO-2023-03505,2023-04-17,2023-05-05,2023-05-05,SUP-036,Golden Dragon Components,China,Electronics,PCB Assembly A-11,Corporate,54.03,478,25826.34,Net 15,True,False
PO-2023-03538,2023-04-18,2023-05-19,2023-05-19,SUP-022,Redwood Components,USA,Electronics,Microcontroller MCU-9,Field Services,7.16,2739,19611.24,Net 30,True,False
PO-2023-03546,2023-04-19,2023-05-15,2023-05-15,SUP-032,Lotus Components,India,Electronics,Power Supply Unit 450W,Corporate,56.57,162,9164.34,Net 30,True,False
PO-2023-03534,2023-04-19,2023-05-03,2023-05-03,SUP-022,Redwood Components,USA,Electronics,Microcontroller MCU-9,Manufacturing,6.85,3057,20940.45,Net 30,True,False
PO-2023-03570,2023-04-19,2023-05-17,2023-05-23,SUP-029,Great Wall Components,China,Electronics,PCB Assembly A-11,R&D,53.63,156,8366.28,Net 45,False,False
PO-2023-03568,2023-04-19,2023-05-12,2023-05-12,SUP-036,Golden Dragon Components,China,Electronics,Connector Kit CK-8,Retail Operations,4.44,2216,9839.04,Net 15,True,False
PO-2023-03564,2023-04-19,2023-05-06,2023-05-06,SUP-022,Redwood Components,USA,Electronics,PCB Assembly A-11,Manufacturing,46.82,122,5712.04,Net 60,True,False
PO-2023-03583,2023-04-19,2023-05-14,2023-05-14,SUP-025,Cascade Semitech,USA,Electronics,Connector Kit CK-8,Field Services,4.48,4798,21495.04,Net 45,False,False
PO-2023-03499,2023-04-20,2023-05-01,2023-05-01,SUP-032,Lotus Components,India,Electronics,Power Supply Unit 450W,Retail Operations,57.32,107,6133.24,Net 45,True,False
PO-2023-03601,2023-04-20,2023-05-07,2023-05-07,SUP-035,Pacific Rim Semitech,China,Electronics,Sensor Module SM-3,Manufacturing,24.64,592,14586.88,Net 45,True,False
PO-2023-03557,2023-04-20,2023-05-06,2023-05-06,SUP-033,Busan Components,South Korea,Electronics,PCB Assembly A-11,R&D,44.61,397,17710.17,Net 60,True,False
PO-2023-03609,2023-04-21,2023-04-27,2023-04-27,SUP-028,Summit Components,USA,Electronics,PCB Assembly A-11,R&D,53.52,468,25047.36,Net 45,False,False
PO-2023-03531,2023-04-21,2023-05-02,2023-05-02,SUP-033,Busan Components,South Korea,Electronics,Connector Kit CK-8,Field Services,4.08,1798,7335.84,Net 45,True,False
PO-2023-03599,2023-04-21,2023-05-05,2023-05-05,SUP-028,Summit Components,USA,Electronics,Microcontroller MCU-9,R&D,7.64,3364,25700.96,Net 45,True,False
PO-2023-03602,2023-04-21,2023-04-28,2023-04-28,SUP-025,Cascade Semitech,USA,Electronics,Sensor Module SM-3,Retail Operations,24.4,911,22228.4,Net 30,True,False
PO-2023-03597,2023-04-22,2023-05-01,2023-05-01,SUP-024,Sterling Components,USA,Electronics,Connector Kit CK-8,Corporate,4.53,1610,7293.3,Net 45,True,False
PO-2023-03603,2023-04-22,2023-05-09,2023-05-09,SUP-035,Pacific Rim Semitech,China,Electronics,PCB Assembly A-11,Field Services,47.75,557,26596.75,Net 15,True,False
PO-2023-03547,2023-04-22,2023-05-10,2023-05-10,SUP-025,Cascade Semitech,USA,Electronics,PCB Assembly A-11,R&D,53.16,219,11642.04,Net 30,True,False
PO-2023-03566,2023-04-22,2023-05-11,2023-05-11,SUP-033,Busan Components,South Korea,Electronics,Microcontroller MCU-9,Retail Operations,6.48,2758,17871.84,Net 30,True,False
PO-2023-03591,2023-04-23,2023-05-18,2023-05-24,SUP-029,Great Wall Components,China,Electronics,Power Supply Unit 450W,Corporate,61.85,109,6741.65,Net 15,True,True
PO-2023-03567,2023-04-23,2023-05-02,2023-05-02,SUP-034,Pacific Rim Circuits,China,Electronics,Power Supply Unit 450W,Field Services,63.43,140,8880.2,Net 30,True,False
PO-2023-03508,2023-04-23,2023-05-13,2023-05-13,SUP-023,Schwarzwald Circuits,Germany,Electronics,Connector Kit CK-8,R&D,3.74,703,2629.22,Net 30,True,False
PO-2023-03510,2023-04-23,2023-05-21,2023-05-21,SUP-028,Summit Components,USA,Electronics,Connector Kit CK-8,R&D,4.64,2590,12017.6,Net 30,True,False
PO-2023-03513,2023-04-23,2023-05-20,2023-05-20,SUP-032,Lotus Components,India,Electronics,PCB Assembly A-11,Field Services,43.81,570,24971.7,Net 45,False,False
PO-2023-03622,2023-04-24,2023-05-28,2023-05-28,SUP-025,Cascade Semitech,USA,Electronics,Microcontroller MCU-9,Retail Operations,8.36,2628,21970.08,Net 45,True,False
PO-2023-03613,2023-04-24,2023-05-07,2023-05-07,SUP-036,Golden Dragon Components,China,Electronics,Microcontroller MCU-9,Field Services,7.71,3733,28781.43,Net 15,False,False
PO-2023-03555,2023-04-24,2023-05-14,2023-05-24,SUP-029,Great Wall Components,China,Electronics,Power Supply Unit 450W,Manufacturing,63.83,118,7531.94,Net 45,True,True
PO-2023-03504,2023-04-24,2023-04-29,2023-04-29,SUP-028,Summit Components,USA,Electronics,Connector Kit CK-8,Manufacturing,4.44,5225,23199.0,Net 60,False,False
PO-2023-03502,2023-04-24,2023-05-24,2023-05-24,SUP-025,Cascade Semitech,USA,Electronics,Connector Kit CK-8,R&D,4.21,3135,13198.35,Net 15,True,False
PO-2023-03552,2023-04-25,2023-05-12,2023-05-17,SUP-032,Lotus Components,India,Electronics,Power Supply Unit 450W,Corporate,50.93,110,5602.3,Net 30,True,False
PO-2023-03584,2023-04-25,2023-05-26,2023-05-26,SUP-036,Golden Dragon Components,China,Electronics,PCB Assembly A-11,Retail Operations,54.26,462,25068.12,Net 45,True,False
PO-2023-03607,2023-04-25,2023-05-29,2023-05-29,SUP-024,Sterling Components,USA,Electronics,PCB Assembly A-11,R&D,48.29,488,23565.52,Net 45,True,False
PO-2023-03589,2023-04-26,2023-05-06,2023-05-06,SUP-024,Sterling Components,USA,Electronics,Sensor Module SM-3,Manufacturing,23.28,765,17809.2,Net 45,True,False
PO-2023-03548,2023-04-26,2023-05-08,2023-05-08,SUP-032,Lotus Components,India,Electronics,Power Supply Unit 450W,Corporate,57.78,74,4275.72,Net 30,True,False
PO-2023-03569,2023-04-26,2023-05-02,2023-05-02,SUP-033,Busan Components,South Korea,Electronics,Power Supply Unit 450W,Corporate,55.06,165,9084.9,Net 30,True,False
PO-2023-03578,2023-04-27,2023-05-14,2023-05-14,SUP-028,Summit Components,USA,Electronics,Connector Kit CK-8,Field Services,4.13,3946,16296.98,Net 60,False,False
PO-2023-03621,2023-04-27,2023-05-31,2023-05-31,SUP-022,Redwood Components,USA,Electronics,Sensor Module SM-3,Field Services,24.34,726,17670.84,Net 30,True,False
PO-2023-03618,2023-04-27,2023-05-27,2023-05-27,SUP-025,Cascade Semitech,USA,Electronics,Microcontroller MCU-9,Field Services,7.51,1933,14516.83,Net 45,True,False
PO-2023-03596,2023-04-27,2023-05-02,2023-05-02,SUP-022,Redwood Components,USA,Electronics,Microcontroller MCU-9,Manufacturing,7.48,1954,14615.92,Net 30,True,False
PO-2023-03541,2023-04-27,2023-05-26,2023-05-26,SUP-025,Cascade Semitech,USA,Electronics,Connector Kit CK-8,R&D,4.83,4254,20546.82,Net 30,True,False
PO-2023-03542,2023-04-27,2023-05-17,2023-05-17,SUP-022,Redwood Components,USA,Electronics,Sensor Module SM-3,Field Services,22.25,709,15775.25,Net 45,False,False
PO-2023-03523,2023-04-28,2023-05-28,2023-05-28,SUP-024,Sterling Components,USA,Electronics,Power Supply Unit 450W,R&D,59.68,158,9429.44,Net 30,True,False
PO-2023-03553,2023-04-28,2023-05-14,2023-05-14,SUP-032,Lotus Components,India,Electronics,Sensor Module SM-3,R&D,20.65,1002,20691.3,Net 15,True,False
PO-2023-03619,2023-04-28,2023-05-16,2023-05-16,SUP-025,Cascade Semitech,USA,Electronics,PCB Assembly A-11,Corporate,52.64,361,19003.04,Net 30,True,False
PO-2023-03587,2023-04-29,2023-05-06,2023-05-08,SUP-028,Summit Components,USA,Electronics,Power Supply Unit 450W,Retail Operations,62.65,171,10713.15,Net 45,True,False
PO-2023-03560,2023-04-29,2023-05-06,2023-05-06,SUP-026,Great Wall Circuits,China,Electronics,Microcontroller MCU-9,Retail Operations,8.82,2054,18116.28,Net 45,True,False
PO-2023-03572,2023-04-29,2023-05-27,2023-05-27,SUP-033,Busan Components,South Korea,Electronics,Power Supply Unit 450W,Manufacturing,59.7,206,12298.2,Net 60,True,False
PO-2023-03543,2023-04-29,2023-05-31,2023-05-31,SUP-033,Busan Components,South Korea,Electronics,PCB Assembly A-11,R&D,46.0,543,24978.0,Net 45,True,False
PO-2023-03520,2023-04-29,2023-05-07,2023-05-07,SUP-022,Redwood Components,USA,Electronics,Power Supply Unit 450W,Manufacturing,57.3,63,3609.9,Net 45,True,False
PO-2023-03512,2023-04-29,2023-05-17,2023-05-31,SUP-029,Great Wall Components,China,Electronics,Sensor Module SM-3,R&D,23.61,568,13410.48,Net 15,True,False
PO-2023-03559,2023-04-29,2023-05-26,2023-05-27,SUP-025,Cascade Semitech,USA,Electronics,Connector Kit CK-8,Retail Operations,4.37,3725,16278.25,Net 30,True,False
PO-2023-03530,2023-04-30,2023-05-06,2023-05-06,SUP-032,Lotus Components,India,Electronics,PCB Assembly A-11,Manufacturing,44.04,392,17263.68,Net 30,True,False
PO-2023-03527,2023-04-30,2023-05-11,2023-05-11,SUP-028,Summit Components,USA,Electronics,Power Supply Unit 450W,Retail Operations,64.69,133,8603.77,Net 30,True,False
PO-2023-04588,2023-05-01,2023-05-24,2023-05-24,SUP-028,Summit Components,USA,Electronics,Connector Kit CK-8,Retail Operations,4.69,4147,19449.43,Net 15,True,False
PO-2023-04636,2023-05-01,2023-05-14,2023-05-14,SUP-032,Lotus Components,India,Electronics,Power Supply Unit 450W,Manufacturing,55.69,12,668.28,Net 30,True,False
PO-2023-04651,2023-05-01,2023-05-28,2023-05-28,SUP-036,Golden Dragon Components,China,Electronics,PCB Assembly A-11,Field Services,57.53,487,28017.11,Net 45,True,False
PO-2023-04662,2023-05-01,2023-05-06,2023-05-06,SUP-027,Golden Dragon Circuits,China,Electronics,PCB Assembly A-11,Retail Operations,56.15,550,30882.5,Net 15,True,False
PO-2023-04593,2023-05-01,2023-05-12,2023-05-13,SUP-033,Busan Components,South Korea,Electronics,PCB Assembly A-11,Field Services,42.4,437,18528.8,Net 30,True,True
PO-2023-04562,2023-05-02,2023-05-11,2023-05-11,SUP-036,Golden Dragon Components,China,Electronics,Sensor Module SM-3,R&D,24.22,372,9009.84,Net 15,True,False
PO-2023-04598,2023-05-02,2023-06-05,2023-06-05,SUP-028,Summit Components,USA,Electronics,Sensor Module SM-3,Corporate,25.05,232,5811.6,Net 60,True,False
PO-2023-04610,2023-05-02,2023-05-21,2023-05-21,SUP-032,Lotus Components,India,Electronics,PCB Assembly A-11,Manufacturing,45.41,441,20025.81,Net 30,True,False
PO-2023-04630,2023-05-02,2023-05-25,2023-05-25,SUP-032,Lotus Components,India,Electronics,Microcontroller MCU-9,Manufacturing,6.47,3226,20872.22,Net 60,True,False
PO-2023-04631,2023-05-02,2023-05-09,2023-05-09,SUP-022,Redwood Components,USA,Electronics,Sensor Module SM-3,Field Services,22.57,169,3814.33,Net 45,True,False
PO-2023-04689,2023-05-02,2023-05-29,2023-05-31,SUP-022,Redwood Components,USA,Electronics,Microcontroller MCU-9,R&D,7.81,3148,24585.88,Net 30,False,False
PO-2023-04559,2023-05-03,2023-05-29,2023-05-29,SUP-032,Lotus Components,India,Electronics,PCB Assembly A-11,Manufacturing,45.28,355,16074.4,Net 45,True,False
PO-2023-04625,2023-05-03,2023-05-08,2023-05-08,SUP-028,Summit Components,USA,Electronics,Sensor Module SM-3,R&D,23.93,589,14094.77,Net 30,True,False
PO-2023-04635,2023-05-03,2023-05-20,2023-05-20,SUP-036,Golden Dragon Components,China,Electronics,Connector Kit CK-8,R&D,4.39,3458,15180.62,Net 30,True,False
PO-2023-04642,2023-05-03,2023-06-05,2023-06-05,SUP-022,Redwood Components,USA,Electronics,PCB Assembly A-11,Retail Operations,50.92,734,37375.28,Net 15,True,False
PO-2023-04585,2023-05-04,2023-05-19,2023-05-19,SUP-028,Summit Components,USA,Electronics,PCB Assembly A-11,Retail Operations,52.87,364,19244.68,Net 60,True,False
PO-2023-04663,2023-05-04,2023-06-01,2023-06-01,SUP-034,Pacific Rim Circuits,China,Electronics,Power Supply Unit 450W,R&D,64.38,115,7403.7,Net 30,True,False
PO-2023-04656,2023-05-04,2023-06-04,2023-06-04,SUP-025,Cascade Semitech,USA,Electronics,Sensor Module SM-3,R&D,23.21,522,12115.62,Net 60,True,False
PO-2023-04645,2023-05-04,2023-05-27,2023-05-27,SUP-028,Summit Components,USA,Electronics,Power Supply Unit 450W,Corporate,65.05,134,8716.7,Net 30,True,False
PO-2023-04644,2023-05-04,2023-05-30,2023-05-30,SUP-025,Cascade Semitech,USA,Electronics,Connector Kit CK-8,Field Services,4.49,4568,20510.32,Net 15,True,False
PO-2023-04568,2023-05-04,2023-05-23,2023-05-25,SUP-032,Lotus Components,India,Electronics,Power Supply Unit 450W,Retail Operations,54.23,222,12039.06,Net 30,True,False
PO-2023-04632,2023-05-04,2023-05-22,2023-05-22,SUP-033,Busan Components,South Korea,Electronics,Microcontroller MCU-9,Manufacturing,7.02,954,6697.08,Net 45,True,False
PO-2023-04624,2023-05-04,2023-05-15,2023-05-15,SUP-024,Sterling Components,USA,Electronics,PCB Assembly A-11,R&D,52.81,457,24134.17,Net 45,True,False
PO-2023-04649,2023-05-05,2023-05-31,2023-05-31,SUP-026,Great Wall Circuits,China,Electronics,Connector Kit CK-8,Field Services,4.89,1768,8645.52,Net 45,True,False
PO-2023-04620,2023-05-05,2023-05-15,2023-05-15,SUP-033,Busan Components,South Korea,Electronics,Connector Kit CK-8,Retail Operations,3.68,2636,9700.48,Net 30,True,False
PO-2023-04594,2023-05-05,2023-05-12,2023-05-12,SUP-025,Cascade Semitech,USA,Electronics,Connector Kit CK-8,R&D,4.8,3523,16910.4,Net 45,True,False
PO-2023-04586,2023-05-05,2023-06-04,2023-06-04,SUP-036,Golden Dragon Components,China,Electronics,Connector Kit CK-8,Retail Operations,4.83,2294,11080.02,Net 45,False,False
PO-2023-04584,2023-05-05,2023-05-17,2023-05-17,SUP-024,Sterling Components,USA,Electronics,Connector Kit CK-8,Retail Operations,4.62,2742,12668.04,Net 30,True,False
PO-2023-04580,2023-05-06,2023-06-08,2023-06-08,SUP-035,Pacific Rim Semitech,China,Electronics,Connector Kit CK-8,Retail Operations,4.09,4910,20081.9,Net 30,True,False
PO-2023-04581,2023-05-06,2023-06-05,2023-06-05,SUP-030,Sterling Semitech,USA,Electronics,PCB Assembly A-11,Manufacturing,49.6,275,13640.0,Net 45,True,False
PO-2023-04576,2023-05-07,2023-05-30,2023-05-30,SUP-033,Busan Components,South Korea,Electronics,Power Supply Unit 450W,Corporate,56.95,144,8200.8,Net 60,False,False
PO-2023-04691,2023-05-07,2023-05-31,2023-06-02,SUP-036,Golden Dragon Components,China,Electronics,Sensor Module SM-3,Retail Operations,25.35,829,21015.15,Net 30,True,False
PO-2023-04685,2023-05-07,2023-05-17,2023-05-17,SUP-032,Lotus Components,India,Electronics,Connector Kit CK-8,Retail Operations,3.69,2425,8948.25,Net 60,True,False
PO-2023-04647,2023-05-07,2023-06-10,2023-06-10,SUP-034,Pacific Rim Circuits,China,Electronics,Sensor Module SM-3,Retail Operations,22.27,381,8484.87,Net 45,True,False
PO-2023-04686,2023-05-07,2023-06-03,2023-06-03,SUP-028,Summit Components,USA,Electronics,Connector Kit CK-8,Manufacturing,4.34,3286,14261.24,Net 30,True,False
PO-2023-04590,2023-05-07,2023-05-29,2023-05-29,SUP-032,Lotus Components,India,Electronics,PCB Assembly A-11,Retail Operations,44.3,240,10632.0,Net 45,True,False
PO-2023-04665,2023-05-08,2023-05-18,2023-05-18,SUP-025,Cascade Semitech,USA,Electronics,Power Supply Unit 450W,Retail Operations,70.2,170,11934.0,Net 30,True,False
PO-2023-04560,2023-05-08,2023-05-23,2023-05-24,SUP-028,Summit Components,USA,Electronics,Microcontroller MCU-9,Retail Operations,8.12,1530,12423.6,Net 30,True,False
PO-2023-04582,2023-05-08,2023-05-15,2023-05-15,SUP-034,Pacific Rim Circuits,China,Electronics,Sensor Module SM-3,Corporate,22.77,613,13958.01,Net 30,True,False
PO-2023-04619,2023-05-08,2023-05-13,2023-05-13,SUP-028,Summit Components,USA,Electronics,Microcontroller MCU-9,R&D,7.93,2882,22854.26,Net 60,True,False
PO-2023-04611,2023-05-08,2023-05-24,2023-05-24,SUP-024,Sterling Components,USA,Electronics,Microcontroller MCU-9,Field Services,7.29,890,6488.1,Net 30,True,False
PO-2023-04579,2023-05-08,2023-05-17,2023-05-17,SUP-032,Lotus Components,India,Electronics,Microcontroller MCU-9,Retail Operations,6.86,1875,12862.5,Net 45,False,False
PO-2023-04570,2023-05-09,2023-05-22,2023-05-22,SUP-034,Pacific Rim Circuits,China,Electronics,Microcontroller MCU-9,R&D,6.93,1538,10658.34,Net 30,False,False
PO-2023-04640,2023-05-09,2023-06-03,2023-06-03,SUP-034,Pacific Rim Circuits,China,Electronics,Power Supply Unit 450W,Manufacturing,61.07,204,12458.28,Net 30,True,False
PO-2023-04676,2023-05-09,2023-05-28,2023-05-28,SUP-034,Pacific Rim Circuits,China,Electronics,Sensor Module SM-3,R&D,22.86,775,17716.5,Net 30,True,False
PO-2023-04667,2023-05-09,2023-06-08,2023-06-08,SUP-028,Summit Components,USA,Electronics,Sensor Module SM-3,Retail Operations,23.28,363,8450.64,Net 45,True,False
PO-2023-04684,2023-05-09,2023-05-30,2023-05-30,SUP-036,Golden Dragon Components,China,Electronics,Sensor Module SM-3,Retail Operations,26.15,696,18200.4,Net 45,True,False
PO-2023-04633,2023-05-09,2023-06-10,2023-06-12,SUP-036,Golden Dragon Components,China,Electronics,Power Supply Unit 450W,Retail Operations,66.68,153,10202.04,Net 30,True,False
PO-2023-04606,2023-05-10,2023-05-19,2023-05-19,SUP-033,Busan Components,South Korea,Electronics,PCB Assembly A-11,Manufacturing,44.73,549,24556.77,Net 30,True,False
PO-2023-04660,2023-05-10,2023-05-27,2023-05-27,SUP-033,Busan Components,South Korea,Electronics,Microcontroller MCU-9,R&D,6.53,2508,16377.24,Net 30,True,False
PO-2023-04659,2023-05-11,2023-06-03,2023-06-03,SUP-034,Pacific Rim Circuits,China,Electronics,PCB Assembly A-11,Field Services,50.02,413,20658.26,Net 45,True,False
PO-2023-04592,2023-05-11,2023-06-05,2023-06-10,SUP-029,Great Wall Components,China,Electronics,PCB Assembly A-11,Retail Operations,42.76,315,13469.4,Net 45,True,False
PO-2023-04678,2023-05-12,2023-05-25,2023-06-03,SUP-029,Great Wall Components,China,Electronics,Microcontroller MCU-9,Manufacturing,8.01,3044,24382.44,Net 30,True,True
PO-2023-04565,2023-05-12,2023-05-22,2023-05-22,SUP-032,Lotus Components,India,Electronics,PCB Assembly A-11,Field Services,48.88,502,24537.76,Net 30,False,False
PO-2023-04608,2023-05-13,2023-06-11,2023-06-11,SUP-022,Redwood Components,USA,Electronics,Microcontroller MCU-9,Corporate,6.68,1916,12798.88,Net 45,True,False
PO-2023-04616,2023-05-13,2023-05-31,2023-05-31,SUP-034,Pacific Rim Circuits,China,Electronics,Power Supply Unit 450W,Field Services,67.35,225,15153.75,Net 15,True,False
PO-2023-04626,2023-05-13,2023-05-26,2023-05-26,SUP-024,Sterling Components,USA,Electronics,Power Supply Unit 450W,Field Services,64.02,60,3841.2,Net 60,True,False
PO-2023-04674,2023-05-13,2023-05-22,2023-05-22,SUP-034,Pacific Rim Circuits,China,Electronics,PCB Assembly A-11,Field Services,51.17,534,27324.78,Net 45,False,False
PO-2023-04664,2023-05-14,2023-05-27,2023-05-27,SUP-028,Summit Components,USA,Electronics,Power Supply Unit 450W,Retail Operations,68.38,134,9162.92,Net 45,True,False
PO-2023-04574,2023-05-14,2023-06-17,2023-06-17,SUP-033,Busan Components,South Korea,Electronics,Connector Kit CK-8,Corporate,3.87,2691,10414.17,Net 30,True,False
PO-2023-04573,2023-05-14,2023-06-05,2023-06-05,SUP-036,Golden Dragon Components,China,Electronics,Connector Kit CK-8,R&D,4.87,3986,19411.82,Net 30,False,False
PO-2023-04668,2023-05-15,2023-06-16,2023-06-16,SUP-032,Lotus Components,India,Electronics,Microcontroller MCU-9,Field Services,6.12,1862,11395.44,Net 30,False,False
PO-2023-04666,2023-05-15,2023-05-29,2023-05-29,SUP-032,Lotus Components,India,Electronics,Power Supply Unit 450W,Corporate,58.96,202,11909.92,Net 45,True,False
PO-2023-04657,2023-05-15,2023-06-11,2023-06-11,SUP-034,Pacific Rim Circuits,China,Electronics,Sensor Module SM-3,Manufacturing,25.68,709,18207.12,Net 15,True,False
PO-2023-04578,2023-05-15,2023-05-29,2023-05-29,SUP-036,Golden Dragon Components,China,Electronics,Sensor Module SM-3,Field Services,23.07,1,23.07,Net 30,True,False
PO-2023-04643,2023-05-15,2023-05-29,2023-05-29,SUP-028,Summit Components,USA,Electronics,Connector Kit CK-8,Retail Operations,4.76,2175,10353.0,Net 45,True,False
PO-2023-04605,2023-05-15,2023-06-02,2023-06-02,SUP-034,Pacific Rim Circuits,China,Electronics,PCB Assembly A-11,Manufacturing,51.2,478,24473.6,Net 45,False,False
PO-2023-04629,2023-05-15,2023-06-16,2023-06-16,SUP-022,Redwood Components,USA,Electronics,PCB Assembly A-11,Corporate,44.96,392,17624.32,Net 15,True,False
PO-2023-04690,2023-05-16,2023-05-24,2023-05-24,SUP-024,Sterling Components,USA,Electronics,Sensor Module SM-3,Retail Operations,24.03,724,17397.72,Net 45,True,False
PO-2023-04569,2023-05-16,2023-06-18,2023-06-18,SUP-033,Busan Components,South Korea,Electronics,Sensor Module SM-3,Corporate,21.93,792,17368.56,Net 45,True,False
PO-2023-04679,2023-05-16,2023-05-29,2023-05-29,SUP-024,Sterling Components,USA,Electronics,Power Supply Unit 450W,Retail Operations,59.94,143,8571.42,Net 60,True,False
PO-2023-04627,2023-05-16,2023-06-12,2023-06-12,SUP-025,Cascade Semitech,USA,Electronics,Power Supply Unit 450W,Corporate,64.41,155,9983.55,Net 15,True,False
PO-2023-04587,2023-05-16,2023-05-28,2023-05-28,SUP-033,Busan Components,South Korea,Electronics,Connector Kit CK-8,Corporate,3.61,3441,12422.01,Net 45,True,False
PO-2023-04563,2023-05-16,2023-05-24,2023-05-24,SUP-024,Sterling Components,USA,Electronics,PCB Assembly A-11,Manufacturing,49.73,472,23472.56,Net 45,True,False
PO-2023-04612,2023-05-16,2023-06-15,2023-06-15,SUP-034,Pacific Rim Circuits,China,Electronics,Connector Kit CK-8,Corporate,4.41,2346,10345.86,Net 60,True,False
PO-2023-04595,2023-05-17,2023-06-13,2023-06-22,SUP-029,Great Wall Components,China,Electronics,Sensor Module SM-3,Manufacturing,26.11,613,16005.43,Net 30,True,False
PO-2023-04601,2023-05-18,2023-06-19,2023-06-19,SUP-026,Great Wall Circuits,China,Electronics,Power Supply Unit 450W,Corporate,67.18,202,13570.36,Net 30,True,False
PO-2023-04603,2023-05-18,2023-06-02,2023-06-02,SUP-028,Summit Components,USA,Electronics,PCB Assembly A-11,Field Services,58.52,366,21418.32,Net 30,True,False
PO-2023-04609,2023-05-18,2023-05-24,2023-05-24,SUP-028,Summit Components,USA,Electronics,Power Supply Unit 450W,R&D,67.8,232,15729.6,Net 15,True,False
PO-2023-04650,2023-05-18,2023-06-04,2023-06-08,SUP-032,Lotus Components,India,Electronics,Connector Kit CK-8,Corporate,3.77,2505,9443.85,Net 30,True,False
PO-2023-04680,2023-05-18,2023-06-12,2023-06-12,SUP-033,Busan Components,South Korea,Electronics,Power Supply Unit 450W,Corporate,53.69,133,7140.77,Net 45,True,False
PO-2023-04677,2023-05-18,2023-06-21,2023-06-21,SUP-022,Redwood Components,USA,Electronics,Power Supply Unit 450W,Field Services,56.53,112,6331.36,Net 45,False,False
PO-2023-04572,2023-05-18,2023-06-16,2023-06-16,SUP-022,Redwood Components,USA,Electronics,Microcontroller MCU-9,Manufacturing,7.37,2363,17415.31,Net 15,True,False
PO-2023-04558,2023-05-18,2023-06-06,2023-06-06,SUP-025,Cascade Semitech,USA,Electronics,Sensor Module SM-3,Retail Operations,24.82,741,18391.62,Net 30,True,False
PO-2023-04661,2023-05-18,2023-06-13,2023-06-13,SUP-025,Cascade Semitech,USA,Electronics,Sensor Module SM-3,Manufacturing,23.8,285,6783.0,Net 45,True,False
PO-2023-04564,2023-05-19,2023-06-19,2023-06-19,SUP-028,Summit Components,USA,Electronics,Sensor Module SM-3,R&D,21.69,1089,23620.41,Net 60,True,False
PO-2023-04681,2023-05-20,2023-06-01,2023-06-05,SUP-022,Redwood Components,USA,Electronics,Connector Kit CK-8,Manufacturing,4.01,4895,19628.95,Net 30,True,False
PO-2023-04670,2023-05-20,2023-06-11,2023-06-11,SUP-032,Lotus Components,India,Electronics,Connector Kit CK-8,Manufacturing,3.67,2501,9178.67,Net 30,True,False
PO-2023-04596,2023-05-21,2023-06-12,2023-06-12,SUP-028,Summit Components,USA,Electronics,Power Supply Unit 450W,R&D,67.07,176,11804.32,Net 45,True,False
PO-2023-04623,2023-05-21,2023-06-05,2023-06-05,SUP-027,Golden Dragon Circuits,China,Electronics,Microcontroller MCU-9,Manufacturing,7.43,1176,8737.68,Net 30,True,False
PO-2023-04669,2023-05-21,2023-06-05,2023-06-05,SUP-032,Lotus Components,India,Electronics,Microcontroller MCU-9,Manufacturing,6.65,3166,21053.9,Net 30,True,False
PO-2023-04646,2023-05-21,2023-06-04,2023-06-04,SUP-036,Golden Dragon Components,China,Electronics,Power Supply Unit 450W,Retail Operations,67.46,123,8297.58,Net 30,True,False
PO-2023-04671,2023-05-22,2023-06-06,2023-06-06,SUP-036,Golden Dragon Components,China,Electronics,Connector Kit CK-8,R&D,4.8,1106,5308.8,Net 30,True,False
PO-2023-04682,2023-05-22,2023-06-03,2023-06-03,SUP-022,Redwood Components,USA,Electronics,Sensor Module SM-3,Retail Operations,22.88,316,7230.08,Net 30,True,False
PO-2023-04571,2023-05-22,2023-06-24,2023-06-24,SUP-025,Cascade Semitech,USA,Electronics,Sensor Module SM-3,Field Services,24.0,534,12816.0,Net 60,False,False
PO-2023-04575,2023-05-22,2023-06-11,2023-06-11,SUP-028,Summit Components,USA,Electronics,Connector Kit CK-8,Field Services,4.27,2782,11879.14,Net 60,False,False
PO-2023-04688,2023-05-22,2023-06-10,2023-06-10,SUP-036,Golden Dragon Components,China,Electronics,Sensor Module SM-3,Retail Operations,24.62,451,11103.62,Net 45,True,False
PO-2023-04561,2023-05-22,2023-06-16,2023-06-16,SUP-022,Redwood Components,USA,Electronics,Sensor Module SM-3,R&D,22.52,558,12566.16,Net 30,True,False
PO-2023-04654,2023-05-23,2023-06-12,2023-06-12,SUP-034,Pacific Rim Circuits,China,Electronics,PCB Assembly A-11,Retail Operations,50.98,241,12286.18,Net 45,True,True
PO-2023-04653,2023-05-23,2023-06-12,2023-06-12,SUP-035,Pacific Rim Semitech,China,Electronics,Microcontroller MCU-9,Field Services,7.92,1256,9947.52,Net 30,True,False
PO-2023-04638,2023-05-23,2023-05-29,2023-05-29,SUP-025,Cascade Semitech,USA,Electronics,Microcontroller MCU-9,Corporate,7.43,2148,15959.64,Net 30,True,False
PO-2023-04639,2023-05-23,2023-05-31,2023-05-31,SUP-036,Golden Dragon Components,China,Electronics,Microcontroller MCU-9,Retail Operations,8.17,1200,9804.0,Net 30,True,False
PO-2023-04675,2023-05-23,2023-06-24,2023-06-24,SUP-034,Pacific Rim Circuits,China,Electronics,Connector Kit CK-8,Corporate,4.14,2872,11890.08,Net 30,True,False
PO-2023-04641,2023-05-23,2023-06-17,2023-06-17,SUP-024,Sterling Components,USA,Electronics,Connector Kit CK-8,Field Services,4.44,1545,6859.8,Net 45,True,False
PO-2023-04583,2023-05-23,2023-06-09,2023-06-09,SUP-028,Summit Components,USA,Electronics,Sensor Module SM-3,Field Services,24.18,587,14193.66,Net 30,True,False
PO-2023-04577,2023-05-23,2023-06-09,2023-06-09,SUP-025,Cascade Semitech,USA,Electronics,Sensor Module SM-3,Manufacturing,24.22,860,20829.2,Net 60,True,False
PO-2023-04597,2023-05-24,2023-06-09,2023-06-09,SUP-025,Cascade Semitech,USA,Electronics,PCB Assembly A-11,Manufacturing,50.66,469,23759.54,Net 30,True,False
PO-2023-04599,2023-05-24,2023-06-22,2023-06-22,SUP-034,Pacific Rim Circuits,China,Electronics,Sensor Module SM-3,Retail Operations,23.51,1149,27012.99,Net 45,True,False
PO-2023-04648,2023-05-25,2023-06-04,2023-06-04,SUP-028,Summit Components,USA,Electronics,Power Supply Unit 450W,Field Services,64.06,142,9096.52,Net 45,True,False
PO-2023-04658,2023-05-26,2023-06-05,2023-06-05,SUP-032,Lotus Components,India,Electronics,PCB Assembly A-11,Corporate,44.64,336,14999.04,Net 60,True,False
PO-2023-04614,2023-05-26,2023-06-21,2023-06-21,SUP-033,Busan Components,South Korea,Electronics,Connector Kit CK-8,R&D,3.86,2363,9121.18,Net 30,False,False
PO-2023-04683,2023-05-26,2023-06-17,2023-06-17,SUP-036,Golden Dragon Components,China,Electronics,Power Supply Unit 450W,Retail Operations,66.02,132,8714.64,Net 60,True,False
PO-2023-04604,2023-05-26,2023-06-04,2023-06-04,SUP-034,Pacific Rim Circuits,China,Electronics,PCB Assembly A-11,Retail Operations,51.8,192,9945.6,Net 45,True,False
PO-2023-04566,2023-05-26,2023-06-21,2023-06-21,SUP-032,Lotus Components,India,Electronics,Connector Kit CK-8,Corporate,3.26,640,2086.4,Net 45,True,False
PO-2023-04622,2023-05-27,2023-06-22,2023-06-22,SUP-032,Lotus Components,India,Electronics,Power Supply Unit 450W,R&D,56.63,110,6229.3,Net 30,True,False
PO-2023-04687,2023-05-27,2023-06-02,2023-06-02,SUP-034,Pacific Rim Circuits,China,Electronics,Power Supply Unit 450W,Manufacturing,60.69,173,10499.37,Net 60,True,False
PO-2023-04621,2023-05-27,2023-06-05,2023-06-06,SUP-022,Redwood Components,USA,Electronics,Sensor Module SM-3,Retail Operations,22.19,880,19527.2,Net 30,True,False
PO-2023-04602,2023-05-27,2023-06-28,2023-07-22,SUP-029,Great Wall Components,China,Electronics,Connector Kit CK-8,Corporate,3.66,2181,7982.46,Net 45,True,False
PO-2023-04589,2023-05-27,2023-06-17,2023-06-17,SUP-025,Cascade Semitech,USA,Electronics,Microcontroller MCU-9,R&D,8.07,543,4382.01,Net 30,True,False
PO-2023-04591,2023-05-27,2023-06-04,2023-06-04,SUP-032,Lotus Components,India,Electronics,Connector Kit CK-8,R&D,3.72,4632,17231.04,Net 15,True,False
PO-2023-04557,2023-05-28,2023-06-04,2023-06-04,SUP-032,Lotus Components,India,Electronics,Connector Kit CK-8,Retail Operations,3.57,1862,6647.34,Net 15,True,False
PO-2023-04628,2023-05-28,2023-06-29,2023-06-29,SUP-035,Pacific Rim Semitech,China,Electronics,Power Supply Unit 450W,Retail Operations,61.3,178,10911.4,Net 30,True,False
PO-2023-04615,2023-05-28,2023-06-11,2023-06-11,SUP-028,Summit Components,USA,Electronics,Microcontroller MCU-9,Manufacturing,7.66,2217,16982.22,Net 30,True,False
PO-2023-04600,2023-05-28,2023-06-12,2023-06-13,SUP-024,Sterling Components,USA,Electronics,Sensor Module SM-3,Field Services,22.78,695,15832.1,Net 60,True,False
PO-2023-04618,2023-05-29,2023-06-14,2023-06-14,SUP-036,Golden Dragon Components,China,Electronics,PCB Assembly A-11,Retail Operations,53.67,77,4132.59,Net 45,True,False
PO-2023-04567,2023-05-29,2023-06-19,2023-06-19,SUP-022,Redwood Components,USA,Electronics,Connector Kit CK-8,Manufacturing,3.83,1709,6545.47,Net 45,True,False
PO-2023-04655,2023-05-29,2023-06-27,2023-07-03,SUP-029,Great Wall Components,China,Electronics,Connector Kit CK-8,Corporate,4.26,4069,17333.94,Net 30,True,False
PO-2023-04673,2023-05-30,2023-06-19,2023-06-19,SUP-036,Golden Dragon Components,China,Electronics,Connector Kit CK-8,Retail Operations,4.55,3567,16229.85,Net 45,True,False
PO-2023-04652,2023-05-30,2023-07-03,2023-07-03,SUP-034,Pacific Rim Circuits,China,Electronics,Sensor Module SM-3,Manufacturing,25.87,638,16505.06,Net 60,True,False
PO-2023-04613,2023-05-30,2023-06-15,2023-06-15,SUP-036,Golden Dragon Components,China,Electronics,PCB Assembly A-11,Manufacturing,58.84,373,21947.32,Net 30,True,False
PO-2023-04617,2023-05-30,2023-07-02,2023-07-02,SUP-025,Cascade Semitech,USA,Electronics,PCB Assembly A-11,R&D,46.18,397,18333.46,Net 30,True,False
PO-2023-04607,2023-05-31,2023-06-13,2023-06-13,SUP-026,Great Wall Circuits,China,Electronics,PCB Assembly A-11,Field Services,52.21,399,20831.79,Net 30,True,False
PO-2023-04634,2023-05-31,2023-06-07,2023-06-07,SUP-028,Summit Components,USA,Electronics,Power Supply Unit 450W,Field Services,60.51,167,10105.17,Net 60,False,False
PO-2023-04637,2023-05-31,2023-06-22,2023-06-22,SUP-032,Lotus Components,India,Electronics,Sensor Module SM-3,R&D,21.42,575,12316.5,Net 15,True,False
PO-2023-04672,2023-05-31,2023-07-02,2023-07-05,SUP-026,Great Wall Circuits,China,Electronics,Power Supply Unit 450W,Manufacturing,70.62,177,12499.74,Net 60,True,False
PO-2023-05623,2023-06-01,2023-06-26,2023-06-26,SUP-028,Summit Components,USA,Electronics,Power Supply Unit 450W,Corporate,64.88,160,10380.8,Net 45,True,False
PO-2023-05664,2023-06-01,2023-06-24,2023-06-25,SUP-035,Pacific Rim Semitech,China,Electronics,Power Supply Unit 450W,Field Services,65.53,88,5766.64,Net 15,True,False
PO-2023-05641,2023-06-01,2023-06-26,2023-06-26,SUP-034,Pacific Rim Circuits,China,Electronics,Sensor Module SM-3,Manufacturing,26.24,471,12359.04,Net 30,True,False
PO-2023-05735,2023-06-01,2023-06-15,2023-06-15,SUP-027,Golden Dragon Circuits,China,Electronics,PCB Assembly A-11,R&D,53.41,640,34182.4,Net 30,True,False
PO-2023-05699,2023-06-02,2023-06-07,2023-06-07,SUP-032,Lotus Components,India,Electronics,Connector Kit CK-8,Manufacturing,3.88,4097,15896.36,Net 45,True,False
PO-2023-05739,2023-06-02,2023-06-25,2023-06-25,SUP-025,Cascade Semitech,USA,Electronics,Microcontroller MCU-9,Corporate,7.95,3158,25106.1,Net 60,True,False
PO-2023-05726,2023-06-02,2023-06-27,2023-06-28,SUP-025,Cascade Semitech,USA,Electronics,Sensor Module SM-3,Retail Operations,24.87,578,14374.86,Net 30,True,False
PO-2023-05665,2023-06-02,2023-07-04,2023-07-04,SUP-033,Busan Components,South Korea,Electronics,Connector Kit CK-8,R&D,4.03,1913,7709.39,Net 45,True,False
PO-2023-05644,2023-06-02,2023-07-01,2023-07-01,SUP-024,Sterling Components,USA,Electronics,PCB Assembly A-11,Manufacturing,52.9,446,23593.4,Net 60,True,False
PO-2023-05746,2023-06-03,2023-06-24,2023-06-25,SUP-028,Summit Components,USA,Electronics,PCB Assembly A-11,Retail Operations,53.32,376,20048.32,Net 60,True,False
PO-2023-05743,2023-06-03,2023-07-05,2023-07-05,SUP-032,Lotus Components,India,Electronics,Connector Kit CK-8,Field Services,4.34,710,3081.4,Net 45,True,False
PO-2023-05635,2023-06-03,2023-06-18,2023-06-30,SUP-029,Great Wall Components,China,Electronics,Power Supply Unit 450W,Retail Operations,51.71,131,6774.01,Net 30,True,False
PO-2023-05626,2023-06-03,2023-06-11,2023-06-11,SUP-025,Cascade Semitech,USA,Electronics,PCB Assembly A-11,Corporate,54.51,309,16843.59,Net 45,True,False
PO-2023-05620,2023-06-03,2023-06-21,2023-06-21,SUP-025,Cascade Semitech,USA,Electronics,Power Supply Unit 450W,Field Services,68.35,253,17292.55,Net 45,False,False
PO-2023-05624,2023-06-04,2023-06-16,2023-06-16,SUP-028,Summit Components,USA,Electronics,Power Supply Unit 450W,Corporate,64.07,198,12685.86,Net 45,True,False
PO-2023-05734,2023-06-04,2023-06-19,2023-06-19,SUP-036,Golden Dragon Components,China,Electronics,Sensor Module SM-3,R&D,26.64,636,16943.04,Net 45,False,False
PO-2023-05724,2023-06-04,2023-06-23,2023-06-23,SUP-033,Busan Components,South Korea,Electronics,Sensor Module SM-3,Field Services,22.54,612,13794.48,Net 30,False,False
PO-2023-05745,2023-06-04,2023-06-16,2023-06-16,SUP-022,Redwood Components,USA,Electronics,Microcontroller MCU-9,Retail Operations,7.57,3723,28183.11,Net 45,True,False
PO-2023-05687,2023-06-04,2023-07-05,2023-07-07,SUP-033,Busan Components,South Korea,Electronics,Power Supply Unit 450W,R&D,56.27,131,7371.37,Net 30,True,False
PO-2023-05662,2023-06-04,2023-06-23,2023-06-23,SUP-036,Golden Dragon Components,China,Electronics,Power Supply Unit 450W,Retail Operations,74.13,69,5114.97,Net 45,True,False
PO-2023-05681,2023-06-05,2023-06-14,2023-06-14,SUP-026,Great Wall Circuits,China,Electronics,PCB Assembly A-11,Retail Operations,53.9,448,24147.2,Net 60,True,False
PO-2023-05608,2023-06-05,2023-06-16,2023-06-16,SUP-024,Sterling Components,USA,Electronics,Microcontroller MCU-9,R&D,7.68,3910,30028.8,Net 30,True,False
PO-2023-05610,2023-06-05,2023-07-04,2023-07-04,SUP-025,Cascade Semitech,USA,Electronics,PCB Assembly A-11,R&D,50.39,340,17132.6,Net 30,True,False
PO-2023-05628,2023-06-05,2023-06-28,2023-06-28,SUP-036,Golden Dragon Components,China,Electronics,Connector Kit CK-8,Corporate,5.09,3511,17870.99,Net 45,True,False
PO-2023-05648,2023-06-05,2023-06-15,2023-06-15,SUP-033,Busan Components,South Korea,Electronics,Power Supply Unit 450W,Corporate,65.43,56,3664.08,Net 15,True,False
PO-2023-05650,2023-06-06,2023-07-04,2023-07-04,SUP-036,Golden Dragon Components,China,Electronics,Power Supply Unit 450W,Retail Operations,70.44,168,11833.92,Net 45,True,False
PO-2023-05705,2023-06-06,2023-06-23,2023-06-23,SUP-032,Lotus Components,India,Electronics,Microcontroller MCU-9,Field Services,6.65,2873,19105.45,Net 30,False,False
PO-2023-05679,2023-06-06,2023-07-06,2023-07-06,SUP-036,Golden Dragon Components,China,Electronics,Microcontroller MCU-9,Corporate,8.31,2154,17899.74,Net 45,True,False
PO-2023-05720,2023-06-06,2023-06-24,2023-07-10,SUP-029,Great Wall Components,China,Electronics,Connector Kit CK-8,Corporate,4.41,2911,12837.51,Net 15,True,False
PO-2023-05678,2023-06-06,2023-06-22,2023-06-29,SUP-036,Golden Dragon Components,China,Electronics,Connector Kit CK-8,Manufacturing,4.72,3783,17855.76,Net 60,True,False
PO-2023-05733,2023-06-07,2023-06-15,2023-06-19,SUP-032,Lotus Components,India,Electronics,PCB Assembly A-11,Retail Operations,46.15,367,16937.05,Net 30,True,False
PO-2023-05617,2023-06-07,2023-07-02,2023-07-02,SUP-025,Cascade Semitech,USA,Electronics,Microcontroller MCU-9,Manufacturing,8.22,1905,15659.1,Net 30,True,False
PO-2023-05728,2023-06-07,2023-06-13,2023-06-13,SUP-032,Lotus Components,India,Electronics,Microcontroller MCU-9,Retail Operations,6.52,2044,13326.88,Net 45,True,False
PO-2023-05676,2023-06-07,2023-06-29,2023-06-29,SUP-032,Lotus Components,India,Electronics,Connector Kit CK-8,Manufacturing,4.08,3269,13337.52,Net 45,True,False
PO-2023-05658,2023-06-07,2023-07-08,2023-07-08,SUP-028,Summit Components,USA,Electronics,PCB Assembly A-11,Corporate,52.08,298,15519.84,Net 60,True,False
PO-2023-05722,2023-06-08,2023-06-26,2023-06-27,SUP-025,Cascade Semitech,USA,Electronics,Sensor Module SM-3,Corporate,24.9,771,19197.9,Net 60,True,False
PO-2023-05673,2023-06-08,2023-07-08,2023-07-08,SUP-022,Redwood Components,USA,Electronics,Sensor Module SM-3,Field Services,23.24,1050,24402.0,Net 30,False,False
PO-2023-05740,2023-06-08,2023-07-04,2023-07-04,SUP-036,Golden Dragon Components,China,Electronics,Microcontroller MCU-9,Field Services,7.62,2974,22661.88,Net 15,False,False
PO-2023-05633,2023-06-08,2023-06-21,2023-06-23,SUP-028,Summit Components,USA,Electronics,Sensor Module SM-3,Corporate,23.41,1,23.41,Net 30,True,False
PO-2023-05690,2023-06-09,2023-06-29,2023-06-29,SUP-034,Pacific Rim Circuits,China,Electronics,PCB Assembly A-11,Retail Operations,49.14,166,8157.24,Net 30,True,False
PO-2023-05725,2023-06-09,2023-07-07,2023-07-07,SUP-025,Cascade Semitech,USA,Electronics,Connector Kit CK-8,Field Services,4.5,1872,8424.0,Net 30,False,True
PO-2023-05741,2023-06-09,2023-07-11,2023-07-11,SUP-034,Pacific Rim Circuits,China,Electronics,Power Supply Unit 450W,R&D,61.77,136,8400.72,Net 30,True,False
PO-2023-05707,2023-06-09,2023-07-01,2023-07-01,SUP-022,Redwood Components,USA,Electronics,Sensor Module SM-3,Manufacturing,21.56,307,6618.92,Net 30,True,False
PO-2023-05706,2023-06-09,2023-06-22,2023-06-22,SUP-025,Cascade Semitech,USA,Electronics,Microcontroller MCU-9,Corporate,6.73,2493,16777.89,Net 30,True,False
PO-2023-05639,2023-06-09,2023-06-29,2023-06-29,SUP-025,Cascade Semitech,USA,Electronics,Sensor Module SM-3,R&D,24.81,832,20641.92,Net 30,True,False
PO-2023-05640,2023-06-09,2023-07-03,2023-07-03,SUP-024,Sterling Components,USA,Electronics,PCB Assembly A-11,R&D,58.85,317,18655.45,Net 30,True,False
PO-2023-05613,2023-06-09,2023-07-03,2023-07-03,SUP-033,Busan Components,South Korea,Electronics,Power Supply Unit 450W,Retail Operations,64.57,149,9620.93,Net 30,True,False
PO-2023-05645,2023-06-10,2023-06-27,2023-06-29,SUP-024,Sterling Components,USA,Electronics,Sensor Module SM-3,Field Services,24.04,725,17429.0,Net 30,False,False
PO-2023-05666,2023-06-10,2023-06-26,2023-06-26,SUP-032,Lotus Components,India,Electronics,Sensor Module SM-3,Retail Operations,20.65,954,19700.1,Net 30,True,False
PO-2023-05744,2023-06-11,2023-06-21,2023-06-21,SUP-025,Cascade Semitech,USA,Electronics,Sensor Module SM-3,Retail Operations,25.23,156,3935.88,Net 30,True,False
PO-2023-05651,2023-06-11,2023-07-05,2023-07-05,SUP-028,Summit Components,USA,Electronics,Connector Kit CK-8,Manufacturing,4.63,3576,16556.88,Net 30,True,False
PO-2023-05683,2023-06-11,2023-06-16,2023-06-16,SUP-035,Pacific Rim Semitech,China,Electronics,Microcontroller MCU-9,Retail Operations,7.41,3390,25119.9,Net 30,True,False
PO-2023-05647,2023-06-11,2023-07-04,2023-07-04,SUP-022,Redwood Components,USA,Electronics,Microcontroller MCU-9,Corporate,7.54,3717,28026.18,Net 45,True,False
PO-2023-05660,2023-06-11,2023-06-20,2023-06-20,SUP-022,Redwood Components,USA,Electronics,Sensor Module SM-3,Manufacturing,22.28,515,11474.2,Net 45,True,False
PO-2023-05668,2023-06-11,2023-06-27,2023-07-10,SUP-029,Great Wall Components,China,Electronics,Microcontroller MCU-9,Field Services,7.71,2122,16360.62,Net 60,True,False
PO-2023-05667,2023-06-11,2023-06-26,2023-06-26,SUP-036,Golden Dragon Components,China,Electronics,Sensor Module SM-3,Manufacturing,25.06,201,5037.06,Net 45,True,False
PO-2023-05695,2023-06-12,2023-07-14,2023-07-14,SUP-036,Golden Dragon Components,China,Electronics,PCB Assembly A-11,R&D,52.73,203,10704.19,Net 30,True,False
PO-2023-05663,2023-06-12,2023-07-01,2023-07-01,SUP-034,Pacific Rim Circuits,China,Electronics,PCB Assembly A-11,Field Services,48.13,132,6353.16,Net 45,True,False
PO-2023-05685,2023-06-12,2023-06-25,2023-06-25,SUP-025,Cascade Semitech,USA,Electronics,Microcontroller MCU-9,Field Services,7.12,2820,20078.4,Net 60,True,False
PO-2023-05691,2023-06-12,2023-06-27,2023-06-27,SUP-036,Golden Dragon Components,China,Electronics,Microcontroller MCU-9,Corporate,7.6,2532,19243.2,Net 15,True,False
PO-2023-05625,2023-06-12,2023-07-14,2023-07-14,SUP-030,Sterling Semitech,USA,Electronics,Connector Kit CK-8,Corporate,4.0,2516,10064.0,Net 60,True,False
PO-2023-05709,2023-06-12,2023-07-05,2023-07-05,SUP-022,Redwood Components,USA,Electronics,Sensor Module SM-3,Field Services,22.52,598,13466.96,Net 45,True,False
PO-2023-05704,2023-06-12,2023-06-17,2023-06-17,SUP-025,Cascade Semitech,USA,Electronics,PCB Assembly A-11,Retail Operations,51.13,315,16105.95,Net 60,True,False
PO-2023-05749,2023-06-13,2023-07-14,2023-07-14,SUP-032,Lotus Components,India,Electronics,Microcontroller MCU-9,Manufacturing,7.2,1105,7956.0,Net 45,True,False
PO-2023-05718,2023-06-13,2023-06-20,2023-06-20,SUP-034,Pacific Rim Circuits,China,Electronics,Sensor Module SM-3,Retail Operations,25.34,342,8666.28,Net 30,True,False
PO-2023-05723,2023-06-13,2023-07-13,2023-07-16,SUP-035,Pacific Rim Semitech,China,Electronics,Sensor Module SM-3,Manufacturing,24.22,690,16711.8,Net 30,True,False
PO-2023-05737,2023-06-13,2023-07-07,2023-07-07,SUP-028,Summit Components,USA,Electronics,Sensor Module SM-3,Retail Operations,25.77,483,12446.91,Net 45,True,False
PO-2023-05634,2023-06-13,2023-07-15,2023-07-15,SUP-032,Lotus Components,India,Electronics,Connector Kit CK-8,Field Services,3.86,5137,19828.82,Net 45,False,False
PO-2023-05612,2023-06-14,2023-06-29,2023-07-11,SUP-029,Great Wall Components,China,Electronics,Power Supply Unit 450W,Retail Operations,72.33,250,18082.5,Net 45,True,False
PO-2023-05657,2023-06-14,2023-06-25,2023-07-05,SUP-029,Great Wall Components,China,Electronics,Sensor Module SM-3,Retail Operations,24.31,1,24.31,Net 15,True,False
PO-2023-05670,2023-06-14,2023-07-02,2023-07-02,SUP-028,Summit Components,USA,Electronics,Power Supply Unit 450W,Corporate,67.58,161,10880.38,Net 60,False,False
PO-2023-05621,2023-06-14,2023-07-11,2023-07-11,SUP-033,Busan Components,South Korea,Electronics,Power Supply Unit 450W,R&D,57.18,97,5546.46,Net 30,True,False
PO-2023-05689,2023-06-14,2023-06-19,2023-06-19,SUP-036,Golden Dragon Components,China,Electronics,Connector Kit CK-8,Retail Operations,4.58,969,4438.02,Net 60,True,False
PO-2023-05646,2023-06-15,2023-06-30,2023-07-03,SUP-025,Cascade Semitech,USA,Electronics,Power Supply Unit 450W,Field Services,65.41,199,13016.59,Net 45,False,False
PO-2023-05674,2023-06-15,2023-07-08,2023-07-08,SUP-025,Cascade Semitech,USA,Electronics,Microcontroller MCU-9,Manufacturing,7.52,2203,16566.56,Net 30,True,False
PO-2023-05693,2023-06-15,2023-07-15,2023-07-16,SUP-028,Summit Components,USA,Electronics,Connector Kit CK-8,Manufacturing,4.38,2065,9044.7,Net 30,True,False
PO-2023-05686,2023-06-15,2023-07-11,2023-07-11,SUP-025,Cascade Semitech,USA,Electronics,Connector Kit CK-8,Corporate,4.69,2741,12855.29,Net 30,True,False
PO-2023-05682,2023-06-15,2023-06-20,2023-06-20,SUP-027,Golden Dragon Circuits,China,Electronics,Sensor Module SM-3,Field Services,23.87,496,11839.52,Net 30,True,False
PO-2023-05696,2023-06-15,2023-07-01,2023-07-01,SUP-028,Summit Components,USA,Electronics,Microcontroller MCU-9,R&D,8.37,2835,23728.95,Net 45,True,False
PO-2023-05710,2023-06-16,2023-07-17,2023-07-17,SUP-032,Lotus Components,India,Electronics,Connector Kit CK-8,Retail Operations,3.76,1850,6956.0,Net 30,True,False
PO-2023-05713,2023-06-16,2023-06-24,2023-06-24,SUP-024,Sterling Components,USA,Electronics,Connector Kit CK-8,Corporate,4.46,3415,15230.9,Net 30,True,False
PO-2023-05714,2023-06-16,2023-07-16,2023-07-16,SUP-024,Sterling Components,USA,Electronics,Power Supply Unit 450W,Manufacturing,64.21,126,8090.46,Net 60,True,False
PO-2023-05700,2023-06-17,2023-07-02,2023-07-02,SUP-025,Cascade Semitech,USA,Electronics,Microcontroller MCU-9,Retail Operations,7.71,2308,17794.68,Net 45,True,False
PO-2023-05729,2023-06-18,2023-07-14,2023-07-14,SUP-032,Lotus Components,India,Electronics,Microcontroller MCU-9,R&D,6.99,4045,28274.55,Net 30,True,False
PO-2023-05656,2023-06-18,2023-07-09,2023-07-09,SUP-028,Summit Components,USA,Electronics,PCB Assembly A-11,Manufacturing,50.75,496,25172.0,Net 45,True,False
PO-2023-05661,2023-06-18,2023-06-30,2023-06-30,SUP-028,Summit Components,USA,Electronics,Power Supply Unit 450W,Manufacturing,65.56,166,10882.96,Net 30,True,False
PO-2023-05717,2023-06-18,2023-07-09,2023-07-09,SUP-024,Sterling Components,USA,Electronics,Sensor Module SM-3,R&D,25.66,538,13805.08,Net 45,True,False
PO-2023-05730,2023-06-18,2023-07-15,2023-07-15,SUP-027,Golden Dragon Circuits,China,Electronics,Power Supply Unit 450W,R&D,67.01,157,10520.57,Net 45,True,False
PO-2023-05659,2023-06-19,2023-07-07,2023-07-07,SUP-028,Summit Components,USA,Electronics,Connector Kit CK-8,Retail Operations,4.34,3055,13258.7,Net 45,True,False
PO-2023-05638,2023-06-19,2023-07-23,2023-07-23,SUP-035,Pacific Rim Semitech,China,Electronics,Microcontroller MCU-9,Retail Operations,7.24,2558,18519.92,Net 30,True,False
PO-2023-05701,2023-06-19,2023-07-01,2023-07-01,SUP-028,Summit Components,USA,Electronics,Sensor Module SM-3,Field Services,24.38,850,20723.0,Net 45,False,False
PO-2023-05738,2023-06-20,2023-07-14,2023-07-14,SUP-025,Cascade Semitech,USA,Electronics,Microcontroller MCU-9,R&D,7.99,3210,25647.9,Net 45,True,False
PO-2023-05715,2023-06-20,2023-06-28,2023-06-28,SUP-032,Lotus Components,India,Electronics,Power Supply Unit 450W,Retail Operations,55.95,180,10071.0,Net 30,True,False
PO-2023-05632,2023-06-20,2023-06-26,2023-06-26,SUP-032,Lotus Components,India,Electronics,Sensor Module SM-3,Manufacturing,21.97,169,3712.93,Net 45,True,False
PO-2023-05615,2023-06-20,2023-06-29,2023-06-29,SUP-022,Redwood Components,USA,Electronics,Connector Kit CK-8,Corporate,4.05,5132,20784.6,Net 60,True,False
PO-2023-05629,2023-06-20,2023-07-14,2023-07-14,SUP-025,Cascade Semitech,USA,Electronics,Microcontroller MCU-9,Manufacturing,7.78,3329,25899.62,Net 30,True,False
PO-2023-05702,2023-06-21,2023-07-14,2023-07-14,SUP-028,Summit Components,USA,Electronics,Microcontroller MCU-9,Field Services,8.31,3068,25495.08,Net 30,False,False
PO-2023-05692,2023-06-21,2023-07-16,2023-07-16,SUP-028,Summit Components,USA,Electronics,Microcontroller MCU-9,Manufacturing,7.91,118,933.38,Net 15,True,False
PO-2023-05614,2023-06-21,2023-07-09,2023-07-09,SUP-022,Redwood Components,USA,Electronics,Power Supply Unit 450W,R&D,66.07,209,13808.63,Net 45,False,False
PO-2023-05736,2023-06-21,2023-07-12,2023-07-12,SUP-028,Summit Components,USA,Electronics,Sensor Module SM-3,Manufacturing,21.72,1098,23848.56,Net 30,True,False
PO-2023-05630,2023-06-22,2023-06-28,2023-06-28,SUP-034,Pacific Rim Circuits,China,Electronics,Connector Kit CK-8,Manufacturing,4.39,4457,19566.23,Net 30,True,False
PO-2023-05680,2023-06-22,2023-07-18,2023-07-18,SUP-033,Busan Components,South Korea,Electronics,Sensor Module SM-3,Corporate,21.02,341,7167.82,Net 60,True,False
PO-2023-05731,2023-06-22,2023-07-16,2023-07-16,SUP-036,Golden Dragon Components,China,Electronics,Connector Kit CK-8,Field Services,4.93,2832,13961.76,Net 45,False,False
PO-2023-05684,2023-06-22,2023-06-30,2023-06-30,SUP-022,Redwood Components,USA,Electronics,Sensor Module SM-3,Corporate,22.67,694,15732.98,Net 45,True,False
PO-2023-05654,2023-06-22,2023-07-01,2023-07-01,SUP-028,Summit Components,USA,Electronics,Connector Kit CK-8,Manufacturing,4.56,3252,14829.12,Net 30,True,False
PO-2023-05649,2023-06-22,2023-07-05,2023-07-05,SUP-028,Summit Components,USA,Electronics,Power Supply Unit 450W,Manufacturing,67.52,113,7629.76,Net 45,True,False
PO-2023-05742,2023-06-23,2023-06-29,2023-07-18,SUP-029,Great Wall Components,China,Electronics,Sensor Module SM-3,R&D,19.87,761,15121.07,Net 30,False,False
PO-2023-05627,2023-06-23,2023-07-27,2023-07-27,SUP-027,Golden Dragon Circuits,China,Electronics,Power Supply Unit 450W,Field Services,71.83,62,4453.46,Net 30,False,False
PO-2023-05703,2023-06-23,2023-07-17,2023-07-17,SUP-028,Summit Components,USA,Electronics,Power Supply Unit 450W,Retail Operations,67.76,213,14432.88,Net 45,True,False
PO-2023-05727,2023-06-24,2023-07-12,2023-07-12,SUP-028,Summit Components,USA,Electronics,Microcontroller MCU-9,R&D,7.68,3046,23393.28,Net 30,True,False
PO-2023-05708,2023-06-24,2023-07-14,2023-08-03,SUP-029,Great Wall Components,China,Electronics,Microcontroller MCU-9,Manufacturing,6.48,3163,20496.24,Net 45,True,False
PO-2023-05643,2023-06-24,2023-07-15,2023-07-15,SUP-035,Pacific Rim Semitech,China,Electronics,Microcontroller MCU-9,Retail Operations,6.76,1893,12796.68,Net 15,True,False
PO-2023-05631,2023-06-24,2023-07-27,2023-08-03,SUP-029,Great Wall Components,China,Electronics,PCB Assembly A-11,Field Services,50.29,436,21926.44,Net 45,False,False
PO-2023-05622,2023-06-24,2023-07-06,2023-07-06,SUP-034,Pacific Rim Circuits,China,Electronics,Sensor Module SM-3,Corporate,22.69,544,12343.36,Net 30,True,False
PO-2023-05669,2023-06-24,2023-07-22,2023-07-22,SUP-036,Golden Dragon Components,China,Electronics,Power Supply Unit 450W,Field Services,70.77,145,10261.65,Net 15,True,False
PO-2023-05732,2023-06-24,2023-07-21,2023-07-21,SUP-034,Pacific Rim Circuits,China,Electronics,Sensor Module SM-3,Manufacturing,22.94,172,3945.68,Net 60,True,False
PO-2023-05671,2023-06-25,2023-07-29,2023-07-29,SUP-032,Lotus Components,India,Electronics,Connector Kit CK-8,Corporate,3.9,5332,20794.8,Net 30,True,False
PO-2023-05655,2023-06-25,2023-07-27,2023-07-27,SUP-035,Pacific Rim Semitech,China,Electronics,Power Supply Unit 450W,Field Services,59.12,124,7330.88,Net 45,True,False
PO-2023-05721,2023-06-25,2023-07-12,2023-07-12,SUP-024,Sterling Components,USA,Electronics,Sensor Module SM-3,Manufacturing,26.25,1038,27247.5,Net 30,True,False
PO-2023-05712,2023-06-25,2023-07-08,2023-07-08,SUP-032,Lotus Components,India,Electronics,Sensor Module SM-3,R&D,20.94,495,10365.3,Net 45,False,False
PO-2023-05747,2023-06-26,2023-07-16,2023-07-16,SUP-032,Lotus Components,India,Electronics,Connector Kit CK-8,Corporate,3.92,4966,19466.72,Net 15,False,False
PO-2023-05698,2023-06-26,2023-07-24,2023-07-24,SUP-032,Lotus Components,India,Electronics,Connector Kit CK-8,Corporate,4.07,3313,13483.91,Net 30,True,False
PO-2023-05694,2023-06-26,2023-07-07,2023-07-09,SUP-032,Lotus Components,India,Electronics,Connector Kit CK-8,R&D,3.57,1746,6233.22,Net 30,True,False
PO-2023-05672,2023-06-26,2023-07-04,2023-07-06,SUP-028,Summit Components,USA,Electronics,Connector Kit CK-8,Corporate,4.58,2840,13007.2,Net 30,True,False
PO-2023-05637,2023-06-26,2023-07-02,2023-07-02,SUP-034,Pacific Rim Circuits,China,Electronics,Sensor Module SM-3,R&D,24.1,644,15520.4,Net 30,True,False
PO-2023-05618,2023-06-26,2023-07-10,2023-07-10,SUP-025,Cascade Semitech,USA,Electronics,Sensor Module SM-3,Corporate,27.88,567,15807.96,Net 60,True,False
PO-2023-05616,2023-06-27,2023-07-27,2023-07-27,SUP-033,Busan Components,South Korea,Electronics,PCB Assembly A-11,R&D,48.38,528,25544.64,Net 45,False,False
PO-2023-05675,2023-06-27,2023-07-18,2023-07-18,SUP-036,Golden Dragon Components,China,Electronics,Connector Kit CK-8,Corporate,4.29,3612,15495.48,Net 15,True,False
PO-2023-05688,2023-06-27,2023-07-21,2023-07-21,SUP-028,Summit Components,USA,Electronics,Microcontroller MCU-9,Field Services,7.55,2640,19932.0,Net 45,True,False
PO-2023-05697,2023-06-27,2023-07-24,2023-07-24,SUP-028,Summit Components,USA,Electronics,Power Supply Unit 450W,R&D,64.55,128,8262.4,Net 45,True,False
PO-2023-05611,2023-06-27,2023-07-31,2023-07-31,SUP-024,Sterling Components,USA,Electronics,Microcontroller MCU-9,Manufacturing,8.08,2981,24086.48,Net 45,True,False
PO-2023-05748,2023-06-27,2023-07-07,2023-07-07,SUP-033,Busan Components,South Korea,Electronics,Sensor Module SM-3,Field Services,20.53,324,6651.72,Net 60,True,False
PO-2023-05716,2023-06-28,2023-07-30,2023-07-30,SUP-022,Redwood Components,USA,Electronics,Microcontroller MCU-9,Retail Operations,6.91,2341,16176.31,Net 60,True,False
PO-2023-05677,2023-06-28,2023-07-16,2023-07-16,SUP-022,Redwood Components,USA,Electronics,Sensor Module SM-3,Field Services,22.64,699,15825.36,Net 45,True,False
PO-2023-05609,2023-06-28,2023-07-13,2023-07-30,SUP-029,Great Wall Components,China,Electronics,Power Supply Unit 450W,Retail Operations,80.76,178,14375.28,Net 30,True,False
PO-2023-05642,2023-06-28,2023-07-22,2023-07-22,SUP-025,Cascade Semitech,USA,Electronics,Power Supply Unit 450W,Manufacturing,66.42,179,11889.18,Net 45,True,False
PO-2023-05619,2023-06-28,2023-07-05,2023-07-06,SUP-036,Golden Dragon Components,China,Electronics,Connector Kit CK-8,Corporate,4.63,3646,16880.98,Net 30,False,False
PO-2023-05750,2023-06-28,2023-07-08,2023-07-08,SUP-036,Golden Dragon Components,China,Electronics,Sensor Module SM-3,Field Services,26.76,624,16698.24,Net 30,True,False
PO-2023-05652,2023-06-29,2023-07-19,2023-07-19,SUP-033,Busan Components,South Korea,Electronics,Connector Kit CK-8,Manufacturing,3.78,2269,8576.82,Net 30,True,False
PO-2023-05711,2023-06-30,2023-07-23,2023-07-23,SUP-032,Lotus Components,India,Electronics,Microcontroller MCU-9,Manufacturing,6.23,1778,11076.94,Net 45,True,False
PO-2023-05719,2023-06-30,2023-07-05,2023-07-05,SUP-025,Cascade Semitech,USA,Electronics,PCB Assembly A-11,Retail Operations,52.07,96,4998.72,Net 30,True,False
PO-2023-05653,2023-06-30,2023-08-02,2023-08-02,SUP-033,Busan Components,South Korea,Electronics,Power Supply Unit 450W,Corporate,58.09,132,7667.88,Net 60,True,False
PO-2023-05636,2023-06-30,2023-07-21,2023-07-21,SUP-028,Summit Components,USA,Electronics,Microcontroller MCU-9,Field Services,7.6,1672,12707.2,Net 60,False,False
PO-2023-06817,2023-07-01,2023-07-18,2023-07-18,SUP-033,Busan Components,South Korea,Electronics,PCB Assembly A-11,Retail Operations,46.36,416,19285.76,Net 30,True,False
PO-2023-06791,2023-07-01,2023-07-16,2023-07-16,SUP-033,Busan Components,South Korea,Electronics,PCB Assembly A-11,Retail Operations,45.26,290,13125.4,Net 45,True,False
PO-2023-06781,2023-07-01,2023-08-02,2023-08-02,SUP-028,Summit Components,USA,Electronics,Sensor Module SM-3,R&D,26.54,551,14623.54,Net 60,False,False
PO-2023-06758,2023-07-01,2023-07-15,2023-07-15,SUP-027,Golden Dragon Circuits,China,Electronics,PCB Assembly A-11,Field Services,49.01,275,13477.75,Net 30,True,False
PO-2023-06759,2023-07-01,2023-07-22,2023-07-22,SUP-035,Pacific Rim Semitech,China,Electronics,PCB Assembly A-11,Retail Operations,50.11,228,11425.08,Net 30,True,False
PO-2023-06773,2023-07-01,2023-08-03,2023-08-03,SUP-028,Summit Components,USA,Electronics,Power Supply Unit 450W,Retail Operations,67.72,241,16320.52,Net 45,True,False
PO-2023-06808,2023-07-02,2023-07-25,2023-07-25,SUP-028,Summit Components,USA,Electronics,Power Supply Unit 450W,R&D,68.32,148,10111.36,Net 45,True,False
PO-2023-06749,2023-07-02,2023-07-10,2023-07-10,SUP-034,Pacific Rim Circuits,China,Electronics,Sensor Module SM-3,R&D,25.1,572,14357.2,Net 30,True,False
PO-2023-06734,2023-07-02,2023-07-30,2023-07-30,SUP-032,Lotus Components,India,Electronics,PCB Assembly A-11,Corporate,45.48,362,16463.76,Net 15,True,False
PO-2023-06722,2023-07-03,2023-08-06,2023-08-06,SUP-022,Redwood Components,USA,Electronics,PCB Assembly A-11,R&D,47.67,476,22690.92,Net 30,True,False
PO-2023-06842,2023-07-03,2023-07-20,2023-07-20,SUP-028,Summit Components,USA,Electronics,Power Supply Unit 450W,R&D,64.27,73,4691.71,Net 45,True,False
PO-2023-06796,2023-07-04,2023-07-21,2023-07-21,SUP-032,Lotus Components,India,Electronics,Sensor Module SM-3,Corporate,20.76,654,13577.04,Net 45,True,False
PO-2023-06751,2023-07-04,2023-07-28,2023-07-28,SUP-028,Summit Components,USA,Electronics,PCB Assembly A-11,Retail Operations,53.0,360,19080.0,Net 60,True,False
PO-2023-06779,2023-07-04,2023-07-29,2023-07-29,SUP-028,Summit Components,USA,Electronics,Microcontroller MCU-9,Retail Operations,8.09,2879,23291.11,Net 15,True,False
PO-2023-06718,2023-07-04,2023-08-04,2023-08-04,SUP-028,Summit Components,USA,Electronics,Microcontroller MCU-9,Manufacturing,7.74,3207,24822.18,Net 30,True,False
PO-2023-06715,2023-07-05,2023-07-18,2023-07-23,SUP-026,Great Wall Circuits,China,Electronics,Sensor Module SM-3,Field Services,26.71,599,15999.29,Net 30,False,False
PO-2023-06742,2023-07-05,2023-07-31,2023-07-31,SUP-030,Sterling Semitech,USA,Electronics,Connector Kit CK-8,Manufacturing,4.11,3061,12580.71,Net 45,True,False
PO-2023-06720,2023-07-05,2023-07-27,2023-07-27,SUP-025,Cascade Semitech,USA,Electronics,Power Supply Unit 450W,Manufacturing,67.15,201,13497.15,Net 45,True,False
PO-2023-06719,2023-07-05,2023-07-24,2023-07-24,SUP-036,Golden Dragon Components,China,Electronics,Sensor Module SM-3,Corporate,25.06,620,15537.2,Net 45,True,False
PO-2023-06828,2023-07-05,2023-07-13,2023-07-13,SUP-033,Busan Components,South Korea,Electronics,PCB Assembly A-11,R&D,45.42,424,19258.08,Net 30,True,False
PO-2023-06840,2023-07-06,2023-07-27,2023-07-30,SUP-036,Golden Dragon Components,China,Electronics,Connector Kit CK-8,Manufacturing,4.51,2410,10869.1,Net 45,True,False
PO-2023-06784,2023-07-06,2023-07-29,2023-07-29,SUP-032,Lotus Components,India,Electronics,Power Supply Unit 450W,Field Services,56.01,61,3416.61,Net 45,False,False
PO-2023-06811,2023-07-06,2023-08-07,2023-08-07,SUP-025,Cascade Semitech,USA,Electronics,Microcontroller MCU-9,Corporate,7.65,2592,19828.8,Net 45,True,False
PO-2023-06764,2023-07-06,2023-07-20,2023-07-20,SUP-028,Summit Components,USA,Electronics,Microcontroller MCU-9,Field Services,7.43,3394,25217.42,Net 30,True,False
PO-2023-06716,2023-07-06,2023-07-28,2023-07-28,SUP-028,Summit Components,USA,Electronics,Sensor Module SM-3,R&D,24.99,435,10870.65,Net 45,True,False
PO-2023-06831,2023-07-06,2023-07-26,2023-07-26,SUP-028,Summit Components,USA,Electronics,Connector Kit CK-8,Field Services,4.42,3013,13317.46,Net 30,True,False
PO-2023-06786,2023-07-06,2023-07-19,2023-07-19,SUP-033,Busan Components,South Korea,Electronics,PCB Assembly A-11,Field Services,49.53,397,19663.41,Net 30,False,False
PO-2023-06815,2023-07-07,2023-07-21,2023-07-21,SUP-025,Cascade Semitech,USA,Electronics,PCB Assembly A-11,Retail Operations,56.41,497,28035.77,Net 30,True,False
PO-2023-06820,2023-07-07,2023-07-18,2023-07-18,SUP-032,Lotus Components,India,Electronics,Connector Kit CK-8,R&D,3.66,2481,9080.46,Net 45,True,False
PO-2023-06810,2023-07-07,2023-07-12,2023-07-12,SUP-032,Lotus Components,India,Electronics,Power Supply Unit 450W,Manufacturing,56.5,133,7514.5,Net 30,True,False
PO-2023-06733,2023-07-07,2023-07-21,2023-07-21,SUP-032,Lotus Components,India,Electronics,Microcontroller MCU-9,Corporate,6.82,2795,19061.9,Net 30,True,False
PO-2023-06738,2023-07-07,2023-07-24,2023-07-24,SUP-023,Schwarzwald Circuits,Germany,Electronics,Connector Kit CK-8,Retail Operations,4.35,3070,13354.5,Net 30,True,False
PO-2023-06760,2023-07-08,2023-07-13,2023-07-14,SUP-024,Sterling Components,USA,Electronics,Connector Kit CK-8,R&D,4.54,2028,9207.12,Net 45,False,False
PO-2023-06714,2023-07-08,2023-07-14,2023-07-14,SUP-028,Summit Components,USA,Electronics,Microcontroller MCU-9,R&D,7.92,2973,23546.16,Net 30,True,False
PO-2023-06725,2023-07-08,2023-08-09,2023-08-09,SUP-033,Busan Components,South Korea,Electronics,Connector Kit CK-8,Corporate,4.07,2859,11636.13,Net 60,True,False
PO-2023-06800,2023-07-09,2023-07-26,2023-08-10,SUP-029,Great Wall Components,China,Electronics,Sensor Module SM-3,Retail Operations,24.69,222,5481.18,Net 45,True,False
PO-2023-06765,2023-07-09,2023-08-04,2023-08-16,SUP-029,Great Wall Components,China,Electronics,PCB Assembly A-11,Retail Operations,57.4,213,12226.2,Net 30,True,False
PO-2023-06770,2023-07-09,2023-07-31,2023-07-31,SUP-022,Redwood Components,USA,Electronics,Connector Kit CK-8,Field Services,4.29,3744,16061.76,Net 60,True,False
PO-2023-06803,2023-07-09,2023-08-04,2023-08-04,SUP-034,Pacific Rim Circuits,China,Electronics,PCB Assembly A-11,Retail Operations,48.42,325,15736.5,Net 45,True,False
PO-2023-06789,2023-07-10,2023-08-03,2023-08-03,SUP-034,Pacific Rim Circuits,China,Electronics,Microcontroller MCU-9,R&D,7.26,1,7.26,Net 30,True,False
PO-2023-06756,2023-07-10,2023-07-18,2023-07-20,SUP-022,Redwood Components,USA,Electronics,PCB Assembly A-11,R&D,53.22,345,18360.9,Net 60,True,False
PO-2023-06728,2023-07-10,2023-07-31,2023-07-31,SUP-034,Pacific Rim Circuits,China,Electronics,Sensor Module SM-3,Corporate,24.28,268,6507.04,Net 30,True,False
PO-2023-06805,2023-07-11,2023-08-11,2023-08-11,SUP-025,Cascade Semitech,USA,Electronics,Power Supply Unit 450W,Field Services,72.03,183,13181.49,Net 30,False,False
PO-2023-06745,2023-07-11,2023-08-12,2023-08-12,SUP-024,Sterling Components,USA,Electronics,Sensor Module SM-3,Retail Operations,25.58,281,7187.98,Net 30,True,False
PO-2023-06710,2023-07-11,2023-08-12,2023-08-21,SUP-029,Great Wall Components,China,Electronics,Sensor Module SM-3,Field Services,26.83,286,7673.38,Net 15,True,False
PO-2023-06821,2023-07-11,2023-08-13,2023-08-13,SUP-032,Lotus Components,India,Electronics,Sensor Module SM-3,Manufacturing,22.04,798,17587.92,Net 30,True,False
PO-2023-06754,2023-07-12,2023-08-05,2023-08-05,SUP-024,Sterling Components,USA,Electronics,Connector Kit CK-8,Manufacturing,4.21,4949,20835.29,Net 45,True,False
PO-2023-06809,2023-07-12,2023-08-10,2023-08-10,SUP-036,Golden Dragon Components,China,Electronics,Power Supply Unit 450W,Retail Operations,69.16,204,14108.64,Net 45,True,False
PO-2023-06737,2023-07-12,2023-07-22,2023-07-22,SUP-033,Busan Components,South Korea,Electronics,Microcontroller MCU-9,Field Services,6.74,3996,26933.04,Net 15,True,False
PO-2023-06767,2023-07-12,2023-08-02,2023-08-17,SUP-029,Great Wall Components,China,Electronics,Power Supply Unit 450W,Corporate,86.07,102,8779.14,Net 30,True,False
PO-2023-06740,2023-07-12,2023-07-26,2023-07-26,SUP-022,Redwood Components,USA,Electronics,Power Supply Unit 450W,Corporate,64.35,133,8558.55,Net 45,True,False
PO-2023-06778,2023-07-12,2023-07-21,2023-07-21,SUP-034,Pacific Rim Circuits,China,Electronics,PCB Assembly A-11,Field Services,54.31,452,24548.12,Net 60,True,False
PO-2023-06762,2023-07-13,2023-08-10,2023-08-10,SUP-023,Schwarzwald Circuits,Germany,Electronics,Connector Kit CK-8,Corporate,4.1,2273,9319.3,Net 30,True,False
PO-2023-06825,2023-07-13,2023-08-06,2023-08-06,SUP-034,Pacific Rim Circuits,China,Electronics,Connector Kit CK-8,Field Services,4.5,2039,9175.5,Net 45,False,False
PO-2023-06727,2023-07-13,2023-08-09,2023-08-09,SUP-034,Pacific Rim Circuits,China,Electronics,Microcontroller MCU-9,Manufacturing,7.47,1510,11279.7,Net 15,True,False
PO-2023-06752,2023-07-13,2023-08-07,2023-08-07,SUP-024,Sterling Components,USA,Electronics,Power Supply Unit 450W,Retail Operations,68.41,139,9508.99,Net 30,True,False
PO-2023-06741,2023-07-14,2023-08-11,2023-08-11,SUP-034,Pacific Rim Circuits,China,Electronics,PCB Assembly A-11,Manufacturing,53.75,441,23703.75,Net 60,True,False
PO-2023-06713,2023-07-14,2023-07-22,2023-07-22,SUP-036,Golden Dragon Components,China,Electronics,Power Supply Unit 450W,Corporate,70.13,208,14587.04,Net 45,False,False
PO-2023-06777,2023-07-15,2023-08-07,2023-08-07,SUP-028,Summit Components,USA,Electronics,Connector Kit CK-8,Manufacturing,4.62,4096,18923.52,Net 30,True,False
PO-2023-06801,2023-07-15,2023-07-27,2023-07-27,SUP-028,Summit Components,USA,Electronics,Power Supply Unit 450W,Corporate,65.97,119,7850.43,Net 30,True,False
PO-2023-06788,2023-07-15,2023-07-28,2023-07-28,SUP-022,Redwood Components,USA,Electronics,Sensor Module SM-3,Retail Operations,22.81,716,16331.96,Net 30,True,False
PO-2023-06814,2023-07-16,2023-08-09,2023-08-09,SUP-028,Summit Components,USA,Electronics,Connector Kit CK-8,Manufacturing,4.29,3689,15825.81,Net 45,False,False
PO-2023-06834,2023-07-16,2023-07-30,2023-07-30,SUP-035,Pacific Rim Semitech,China,Electronics,Connector Kit CK-8,Manufacturing,4.12,1969,8112.28,Net 60,True,False
PO-2023-06735,2023-07-16,2023-07-27,2023-07-27,SUP-022,Redwood Components,USA,Electronics,PCB Assembly A-11,Field Services,51.58,461,23778.38,Net 30,True,False
PO-2023-06726,2023-07-16,2023-07-24,2023-07-24,SUP-032,Lotus Components,India,Electronics,Microcontroller MCU-9,Manufacturing,6.47,2412,15605.64,Net 60,True,False
PO-2023-06747,2023-07-17,2023-08-01,2023-08-01,SUP-036,Golden Dragon Components,China,Electronics,Microcontroller MCU-9,Retail Operations,8.63,1941,16750.83,Net 30,True,False
PO-2023-06743,2023-07-17,2023-08-01,2023-08-01,SUP-025,Cascade Semitech,USA,Electronics,Microcontroller MCU-9,Retail Operations,7.97,2269,18083.93,Net 60,True,False
PO-2023-06807,2023-07-17,2023-07-31,2023-08-02,SUP-032,Lotus Components,India,Electronics,Sensor Module SM-3,Manufacturing,21.36,832,17771.52,Net 15,True,False
PO-2023-06793,2023-07-17,2023-07-24,2023-07-24,SUP-036,Golden Dragon Components,China,Electronics,PCB Assembly A-11,Corporate,49.99,508,25394.92,Net 15,True,False
PO-2023-06833,2023-07-17,2023-08-14,2023-08-14,SUP-025,Cascade Semitech,USA,Electronics,Power Supply Unit 450W,R&D,71.41,155,11068.55,Net 60,True,False
PO-2023-06819,2023-07-17,2023-07-26,2023-07-26,SUP-024,Sterling Components,USA,Electronics,Sensor Module SM-3,Field Services,24.2,727,17593.4,Net 45,True,False
PO-2023-06774,2023-07-18,2023-08-09,2023-08-09,SUP-033,Busan Components,South Korea,Electronics,Power Supply Unit 450W,Field Services,61.07,238,14534.66,Net 45,True,False
PO-2023-06744,2023-07-18,2023-08-11,2023-08-11,SUP-035,Pacific Rim Semitech,China,Electronics,Power Supply Unit 450W,Manufacturing,67.46,193,13019.78,Net 45,False,False
PO-2023-06816,2023-07-18,2023-08-05,2023-08-05,SUP-025,Cascade Semitech,USA,Electronics,Microcontroller MCU-9,Corporate,7.83,3126,24476.58,Net 45,True,False
PO-2023-06709,2023-07-18,2023-07-31,2023-07-31,SUP-028,Summit Components,USA,Electronics,Power Supply Unit 450W,Corporate,71.34,86,6135.24,Net 45,True,False
PO-2023-06776,2023-07-19,2023-07-29,2023-07-29,SUP-032,Lotus Components,India,Electronics,Sensor Module SM-3,Manufacturing,21.29,1061,22588.69,Net 15,True,False
PO-2023-06806,2023-07-19,2023-07-29,2023-07-29,SUP-025,Cascade Semitech,USA,Electronics,Connector Kit CK-8,Manufacturing,4.28,2167,9274.76,Net 30,True,False
PO-2023-06835,2023-07-19,2023-07-30,2023-07-30,SUP-033,Busan Components,South Korea,Electronics,Connector Kit CK-8,R&D,3.63,2609,9470.67,Net 30,False,False
PO-2023-06839,2023-07-19,2023-08-22,2023-08-22,SUP-035,Pacific Rim Semitech,China,Electronics,Connector Kit CK-8,Field Services,4.34,3700,16058.0,Net 30,False,False
PO-2023-06822,2023-07-20,2023-08-16,2023-08-16,SUP-034,Pacific Rim Circuits,China,Electronics,Connector Kit CK-8,Manufacturing,4.06,3417,13873.02,Net 30,True,False
PO-2023-06832,2023-07-21,2023-07-31,2023-08-06,SUP-034,Pacific Rim Circuits,China,Electronics,PCB Assembly A-11,Corporate,50.48,449,22665.52,Net 30,True,False
PO-2023-06753,2023-07-21,2023-08-20,2023-08-20,SUP-023,Schwarzwald Circuits,Germany,Electronics,Sensor Module SM-3,Field Services,23.36,305,7124.8,Net 45,False,False
PO-2023-06736,2023-07-21,2023-07-31,2023-07-31,SUP-023,Schwarzwald Circuits,Germany,Electronics,Power Supply Unit 450W,Retail Operations,55.71,175,9749.25,Net 45,True,False
PO-2023-06843,2023-07-21,2023-08-07,2023-08-07,SUP-025,Cascade Semitech,USA,Electronics,Sensor Module SM-3,Retail Operations,27.03,510,13785.3,Net 30,True,False
PO-2023-06723,2023-07-21,2023-08-02,2023-08-02,SUP-032,Lotus Components,India,Electronics,Sensor Module SM-3,Manufacturing,22.24,335,7450.4,Net 45,True,False
PO-2023-06785,2023-07-21,2023-08-06,2023-08-23,SUP-029,Great Wall Components,China,Electronics,PCB Assembly A-11,Corporate,38.98,239,9316.22,Net 30,False,False
PO-2023-06823,2023-07-22,2023-08-22,2023-08-24,SUP-024,Sterling Components,USA,Electronics,Sensor Module SM-3,Retail Operations,22.87,365,8347.55,Net 45,True,False
PO-2023-06794,2023-07-22,2023-08-24,2023-08-24,SUP-035,Pacific Rim Semitech,China,Electronics,Sensor Module SM-3,Corporate,23.88,861,20560.68,Net 60,True,False
PO-2023-06724,2023-07-23,2023-07-31,2023-07-31,SUP-034,Pacific Rim Circuits,China,Electronics,Power Supply Unit 450W,Corporate,61.98,10,619.8,Net 30,True,False
PO-2023-06830,2023-07-23,2023-08-14,2023-08-14,SUP-028,Summit Components,USA,Electronics,Microcontroller MCU-9,Manufacturing,9.06,2328,21091.68,Net 60,True,False
PO-2023-06746,2023-07-23,2023-08-01,2023-08-04,SUP-036,Golden Dragon Components,China,Electronics,Microcontroller MCU-9,Manufacturing,8.03,3673,29494.19,Net 30,True,False
PO-2023-06748,2023-07-23,2023-08-22,2023-08-22,SUP-032,Lotus Components,India,Electronics,Power Supply Unit 450W,Field Services,59.67,100,5967.0,Net 15,True,False
PO-2023-06761,2023-07-23,2023-08-17,2023-08-17,SUP-033,Busan Components,South Korea,Electronics,Connector Kit CK-8,Manufacturing,4.2,3671,15418.2,Net 30,True,False
PO-2023-06772,2023-07-23,2023-08-12,2023-08-12,SUP-036,Golden Dragon Components,China,Electronics,Sensor Module SM-3,Corporate,26.37,604,15927.48,Net 45,True,False
PO-2023-06783,2023-07-23,2023-08-10,2023-08-10,SUP-025,Cascade Semitech,USA,Electronics,Connector Kit CK-8,R&D,4.83,2593,12524.19,Net 45,True,False
PO-2023-06812,2023-07-23,2023-08-17,2023-08-17,SUP-024,Sterling Components,USA,Electronics,Power Supply Unit 450W,Manufacturing,65.59,146,9576.14,Net 45,True,False
PO-2023-06721,2023-07-24,2023-08-16,2023-08-16,SUP-024,Sterling Components,USA,Electronics,Connector Kit CK-8,Field Services,4.22,2585,10908.7,Net 15,True,False
PO-2023-06768,2023-07-24,2023-08-04,2023-08-11,SUP-029,Great Wall Components,China,Electronics,Power Supply Unit 450W,Field Services,72.2,214,15450.8,Net 30,False,False
PO-2023-06766,2023-07-24,2023-08-14,2023-08-14,SUP-022,Redwood Components,USA,Electronics,Connector Kit CK-8,Retail Operations,4.08,711,2900.88,Net 45,False,False
PO-2023-06802,2023-07-24,2023-08-11,2023-08-11,SUP-032,Lotus Components,India,Electronics,Microcontroller MCU-9,Manufacturing,7.2,2662,19166.4,Net 30,True,False
PO-2023-06712,2023-07-24,2023-08-23,2023-09-06,SUP-029,Great Wall Components,China,Electronics,Microcontroller MCU-9,R&D,6.81,1401,9540.81,Net 30,True,False
PO-2023-06838,2023-07-24,2023-08-25,2023-08-25,SUP-036,Golden Dragon Components,China,Electronics,PCB Assembly A-11,Retail Operations,54.77,316,17307.32,Net 30,True,False
PO-2023-06739,2023-07-24,2023-08-22,2023-09-02,SUP-029,Great Wall Components,China,Electronics,Sensor Module SM-3,Field Services,24.05,832,20009.6,Net 15,True,False
PO-2023-06837,2023-07-25,2023-08-14,2023-08-14,SUP-032,Lotus Components,India,Electronics,Power Supply Unit 450W,Manufacturing,61.96,127,7868.92,Net 30,True,False
PO-2023-06804,2023-07-25,2023-08-03,2023-08-03,SUP-034,Pacific Rim Circuits,China,Electronics,Connector Kit CK-8,Field Services,4.36,3465,15107.4,Net 45,True,False
PO-2023-06813,2023-07-25,2023-08-01,2023-08-01,SUP-033,Busan Components,South Korea,Electronics,Power Supply Unit 450W,Corporate,59.17,113,6686.21,Net 15,True,False
PO-2023-06780,2023-07-25,2023-08-01,2023-08-01,SUP-033,Busan Components,South Korea,Electronics,Power Supply Unit 450W,Retail Operations,53.69,183,9825.27,Net 45,False,False
PO-2023-06829,2023-07-26,2023-08-28,2023-08-28,SUP-022,Redwood Components,USA,Electronics,Power Supply Unit 450W,R&D,65.94,217,14308.98,Net 30,True,False
PO-2023-06826,2023-07-26,2023-08-25,2023-08-25,SUP-028,Summit Components,USA,Electronics,Sensor Module SM-3,Field Services,23.8,720,17136.0,Net 45,True,False
PO-2023-06841,2023-07-26,2023-08-20,2023-08-20,SUP-034,Pacific Rim Circuits,China,Electronics,PCB Assembly A-11,Retail Operations,52.01,336,17475.36,Net 45,True,False
PO-2023-06769,2023-07-26,2023-08-03,2023-08-03,SUP-034,Pacific Rim Circuits,China,Electronics,Microcontroller MCU-9,Field Services,7.66,2176,16668.16,Net 45,True,False
PO-2023-06775,2023-07-26,2023-08-12,2023-08-12,SUP-027,Golden Dragon Circuits,China,Electronics,Power Supply Unit 450W,Field Services,61.57,118,7265.26,Net 15,True,False
PO-2023-06711,2023-07-26,2023-08-27,2023-08-27,SUP-028,Summit Components,USA,Electronics,Power Supply Unit 450W,Corporate,67.48,159,10729.32,Net 30,True,False
PO-2023-06818,2023-07-27,2023-08-23,2023-08-23,SUP-032,Lotus Components,India,Electronics,PCB Assembly A-11,Field Services,49.69,607,30161.83,Net 30,False,False
PO-2023-06790,2023-07-27,2023-08-11,2023-08-11,SUP-034,Pacific Rim Circuits,China,Electronics,Microcontroller MCU-9,Manufacturing,7.9,2827,22333.3,Net 45,False,True
PO-2023-06757,2023-07-27,2023-08-11,2023-08-11,SUP-028,Summit Components,USA,Electronics,PCB Assembly A-11,Corporate,51.18,380,19448.4,Net 30,True,False
PO-2023-06763,2023-07-27,2023-08-16,2023-08-25,SUP-029,Great Wall Components,China,Electronics,PCB Assembly A-11,Field Services,61.29,406,24883.74,Net 15,False,False
PO-2023-06799,2023-07-27,2023-08-29,2023-08-29,SUP-025,Cascade Semitech,USA,Electronics,Sensor Module SM-3,Manufacturing,25.64,126,3230.64,Net 60,True,False
PO-2023-06732,2023-07-28,2023-08-24,2023-08-24,SUP-028,Summit Components,USA,Electronics,Power Supply Unit 450W,Retail Operations,65.77,133,8747.41,Net 15,True,False
PO-2023-06836,2023-07-28,2023-08-24,2023-08-24,SUP-032,Lotus Components,India,Electronics,Connector Kit CK-8,Manufacturing,3.51,1819,6384.69,Net 45,True,False
PO-2023-06729,2023-07-28,2023-08-27,2023-08-27,SUP-028,Summit Components,USA,Electronics,Microcontroller MCU-9,R&D,8.11,4442,36024.62,Net 30,True,False
PO-2023-06824,2023-07-28,2023-08-09,2023-08-09,SUP-025,Cascade Semitech,USA,Electronics,Power Supply Unit 450W,Manufacturing,67.76,129,8741.04,Net 45,True,False
PO-2023-06787,2023-07-28,2023-08-02,2023-08-02,SUP-034,Pacific Rim Circuits,China,Electronics,PCB Assembly A-11,Manufacturing,53.93,363,19576.59,Net 45,True,False
PO-2023-06717,2023-07-29,2023-08-26,2023-08-26,SUP-022,Redwood Components,USA,Electronics,PCB Assembly A-11,Field Services,50.78,363,18433.14,Net 45,True,False
PO-2023-06771,2023-07-29,2023-08-21,2023-08-21,SUP-024,Sterling Components,USA,Electronics,Sensor Module SM-3,R&D,24.87,557,13852.59,Net 30,True,False
PO-2023-06792,2023-07-29,2023-08-10,2023-08-10,SUP-033,Busan Components,South Korea,Electronics,PCB Assembly A-11,Manufacturing,42.22,299,12623.78,Net 30,True,False
PO-2023-06730,2023-07-29,2023-08-04,2023-08-04,SUP-032,Lotus Components,India,Electronics,Power Supply Unit 450W,Field Services,56.79,210,11925.9,Net 30,True,False
PO-2023-06750,2023-07-30,2023-08-19,2023-08-19,SUP-034,Pacific Rim Circuits,China,Electronics,Power Supply Unit 450W,Manufacturing,66.07,190,12553.3,Net 45,True,False
PO-2023-06827,2023-07-30,2023-08-10,2023-08-10,SUP-036,Golden Dragon Components,China,Electronics,PCB Assembly A-11,Manufacturing,52.37,288,15082.56,Net 45,True,False
PO-2023-06795,2023-07-31,2023-09-03,2023-09-03,SUP-028,Summit Components,USA,Electronics,Microcontroller MCU-9,Retail Operations,7.97,2484,19797.48,Net 60,True,False
PO-2023-06797,2023-07-31,2023-08-20,2023-09-04,SUP-029,Great Wall Components,China,Electronics,Sensor Module SM-3,Retail Operations,25.23,733,18493.59,Net 30,True,False
PO-2023-06798,2023-07-31,2023-08-28,2023-08-28,SUP-024,Sterling Components,USA,Electronics,Sensor Module SM-3,Retail Operations,25.06,587,14710.22,Net 30,True,False
PO-2023-06782,2023-07-31,2023-08-12,2023-08-12,SUP-025,Cascade Semitech,USA,Electronics,Sensor Module SM-3,Corporate,23.33,512,11944.96,Net 30,True,False
PO-2023-06755,2023-07-31,2023-08-26,2023-09-08,SUP-029,Great Wall Components,China,Electronics,PCB Assembly A-11,Manufacturing,58.04,365,21184.6,Net 30,True,False
PO-2023-06731,2023-07-31,2023-08-18,2023-08-18,SUP-032,Lotus Components,India,Electronics,Connector Kit CK-8,Retail Operations,4.14,2379,9849.06,Net 30,True,False
PO-2023-07805,2023-08-01,2023-08-15,2023-08-15,SUP-025,Cascade Semitech,USA,Electronics,Power Supply Unit 450W,Retail Operations,72.37,51,3690.87,Net 30,True,False
PO-2023-07723,2023-08-01,2023-09-02,2023-09-02,SUP-022,Redwood Components,USA,Electronics,PCB Assembly A-11,Field Services,53.9,403,21721.7,Net 30,True,False
PO-2023-07750,2023-08-01,2023-08-24,2023-08-24,SUP-025,Cascade Semitech,USA,Electronics,Microcontroller MCU-9,R&D,7.76,2325,18042.0,Net 45,True,False
PO-2023-07832,2023-08-02,2023-08-22,2023-08-22,SUP-026,Great Wall Circuits,China,Electronics,PCB Assembly A-11,Corporate,59.49,464,27603.36,Net 30,True,False
PO-2023-07833,2023-08-02,2023-08-12,2023-08-16,SUP-025,Cascade Semitech,USA,Electronics,Sensor Module SM-3,Field Services,24.74,263,6506.62,Net 30,True,False
PO-2023-07754,2023-08-02,2023-08-26,2023-08-26,SUP-034,Pacific Rim Circuits,China,Electronics,Power Supply Unit 450W,Corporate,68.27,132,9011.64,Net 45,True,False
PO-2023-07788,2023-08-03,2023-08-14,2023-08-15,SUP-023,Schwarzwald Circuits,Germany,Electronics,Connector Kit CK-8,Manufacturing,4.01,2967,11897.67,Net 60,True,False
PO-2023-07779,2023-08-03,2023-08-26,2023-08-26,SUP-033,Busan Components,South Korea,Electronics,Power Supply Unit 450W,Field Services,52.77,89,4696.53,Net 60,False,False
PO-2023-07760,2023-08-03,2023-08-24,2023-08-24,SUP-022,Redwood Components,USA,Electronics,PCB Assembly A-11,Corporate,54.32,459,24932.88,Net 30,True,False
PO-2023-07813,2023-08-03,2023-08-31,2023-08-31,SUP-023,Schwarzwald Circuits,Germany,Electronics,PCB Assembly A-11,Corporate,47.34,325,15385.5,Net 60,True,False
PO-2023-07815,2023-08-03,2023-08-28,2023-08-28,SUP-033,Busan Components,South Korea,Electronics,PCB Assembly A-11,Manufacturing,45.97,491,22571.27,Net 30,True,False
PO-2023-07773,2023-08-03,2023-08-12,2023-08-22,SUP-029,Great Wall Components,China,Electronics,Microcontroller MCU-9,Field Services,9.81,3188,31274.28,Net 30,True,False
PO-2023-07821,2023-08-03,2023-08-12,2023-08-12,SUP-034,Pacific Rim Circuits,China,Electronics,Sensor Module SM-3,Corporate,25.16,1037,26090.92,Net 30,True,False
PO-2023-07826,2023-08-03,2023-08-13,2023-08-13,SUP-036,Golden Dragon Components,China,Electronics,Power Supply Unit 450W,Corporate,68.84,208,14318.72,Net 45,True,False
PO-2023-07757,2023-08-03,2023-08-26,2023-09-08,SUP-029,Great Wall Components,China,Electronics,PCB Assembly A-11,R&D,43.4,481,20875.4,Net 30,False,False
PO-2023-07748,2023-08-04,2023-08-21,2023-08-21,SUP-024,Sterling Components,USA,Electronics,Sensor Module SM-3,Retail Operations,24.29,678,16468.62,Net 30,False,False
PO-2023-07758,2023-08-04,2023-08-30,2023-08-30,SUP-025,Cascade Semitech,USA,Electronics,Sensor Module SM-3,Corporate,26.57,349,9272.93,Net 15,True,False
PO-2023-07803,2023-08-04,2023-09-03,2023-09-03,SUP-025,Cascade Semitech,USA,Electronics,Sensor Module SM-3,R&D,24.63,710,17487.3,Net 45,False,False
PO-2023-07824,2023-08-04,2023-08-13,2023-08-13,SUP-033,Busan Components,South Korea,Electronics,Power Supply Unit 450W,Field Services,61.55,134,8247.7,Net 30,True,False
PO-2023-07835,2023-08-04,2023-09-05,2023-09-05,SUP-033,Busan Components,South Korea,Electronics,Power Supply Unit 450W,Retail Operations,55.78,123,6860.94,Net 45,True,False
PO-2023-07775,2023-08-04,2023-08-27,2023-09-20,SUP-029,Great Wall Components,China,Electronics,Microcontroller MCU-9,Manufacturing,8.04,2372,19070.88,Net 60,True,False
PO-2023-07747,2023-08-05,2023-08-23,2023-08-23,SUP-028,Summit Components,USA,Electronics,Sensor Module SM-3,R&D,25.32,881,22306.92,Net 45,True,False
PO-2023-07753,2023-08-06,2023-08-29,2023-08-29,SUP-022,Redwood Components,USA,Electronics,PCB Assembly A-11,Field Services,50.37,181,9116.97,Net 45,False,False
PO-2023-07769,2023-08-06,2023-08-23,2023-08-23,SUP-035,Pacific Rim Semitech,China,Electronics,Microcontroller MCU-9,Manufacturing,6.88,1211,8331.68,Net 15,False,False
PO-2023-07730,2023-08-06,2023-08-27,2023-08-27,SUP-024,Sterling Components,USA,Electronics,Connector Kit CK-8,Corporate,4.71,1416,6669.36,Net 45,True,False
PO-2023-07817,2023-08-07,2023-09-05,2023-09-05,SUP-032,Lotus Components,India,Electronics,Microcontroller MCU-9,Retail Operations,6.85,4713,32284.05,Net 15,True,False
PO-2023-07828,2023-08-07,2023-09-03,2023-09-03,SUP-022,Redwood Components,USA,Electronics,Microcontroller MCU-9,R&D,7.52,3547,26673.44,Net 30,True,False
PO-2023-07712,2023-08-08,2023-08-18,2023-08-18,SUP-033,Busan Components,South Korea,Electronics,Microcontroller MCU-9,R&D,6.73,2914,19611.22,Net 60,True,False
PO-2023-07778,2023-08-08,2023-09-08,2023-09-08,SUP-033,Busan Components,South Korea,Electronics,Connector Kit CK-8,Field Services,4.42,3343,14776.06,Net 45,True,False
PO-2023-07797,2023-08-08,2023-09-05,2023-09-05,SUP-025,Cascade Semitech,USA,Electronics,Power Supply Unit 450W,Manufacturing,70.87,161,11410.07,Net 60,True,False
PO-2023-07756,2023-08-08,2023-08-23,2023-08-23,SUP-027,Golden Dragon Circuits,China,Electronics,Sensor Module SM-3,Field Services,24.2,445,10769.0,Net 30,True,False
PO-2023-07791,2023-08-08,2023-08-28,2023-08-28,SUP-022,Redwood Components,USA,Electronics,Power Supply Unit 450W,Corporate,65.65,146,9584.9,Net 30,True,False
PO-2023-07830,2023-08-08,2023-09-11,2023-09-11,SUP-028,Summit Components,USA,Electronics,Connector Kit CK-8,Manufacturing,4.91,3340,16399.4,Net 30,True,False
PO-2023-07820,2023-08-08,2023-08-25,2023-08-25,SUP-028,Summit Components,USA,Electronics,PCB Assembly A-11,Corporate,55.56,286,15890.16,Net 30,True,False
PO-2023-07807,2023-08-10,2023-09-05,2023-09-05,SUP-022,Redwood Components,USA,Electronics,Sensor Module SM-3,Retail Operations,20.4,349,7119.6,Net 30,True,False
PO-2023-07744,2023-08-10,2023-08-29,2023-08-29,SUP-024,Sterling Components,USA,Electronics,PCB Assembly A-11,R&D,53.42,591,31571.22,Net 30,True,False
PO-2023-07720,2023-08-10,2023-09-01,2023-09-01,SUP-034,Pacific Rim Circuits,China,Electronics,PCB Assembly A-11,Field Services,50.33,584,29392.72,Net 60,True,False
PO-2023-07771,2023-08-10,2023-08-17,2023-08-17,SUP-034,Pacific Rim Circuits,China,Electronics,PCB Assembly A-11,Corporate,48.91,283,13841.53,Net 30,True,False
PO-2023-07743,2023-08-11,2023-08-24,2023-08-24,SUP-032,Lotus Components,India,Electronics,Power Supply Unit 450W,R&D,57.7,170,9809.0,Net 45,True,False
PO-2023-07759,2023-08-12,2023-09-04,2023-09-04,SUP-034,Pacific Rim Circuits,China,Electronics,Connector Kit CK-8,Retail Operations,4.75,3751,17817.25,Net 30,True,False
PO-2023-07714,2023-08-12,2023-08-19,2023-08-19,SUP-025,Cascade Semitech,USA,Electronics,Microcontroller MCU-9,Field Services,7.9,1944,15357.6,Net 30,False,False
PO-2023-07721,2023-08-13,2023-08-31,2023-08-31,SUP-036,Golden Dragon Components,China,Electronics,Microcontroller MCU-9,Retail Operations,7.91,2380,18825.8,Net 15,True,False
PO-2023-07746,2023-08-13,2023-08-25,2023-08-25,SUP-028,Summit Components,USA,Electronics,Sensor Module SM-3,Manufacturing,25.82,575,14846.5,Net 45,True,False
PO-2023-07795,2023-08-14,2023-09-04,2023-09-04,SUP-028,Summit Components,USA,Electronics,Connector Kit CK-8,R&D,4.4,3394,14933.6,Net 30,False,False
PO-2023-07783,2023-08-14,2023-08-31,2023-08-31,SUP-036,Golden Dragon Components,China,Electronics,Sensor Module SM-3,Retail Operations,26.39,470,12403.3,Net 30,True,False
PO-2023-07789,2023-08-14,2023-08-28,2023-08-28,SUP-024,Sterling Components,USA,Electronics,Sensor Module SM-3,Field Services,23.67,626,14817.42,Net 15,True,False
PO-2023-07767,2023-08-15,2023-09-01,2023-09-01,SUP-028,Summit Components,USA,Electronics,PCB Assembly A-11,R&D,56.99,344,19604.56,Net 30,True,False
PO-2023-07804,2023-08-15,2023-08-22,2023-08-22,SUP-024,Sterling Components,USA,Electronics,Connector Kit CK-8,Corporate,4.74,2195,10404.3,Net 15,True,False
PO-2023-07793,2023-08-15,2023-08-30,2023-08-30,SUP-028,Summit Components,USA,Electronics,Connector Kit CK-8,Manufacturing,4.62,2865,13236.3,Net 30,True,False
PO-2023-07792,2023-08-15,2023-08-28,2023-08-28,SUP-032,Lotus Components,India,Electronics,Power Supply Unit 450W,Retail Operations,57.51,128,7361.28,Net 60,False,False
PO-2023-07763,2023-08-16,2023-08-23,2023-08-23,SUP-025,Cascade Semitech,USA,Electronics,Power Supply Unit 450W,R&D,66.82,152,10156.64,Net 45,True,False
PO-2023-07728,2023-08-16,2023-09-13,2023-09-13,SUP-028,Summit Components,USA,Electronics,Sensor Module SM-3,Manufacturing,23.76,598,14208.48,Net 45,True,False
PO-2023-07777,2023-08-16,2023-09-10,2023-09-10,SUP-036,Golden Dragon Components,China,Electronics,Power Supply Unit 450W,R&D,69.55,64,4451.2,Net 60,True,False
PO-2023-07831,2023-08-17,2023-09-19,2023-09-21,SUP-028,Summit Components,USA,Electronics,Connector Kit CK-8,Corporate,4.82,4368,21053.76,Net 60,True,False
PO-2023-07799,2023-08-17,2023-09-03,2023-09-03,SUP-024,Sterling Components,USA,Electronics,Connector Kit CK-8,Retail Operations,4.65,1405,6533.25,Net 30,True,False
PO-2023-07725,2023-08-17,2023-09-10,2023-09-10,SUP-028,Summit Components,USA,Electronics,Microcontroller MCU-9,Manufacturing,7.51,3326,24978.26,Net 30,True,False
PO-2023-07814,2023-08-17,2023-09-20,2023-09-20,SUP-032,Lotus Components,India,Electronics,Connector Kit CK-8,Field Services,4.0,4893,19572.0,Net 60,True,False
PO-2023-07774,2023-08-17,2023-08-24,2023-08-24,SUP-036,Golden Dragon Components,China,Electronics,Connector Kit CK-8,Manufacturing,4.46,3692,16466.32,Net 45,True,False
PO-2023-07806,2023-08-17,2023-08-30,2023-08-30,SUP-036,Golden Dragon Components,China,Electronics,Microcontroller MCU-9,Field Services,8.66,2865,24810.9,Net 60,True,False
PO-2023-47125,2023-08-18,2023-08-23,2023-08-23,SUP-025,Cascade Semitech,USA,Electronics,Power Supply Unit 450W,R&D,66.82,152,10156.64,Net 45,True,False
PO-2023-07729,2023-08-18,2023-09-10,2023-09-21,SUP-029,Great Wall Components,China,Electronics,Connector Kit CK-8,Corporate,4.34,4151,18015.34,Net 60,True,False
PO-2023-07801,2023-08-18,2023-09-18,2023-09-18,SUP-026,Great Wall Circuits,China,Electronics,Sensor Module SM-3,Corporate,27.26,425,11585.5,Net 60,True,False
PO-2023-07787,2023-08-18,2023-08-25,2023-08-25,SUP-024,Sterling Components,USA,Electronics,Power Supply Unit 450W,R&D,70.2,188,13197.6,Net 60,True,False
PO-2023-07755,2023-08-18,2023-09-06,2023-09-06,SUP-028,Summit Components,USA,Electronics,PCB Assembly A-11,Corporate,55.24,236,13036.64,Net 30,True,False
PO-2023-07765,2023-08-18,2023-09-04,2023-09-04,SUP-028,Summit Components,USA,Electronics,Sensor Module SM-3,Manufacturing,24.29,631,15326.99,Net 60,True,False
PO-2023-07764,2023-08-18,2023-09-19,2023-09-19,SUP-034,Pacific Rim Circuits,China,Electronics,PCB Assembly A-11,Retail Operations,52.45,516,27064.2,Net 30,True,False
PO-2023-07785,2023-08-18,2023-09-13,2023-09-13,SUP-034,Pacific Rim Circuits,China,Electronics,PCB Assembly A-11,Retail Operations,52.24,509,26590.16,Net 60,True,False
PO-2023-07812,2023-08-19,2023-08-24,2023-08-26,SUP-022,Redwood Components,USA,Electronics,Microcontroller MCU-9,Manufacturing,7.16,1213,8685.08,Net 30,True,False
PO-2023-07736,2023-08-19,2023-09-14,2023-09-14,SUP-032,Lotus Components,India,Electronics,Power Supply Unit 450W,R&D,61.04,221,13489.84,Net 30,True,False
PO-2023-07800,2023-08-19,2023-08-31,2023-08-31,SUP-035,Pacific Rim Semitech,China,Electronics,Connector Kit CK-8,Corporate,4.74,3055,14480.7,Net 45,False,False
PO-2023-07733,2023-08-19,2023-09-18,2023-09-18,SUP-028,Summit Components,USA,Electronics,PCB Assembly A-11,Manufacturing,52.83,451,23826.33,Net 15,True,False
PO-2023-07731,2023-08-20,2023-09-02,2023-09-02,SUP-034,Pacific Rim Circuits,China,Electronics,Connector Kit CK-8,R&D,4.32,2542,10981.44,Net 30,True,False
PO-2023-07741,2023-08-20,2023-09-12,2023-09-12,SUP-028,Summit Components,USA,Electronics,Power Supply Unit 450W,Field Services,67.53,190,12830.7,Net 60,True,False
PO-2023-07761,2023-08-20,2023-09-03,2023-09-06,SUP-032,Lotus Components,India,Electronics,Power Supply Unit 450W,Retail Operations,56.62,256,14494.72,Net 30,True,False
PO-2023-07794,2023-08-20,2023-08-25,2023-09-09,SUP-029,Great Wall Components,China,Electronics,PCB Assembly A-11,Retail Operations,56.2,402,22592.4,Net 15,True,False
PO-2023-07825,2023-08-20,2023-09-23,2023-09-23,SUP-033,Busan Components,South Korea,Electronics,PCB Assembly A-11,Corporate,48.21,445,21453.45,Net 60,True,False
PO-2023-07808,2023-08-20,2023-09-05,2023-09-15,SUP-029,Great Wall Components,China,Electronics,Connector Kit CK-8,R&D,5.24,3541,18554.84,Net 60,True,False
PO-2023-07802,2023-08-20,2023-09-06,2023-09-06,SUP-025,Cascade Semitech,USA,Electronics,Connector Kit CK-8,Manufacturing,4.83,4420,21348.6,Net 45,True,False
PO-2023-07816,2023-08-21,2023-09-24,2023-09-24,SUP-032,Lotus Components,India,Electronics,Power Supply Unit 450W,Retail Operations,58.03,69,4004.07,Net 30,True,False
PO-2023-07811,2023-08-21,2023-09-11,2023-09-11,SUP-032,Lotus Components,India,Electronics,Microcontroller MCU-9,Manufacturing,6.91,210,1451.1,Net 45,True,False
PO-2023-07772,2023-08-22,2023-08-28,2023-08-29,SUP-028,Summit Components,USA,Electronics,Sensor Module SM-3,Corporate,24.61,515,12674.15,Net 45,True,False
PO-2023-07781,2023-08-22,2023-09-16,2023-09-16,SUP-025,Cascade Semitech,USA,Electronics,PCB Assembly A-11,Retail Operations,49.15,492,24181.8,Net 45,True,False
PO-2023-07715,2023-08-23,2023-09-22,2023-09-22,SUP-034,Pacific Rim Circuits,China,Electronics,PCB Assembly A-11,Field Services,52.43,532,27892.76,Net 45,False,False
PO-2023-07719,2023-08-23,2023-09-02,2023-09-02,SUP-033,Busan Components,South Korea,Electronics,Microcontroller MCU-9,Manufacturing,6.77,3662,24791.74,Net 30,True,False
PO-2023-07717,2023-08-23,2023-08-29,2023-09-06,SUP-029,Great Wall Components,China,Electronics,PCB Assembly A-11,Corporate,46.17,607,28025.19,Net 45,True,False
PO-2023-07713,2023-08-23,2023-09-03,2023-09-05,SUP-025,Cascade Semitech,USA,Electronics,PCB Assembly A-11,R&D,46.9,180,8442.0,Net 45,True,False
PO-2023-07734,2023-08-23,2023-08-30,2023-08-30,SUP-028,Summit Components,USA,Electronics,Microcontroller MCU-9,R&D,8.28,3500,28980.0,Net 30,True,False
PO-2023-07770,2023-08-23,2023-09-23,2023-09-23,SUP-032,Lotus Components,India,Electronics,Microcontroller MCU-9,Manufacturing,7.11,1787,12705.57,Net 45,True,False
PO-2023-07796,2023-08-24,2023-09-04,2023-09-04,SUP-028,Summit Components,USA,Electronics,Connector Kit CK-8,R&D,4.52,2288,10341.76,Net 30,True,False
PO-2023-07738,2023-08-24,2023-09-15,2023-09-15,SUP-028,Summit Components,USA,Electronics,Microcontroller MCU-9,Corporate,7.61,2945,22411.45,Net 15,True,False
PO-2023-07786,2023-08-24,2023-09-18,2023-09-18,SUP-022,Redwood Components,USA,Electronics,Power Supply Unit 450W,Manufacturing,59.53,196,11667.88,Net 30,True,False
PO-2023-07724,2023-08-25,2023-09-10,2023-09-10,SUP-032,Lotus Components,India,Electronics,Sensor Module SM-3,Retail Operations,20.76,432,8968.32,Net 30,True,False
PO-2023-07752,2023-08-25,2023-09-10,2023-09-10,SUP-034,Pacific Rim Circuits,China,Electronics,Sensor Module SM-3,Retail Operations,23.56,608,14324.48,Net 45,True,False
PO-2023-07790,2023-08-25,2023-09-16,2023-09-16,SUP-022,Redwood Components,USA,Electronics,PCB Assembly A-11,R&D,48.82,325,15866.5,Net 45,True,False
PO-2023-07716,2023-08-25,2023-09-10,2023-09-14,SUP-023,Schwarzwald Circuits,Germany,Electronics,Sensor Module SM-3,R&D,20.64,698,14406.72,Net 30,False,False
PO-2023-07740,2023-08-25,2023-09-06,2023-09-06,SUP-028,Summit Components,USA,Electronics,PCB Assembly A-11,R&D,53.28,311,16570.08,Net 45,False,False
PO-2023-07818,2023-08-25,2023-09-21,2023-09-21,SUP-034,Pacific Rim Circuits,China,Electronics,Microcontroller MCU-9,Retail Operations,7.64,1417,10825.88,Net 45,True,False
PO-2023-07727,2023-08-26,2023-09-07,2023-09-07,SUP-034,Pacific Rim Circuits,China,Electronics,Sensor Module SM-3,Retail Operations,25.65,726,18621.9,Net 45,True,False
PO-2023-07819,2023-08-26,2023-09-11,2023-09-11,SUP-028,Summit Components,USA,Electronics,PCB Assembly A-11,Manufacturing,58.39,511,29837.29,Net 30,True,False
PO-2023-07735,2023-08-26,2023-09-19,2023-09-19,SUP-025,Cascade Semitech,USA,Electronics,PCB Assembly A-11,R&D,55.73,580,32323.4,Net 45,True,False
PO-2023-07768,2023-08-26,2023-09-07,2023-09-07,SUP-028,Summit Components,USA,Electronics,Power Supply Unit 450W,Field Services,66.05,115,7595.75,Net 30,True,False
PO-2023-07810,2023-08-28,2023-10-01,2023-10-01,SUP-034,Pacific Rim Circuits,China,Electronics,PCB Assembly A-11,Retail Operations,52.94,436,23081.84,Net 30,True,False
PO-2023-07718,2023-08-28,2023-09-07,2023-09-07,SUP-028,Summit Components,USA,Electronics,Microcontroller MCU-9,R&D,7.87,2470,19438.9,Net 60,True,False
PO-2023-07784,2023-08-28,2023-09-14,2023-09-15,SUP-028,Summit Components,USA,Electronics,Connector Kit CK-8,Retail Operations,4.7,4593,21587.1,Net 30,True,False
PO-2023-07732,2023-08-28,2023-09-10,2023-09-27,SUP-029,Great Wall Components,China,Electronics,Connector Kit CK-8,Manufacturing,4.62,3166,14626.92,Net 15,True,False
PO-2023-07751,2023-08-28,2023-09-22,2023-09-22,SUP-026,Great Wall Circuits,China,Electronics,Sensor Module SM-3,Corporate,26.43,549,14510.07,Net 45,True,False
PO-2023-07809,2023-08-29,2023-09-28,2023-09-28,SUP-028,Summit Components,USA,Electronics,Power Supply Unit 450W,Manufacturing,67.77,189,12808.53,Net 30,True,False
PO-2023-07822,2023-08-29,2023-09-27,2023-09-28,SUP-028,Summit Components,USA,Electronics,Power Supply Unit 450W,Manufacturing,73.21,104,7613.84,Net 30,True,False
PO-2023-07827,2023-08-29,2023-09-18,2023-09-18,SUP-034,Pacific Rim Circuits,China,Electronics,Connector Kit CK-8,Field Services,4.25,2129,9048.25,Net 60,True,False
PO-2023-07829,2023-08-29,2023-09-20,2023-09-20,SUP-028,Summit Components,USA,Electronics,Power Supply Unit 450W,Retail Operations,67.52,139,9385.28,Net 45,True,False
PO-2023-07762,2023-08-29,2023-09-11,2023-09-11,SUP-034,Pacific Rim Circuits,China,Electronics,Sensor Module SM-3,Retail Operations,25.97,419,10881.43,Net 30,True,False
PO-2023-07782,2023-08-30,2023-09-17,2023-09-19,SUP-034,Pacific Rim Circuits,China,Electronics,Power Supply Unit 450W,R&D,68.08,173,11777.84,Net 30,True,False
PO-2023-07798,2023-08-30,2023-09-21,2023-09-21,SUP-032,Lotus Components,India,Electronics,Sensor Module SM-3,R&D,21.89,882,19306.98,Net 60,True,False
PO-2023-07823,2023-08-30,2023-09-14,2023-09-14,SUP-036,Golden Dragon Components,China,Electronics,Connector Kit CK-8,Field Services,4.99,3500,17465.0,Net 60,True,False
PO-2023-07742,2023-08-30,2023-09-21,2023-09-21,SUP-034,Pacific Rim Circuits,China,Electronics,Microcontroller MCU-9,Field Services,8.34,1267,10566.78,Net 45,False,False
PO-2023-07749,2023-08-30,2023-10-02,2023-10-02,SUP-032,Lotus Components,India,Electronics,Power Supply Unit 450W,Field Services,57.61,137,7892.57,Net 30,True,False
PO-2023-07722,2023-08-30,2023-09-21,2023-09-22,SUP-025,Cascade Semitech,USA,Electronics,Microcontroller MCU-9,Field Services,8.06,2854,23003.24,Net 45,True,False
PO-2023-07776,2023-08-30,2023-09-15,2023-09-21,SUP-033,Busan Components,South Korea,Electronics,Connector Kit CK-8,Corporate,3.75,2996,11235.0,Net 45,True,False
PO-2023-07737,2023-08-30,2023-09-20,2023-09-20,SUP-025,Cascade Semitech,USA,Electronics,Microcontroller MCU-9,Manufacturing,8.44,2063,17411.72,Net 30,True,False
PO-2023-07766,2023-08-31,2023-10-02,2023-10-02,SUP-036,Golden Dragon Components,China,Electronics,PCB Assembly A-11,R&D,54.42,506,27536.52,Net 45,False,False
PO-2023-07745,2023-08-31,2023-09-16,2023-09-16,SUP-032,Lotus Components,India,Electronics,Connector Kit CK-8,Manufacturing,3.96,2616,10359.36,Net 30,True,False
PO-2023-07739,2023-08-31,2023-09-23,2023-10-01,SUP-024,Sterling Components,USA,Electronics,Connector Kit CK-8,Retail Operations,4.62,3372,15578.64,Net 45,True,False
PO-2023-07726,2023-08-31,2023-10-03,2023-10-03,SUP-028,Summit Components,USA,Electronics,Sensor Module SM-3,Corporate,25.4,143,3632.2,Net 30,True,False
PO-2023-07834,2023-08-31,2023-09-20,2023-10-07,SUP-029,Great Wall Components,China,Electronics,Microcontroller MCU-9,Manufacturing,8.31,3004,24963.24,Net 30,True,False
PO-2023-07780,2023-08-31,2023-09-12,2023-09-12,SUP-024,Sterling Components,USA,Electronics,Power Supply Unit 450W,R&D,65.96,197,12994.12,Net 45,False,False
PO-2023-08770,2023-09-01,2023-09-11,2023-09-11,SUP-033,Busan Components,South Korea,Electronics,Power Supply Unit 450W,Manufacturing,61.76,16,988.16,Net 45,True,False
PO-2023-08901,2023-09-01,2023-09-15,2023-09-26,SUP-029,Great Wall Components,China,Electronics,Power Supply Unit 450W,Corporate,58.09,123,7145.07,Net 60,True,False
PO-2023-08777,2023-09-01,2023-10-02,2023-10-02,SUP-027,Golden Dragon Circuits,China,Electronics,Microcontroller MCU-9,Manufacturing,7.63,4819,36768.97,Net 45,True,False
PO-2023-08774,2023-09-01,2023-10-02,2023-10-02,SUP-033,Busan Components,South Korea,Electronics,Power Supply Unit 450W,Field Services,56.85,106,6026.1,Net 15,True,False
PO-2023-08864,2023-09-01,2023-09-23,2023-09-23,SUP-034,Pacific Rim Circuits,China,Electronics,Microcontroller MCU-9,Corporate,7.8,2073,16169.4,Net 30,True,False
PO-2023-08804,2023-09-01,2023-09-13,2023-09-13,SUP-031,Hanseatic Circuits,Germany,Electronics,PCB Assembly A-11,Field Services,52.24,171,8933.04,Net 30,False,False
PO-2023-08791,2023-09-01,2023-09-28,2023-09-28,SUP-034,Pacific Rim Circuits,China,Electronics,Power Supply Unit 450W,Field Services,64.19,133,8537.27,Net 45,True,False
PO-2023-08790,2023-09-01,2023-09-19,2023-09-19,SUP-036,Golden Dragon Components,China,Electronics,Sensor Module SM-3,Retail Operations,26.81,583,15630.23,Net 45,True,False
PO-2023-08817,2023-09-02,2023-09-20,2023-09-25,SUP-025,Cascade Semitech,USA,Electronics,Power Supply Unit 450W,R&D,75.72,164,12418.08,Net 30,True,False
PO-2023-08775,2023-09-02,2023-09-30,2023-09-30,SUP-028,Summit Components,USA,Electronics,Power Supply Unit 450W,R&D,68.34,131,8952.54,Net 30,True,False
PO-2023-08847,2023-09-02,2023-09-21,2023-09-21,SUP-036,Golden Dragon Components,China,Electronics,Power Supply Unit 450W,Manufacturing,72.83,200,14566.0,Net 45,True,False
PO-2023-08802,2023-09-02,2023-09-14,2023-09-14,SUP-023,Schwarzwald Circuits,Germany,Electronics,Connector Kit CK-8,Corporate,4.32,2637,11391.84,Net 30,True,False
PO-2023-08783,2023-09-03,2023-10-02,2023-10-02,SUP-032,Lotus Components,India,Electronics,PCB Assembly A-11,Retail Operations,43.97,346,15213.62,Net 45,True,False
PO-2023-08837,2023-09-03,2023-09-24,2023-09-24,SUP-036,Golden Dragon Components,China,Electronics,Sensor Module SM-3,Field Services,28.61,645,18453.45,Net 30,True,False
PO-2023-08895,2023-09-03,2023-09-23,2023-09-23,SUP-025,Cascade Semitech,USA,Electronics,Sensor Module SM-3,Retail Operations,24.6,423,10405.8,Net 60,True,False
PO-2023-08813,2023-09-04,2023-09-12,2023-09-12,SUP-034,Pacific Rim Circuits,China,Electronics,Microcontroller MCU-9,Retail Operations,7.52,2272,17085.44,Net 30,True,False
PO-2023-08772,2023-09-04,2023-09-26,2023-09-27,SUP-028,Summit Components,USA,Electronics,Connector Kit CK-8,Field Services,4.61,1435,6615.35,Net 15,False,False
PO-2023-08841,2023-09-04,2023-09-17,2023-09-21,SUP-032,Lotus Components,India,Electronics,Sensor Module SM-3,Field Services,22.94,693,15897.42,Net 30,False,False
PO-2023-08788,2023-09-05,2023-09-26,2023-09-26,SUP-022,Redwood Components,USA,Electronics,Power Supply Unit 450W,Retail Operations,59.7,172,10268.4,Net 30,True,False
PO-2023-08867,2023-09-05,2023-09-16,2023-09-16,SUP-022,Redwood Components,USA,Electronics,Power Supply Unit 450W,R&D,63.58,177,11253.66,Net 60,True,False
PO-2023-08830,2023-09-05,2023-09-16,2023-09-17,SUP-024,Sterling Components,USA,Electronics,Microcontroller MCU-9,Retail Operations,8.12,2484,20170.08,Net 30,True,False
PO-2023-08881,2023-09-05,2023-09-29,2023-10-01,SUP-035,Pacific Rim Semitech,China,Electronics,Power Supply Unit 450W,Manufacturing,61.97,126,7808.22,Net 45,True,False
PO-2023-08758,2023-09-06,2023-10-01,2023-10-01,SUP-033,Busan Components,South Korea,Electronics,Microcontroller MCU-9,R&D,6.65,2723,18107.95,Net 30,False,False
PO-2023-08789,2023-09-06,2023-10-07,2023-10-07,SUP-022,Redwood Components,USA,Electronics,Connector Kit CK-8,Field Services,4.19,5683,23811.77,Net 30,True,False
PO-2023-08809,2023-09-06,2023-09-13,2023-09-13,SUP-036,Golden Dragon Components,China,Electronics,Connector Kit CK-8,R&D,4.62,2566,11854.92,Net 30,True,False
PO-2023-08884,2023-09-06,2023-10-07,2023-10-07,SUP-028,Summit Components,USA,Electronics,Microcontroller MCU-9,Manufacturing,7.62,2840,21640.8,Net 30,True,False
PO-2023-08849,2023-09-07,2023-09-13,2023-09-13,SUP-027,Golden Dragon Circuits,China,Electronics,Microcontroller MCU-9,Manufacturing,7.85,3772,29610.2,Net 30,True,False
PO-2023-08820,2023-09-07,2023-09-14,2023-09-14,SUP-033,Busan Components,South Korea,Electronics,Connector Kit CK-8,R&D,4.11,2757,11331.27,Net 30,True,False
PO-2023-08880,2023-09-07,2023-09-20,2023-09-25,SUP-036,Golden Dragon Components,China,Electronics,Power Supply Unit 450W,R&D,74.0,102,7548.0,Net 30,True,False
PO-2023-08888,2023-09-07,2023-09-24,2023-09-24,SUP-032,Lotus Components,India,Electronics,Power Supply Unit 450W,R&D,53.06,147,7799.82,Net 15,True,False
PO-2023-08865,2023-09-07,2023-10-05,2023-10-05,SUP-025,Cascade Semitech,USA,Electronics,Sensor Module SM-3,Corporate,26.22,470,12323.4,Net 30,True,False
PO-2023-08810,2023-09-08,2023-09-16,2023-09-16,SUP-034,Pacific Rim Circuits,China,Electronics,Microcontroller MCU-9,Corporate,7.62,2954,22509.48,Net 45,True,False
PO-2023-08827,2023-09-08,2023-09-29,2023-10-05,SUP-036,Golden Dragon Components,China,Electronics,PCB Assembly A-11,Manufacturing,59.12,360,21283.2,Net 45,True,False
PO-2023-08903,2023-09-08,2023-10-08,2023-10-28,SUP-029,Great Wall Components,China,Electronics,Power Supply Unit 450W,Retail Operations,67.87,100,6787.0,Net 15,True,False
PO-2023-08808,2023-09-08,2023-09-26,2023-09-26,SUP-028,Summit Components,USA,Electronics,Power Supply Unit 450W,Retail Operations,69.8,103,7189.4,Net 30,True,False
PO-2023-08874,2023-09-08,2023-10-02,2023-10-12,SUP-029,Great Wall Components,China,Electronics,Connector Kit CK-8,Corporate,4.15,2811,11665.65,Net 45,True,False
PO-2023-08844,2023-09-09,2023-10-07,2023-10-08,SUP-024,Sterling Components,USA,Electronics,Power Supply Unit 450W,R&D,65.54,110,7209.4,Net 30,True,False
PO-2023-08845,2023-09-09,2023-09-20,2023-09-20,SUP-025,Cascade Semitech,USA,Electronics,Connector Kit CK-8,R&D,4.47,2480,11085.6,Net 30,True,False
PO-2023-08785,2023-09-09,2023-09-27,2023-09-27,SUP-025,Cascade Semitech,USA,Electronics,Microcontroller MCU-9,Manufacturing,6.93,2333,16167.69,Net 15,True,False
PO-2023-08875,2023-09-10,2023-09-25,2023-09-25,SUP-028,Summit Components,USA,Electronics,Microcontroller MCU-9,Corporate,8.29,1506,12484.74,Net 30,True,False
PO-2023-08781,2023-09-10,2023-09-21,2023-09-22,SUP-028,Summit Components,USA,Electronics,Sensor Module SM-3,Manufacturing,25.5,710,18105.0,Net 45,True,False
PO-2023-08854,2023-09-10,2023-09-30,2023-09-30,SUP-025,Cascade Semitech,USA,Electronics,Power Supply Unit 450W,Manufacturing,66.31,66,4376.46,Net 45,True,False
PO-2023-08896,2023-09-10,2023-09-16,2023-09-16,SUP-022,Redwood Components,USA,Electronics,Microcontroller MCU-9,Field Services,7.2,2837,20426.4,Net 45,True,False
PO-2023-08899,2023-09-10,2023-10-14,2023-10-14,SUP-034,Pacific Rim Circuits,China,Electronics,PCB Assembly A-11,R&D,51.63,470,24266.1,Net 15,True,False
PO-2023-08761,2023-09-10,2023-10-13,2023-10-13,SUP-032,Lotus Components,India,Electronics,Power Supply Unit 450W,Retail Operations,58.41,145,8469.45,Net 45,True,False
PO-2023-08870,2023-09-11,2023-09-30,2023-10-01,SUP-025,Cascade Semitech,USA,Electronics,Sensor Module SM-3,Field Services,24.81,429,10643.49,Net 30,True,False
PO-2023-08877,2023-09-11,2023-10-08,2023-10-08,SUP-036,Golden Dragon Components,China,Electronics,PCB Assembly A-11,Retail Operations,56.76,515,29231.4,Net 30,True,False
PO-2023-08778,2023-09-11,2023-10-11,2023-10-11,SUP-034,Pacific Rim Circuits,China,Electronics,Sensor Module SM-3,Retail Operations,24.53,519,12731.07,Net 30,True,False
PO-2023-08764,2023-09-11,2023-10-05,2023-10-05,SUP-025,Cascade Semitech,USA,Electronics,Sensor Module SM-3,Retail Operations,24.77,598,14812.46,Net 45,True,False
PO-2023-08862,2023-09-11,2023-10-05,2023-10-05,SUP-024,Sterling Components,USA,Electronics,Sensor Module SM-3,R&D,23.2,579,13432.8,Net 30,True,False
PO-2023-08792,2023-09-11,2023-09-25,2023-09-25,SUP-028,Summit Components,USA,Electronics,Connector Kit CK-8,Manufacturing,4.98,2655,13221.9,Net 45,True,False
PO-2023-08840,2023-09-12,2023-09-22,2023-09-22,SUP-024,Sterling Components,USA,Electronics,Microcontroller MCU-9,R&D,8.12,2389,19398.68,Net 30,True,False
PO-2023-08828,2023-09-12,2023-09-27,2023-09-27,SUP-024,Sterling Components,USA,Electronics,Power Supply Unit 450W,Field Services,66.05,216,14266.8,Net 30,True,False
PO-2023-08806,2023-09-12,2023-09-29,2023-09-29,SUP-033,Busan Components,South Korea,Electronics,PCB Assembly A-11,Corporate,44.99,523,23529.77,Net 45,True,False
PO-2023-08883,2023-09-12,2023-09-21,2023-09-21,SUP-033,Busan Components,South Korea,Electronics,Sensor Module SM-3,Corporate,21.32,378,8058.96,Net 30,True,False
PO-2023-08892,2023-09-12,2023-09-27,2023-09-27,SUP-034,Pacific Rim Circuits,China,Electronics,Microcontroller MCU-9,R&D,8.18,3492,28564.56,Net 30,True,False
PO-2023-08866,2023-09-13,2023-09-18,2023-09-18,SUP-032,Lotus Components,India,Electronics,Power Supply Unit 450W,R&D,61.18,90,5506.2,Net 30,True,False
PO-2023-08766,2023-09-14,2023-09-29,2023-09-29,SUP-032,Lotus Components,India,Electronics,Power Supply Unit 450W,Retail Operations,62.46,175,10930.5,Net 30,True,False
PO-2023-08819,2023-09-14,2023-09-29,2023-09-29,SUP-036,Golden Dragon Components,China,Electronics,Sensor Module SM-3,R&D,26.0,751,19526.0,Net 30,False,False
PO-2023-08807,2023-09-14,2023-10-13,2023-10-13,SUP-034,Pacific Rim Circuits,China,Electronics,Sensor Module SM-3,Field Services,23.97,376,9012.72,Net 60,True,False
PO-2023-08859,2023-09-14,2023-10-13,2023-10-13,SUP-033,Busan Components,South Korea,Electronics,Power Supply Unit 450W,Corporate,63.65,134,8529.1,Net 45,True,False
PO-2023-08891,2023-09-14,2023-10-11,2023-10-11,SUP-027,Golden Dragon Circuits,China,Electronics,PCB Assembly A-11,Retail Operations,53.94,223,12028.62,Net 45,True,False
PO-2023-08765,2023-09-15,2023-09-29,2023-09-29,SUP-036,Golden Dragon Components,China,Electronics,PCB Assembly A-11,R&D,59.82,231,13818.42,Net 30,True,False
PO-2023-08887,2023-09-15,2023-09-27,2023-09-27,SUP-028,Summit Components,USA,Electronics,PCB Assembly A-11,Manufacturing,53.88,372,20043.36,Net 60,True,False
PO-2023-08839,2023-09-15,2023-09-22,2023-09-22,SUP-034,Pacific Rim Circuits,China,Electronics,Connector Kit CK-8,Manufacturing,4.4,2898,12751.2,Net 45,True,False
PO-2023-08890,2023-09-15,2023-10-12,2023-10-12,SUP-023,Schwarzwald Circuits,Germany,Electronics,Microcontroller MCU-9,Corporate,7.48,1686,12611.28,Net 30,True,False
PO-2023-08842,2023-09-15,2023-09-23,2023-09-23,SUP-034,Pacific Rim Circuits,China,Electronics,Connector Kit CK-8,Field Services,4.47,954,4264.38,Net 30,False,False
PO-2023-08814,2023-09-15,2023-10-07,2023-10-09,SUP-028,Summit Components,USA,Electronics,Sensor Module SM-3,Corporate,24.48,448,10967.04,Net 30,True,False
PO-2023-08794,2023-09-15,2023-10-09,2023-10-09,SUP-025,Cascade Semitech,USA,Electronics,Connector Kit CK-8,Retail Operations,4.6,2191,10078.6,Net 15,True,False
PO-2023-08795,2023-09-15,2023-09-30,2023-09-30,SUP-033,Busan Components,South Korea,Electronics,Connector Kit CK-8,Manufacturing,4.19,3192,13374.48,Net 30,True,False
PO-2023-08797,2023-09-15,2023-09-20,2023-09-20,SUP-036,Golden Dragon Components,China,Electronics,PCB Assembly A-11,R&D,53.29,210,11190.9,Net 30,True,False
PO-2023-08850,2023-09-16,2023-09-25,2023-09-25,SUP-025,Cascade Semitech,USA,Electronics,Sensor Module SM-3,Manufacturing,24.37,442,10771.54,Net 45,True,False
PO-2023-08857,2023-09-16,2023-09-24,2023-09-24,SUP-024,Sterling Components,USA,Electronics,PCB Assembly A-11,Manufacturing,53.55,338,18099.9,Net 15,True,False
PO-2023-08846,2023-09-16,2023-09-28,2023-09-28,SUP-035,Pacific Rim Semitech,China,Electronics,Sensor Module SM-3,R&D,24.56,940,23086.4,Net 30,True,False
PO-2023-08835,2023-09-16,2023-10-08,2023-10-12,SUP-034,Pacific Rim Circuits,China,Electronics,Sensor Module SM-3,Field Services,24.46,522,12768.12,Net 30,True,False
PO-2023-08856,2023-09-16,2023-10-17,2023-10-17,SUP-025,Cascade Semitech,USA,Electronics,Connector Kit CK-8,Retail Operations,4.39,3040,13345.6,Net 45,True,False
PO-2023-08882,2023-09-16,2023-10-11,2023-10-11,SUP-025,Cascade Semitech,USA,Electronics,Microcontroller MCU-9,Field Services,7.54,2548,19211.92,Net 45,True,False
PO-2023-08818,2023-09-16,2023-10-10,2023-10-10,SUP-036,Golden Dragon Components,China,Electronics,PCB Assembly A-11,Manufacturing,59.52,326,19403.52,Net 30,True,False
PO-2023-08779,2023-09-17,2023-10-05,2023-10-05,SUP-025,Cascade Semitech,USA,Electronics,Power Supply Unit 450W,R&D,72.38,110,7961.8,Net 30,False,False
PO-2023-08821,2023-09-17,2023-10-12,2023-10-12,SUP-022,Redwood Components,USA,Electronics,Power Supply Unit 450W,Field Services,69.56,197,13703.32,Net 30,True,False
PO-2023-08902,2023-09-17,2023-10-02,2023-10-02,SUP-028,Summit Components,USA,Electronics,Connector Kit CK-8,R&D,4.67,3990,18633.3,Net 15,True,False
PO-2023-08879,2023-09-17,2023-09-30,2023-09-30,SUP-036,Golden Dragon Components,China,Electronics,Microcontroller MCU-9,R&D,7.95,2716,21592.2,Net 30,True,False
PO-2023-08858,2023-09-17,2023-09-29,2023-09-29,SUP-028,Summit Components,USA,Electronics,Connector Kit CK-8,Field Services,4.49,3787,17003.63,Net 15,True,False
PO-2023-08812,2023-09-18,2023-09-27,2023-09-27,SUP-034,Pacific Rim Circuits,China,Electronics,Connector Kit CK-8,Manufacturing,4.41,2478,10927.98,Net 45,True,False
PO-2023-08898,2023-09-18,2023-10-12,2023-10-12,SUP-025,Cascade Semitech,USA,Electronics,Connector Kit CK-8,Retail Operations,4.53,1995,9037.35,Net 30,True,False
PO-2023-08893,2023-09-18,2023-09-30,2023-09-30,SUP-035,Pacific Rim Semitech,China,Electronics,Sensor Module SM-3,Retail Operations,23.37,502,11731.74,Net 45,True,False
PO-2023-08826,2023-09-18,2023-09-29,2023-09-29,SUP-024,Sterling Components,USA,Electronics,Power Supply Unit 450W,Field Services,67.05,95,6369.75,Net 45,True,False
PO-2023-08831,2023-09-18,2023-10-14,2023-10-14,SUP-028,Summit Components,USA,Electronics,Power Supply Unit 450W,R&D,65.51,199,13036.49,Net 45,False,False
PO-2023-08873,2023-09-18,2023-10-08,2023-10-08,SUP-025,Cascade Semitech,USA,Electronics,Microcontroller MCU-9,Retail Operations,7.95,2442,19413.9,Net 30,True,False
PO-2023-08843,2023-09-18,2023-09-28,2023-09-28,SUP-032,Lotus Components,India,Electronics,Microcontroller MCU-9,R&D,6.8,2574,17503.2,Net 30,False,False
PO-2023-08852,2023-09-18,2023-10-02,2023-10-02,SUP-028,Summit Components,USA,Electronics,Connector Kit CK-8,Retail Operations,4.71,1666,7846.86,Net 30,True,False
PO-2023-08868,2023-09-19,2023-10-21,2023-10-30,SUP-029,Great Wall Components,China,Electronics,Power Supply Unit 450W,Retail Operations,55.44,218,12085.92,Net 30,True,False
PO-2023-08897,2023-09-19,2023-10-23,2023-10-25,SUP-029,Great Wall Components,China,Electronics,Sensor Module SM-3,R&D,24.94,586,14614.84,Net 30,True,False
PO-2023-08773,2023-09-19,2023-10-19,2023-10-19,SUP-028,Summit Components,USA,Electronics,Sensor Module SM-3,Retail Operations,24.17,511,12350.87,Net 45,True,False
PO-2023-08811,2023-09-19,2023-09-27,2023-09-27,SUP-023,Schwarzwald Circuits,Germany,Electronics,Sensor Module SM-3,Manufacturing,22.98,364,8364.72,Net 45,True,False
PO-2023-08799,2023-09-20,2023-10-13,2023-10-13,SUP-028,Summit Components,USA,Electronics,PCB Assembly A-11,Corporate,51.57,478,24650.46,Net 60,True,False
PO-2023-08855,2023-09-21,2023-10-18,2023-10-18,SUP-032,Lotus Components,India,Electronics,Microcontroller MCU-9,Field Services,7.08,4103,29049.24,Net 45,False,False
PO-2023-08836,2023-09-21,2023-10-06,2023-10-06,SUP-033,Busan Components,South Korea,Electronics,Power Supply Unit 450W,Manufacturing,55.23,160,8836.8,Net 45,True,True
PO-2023-08823,2023-09-21,2023-10-21,2023-10-21,SUP-032,Lotus Components,India,Electronics,Connector Kit CK-8,Field Services,3.59,4686,16822.74,Net 30,True,False
PO-2023-08760,2023-09-22,2023-10-07,2023-10-07,SUP-036,Golden Dragon Components,China,Electronics,Connector Kit CK-8,Retail Operations,4.88,2569,12536.72,Net 15,True,False
PO-2023-08782,2023-09-22,2023-10-06,2023-10-06,SUP-028,Summit Components,USA,Electronics,PCB Assembly A-11,R&D,48.61,484,23527.24,Net 30,True,False
PO-2023-08838,2023-09-22,2023-10-03,2023-10-03,SUP-022,Redwood Components,USA,Electronics,PCB Assembly A-11,Field Services,54.3,522,28344.6,Net 60,True,False
PO-2023-08861,2023-09-22,2023-10-24,2023-10-24,SUP-032,Lotus Components,India,Electronics,PCB Assembly A-11,Field Services,44.16,446,19695.36,Net 30,False,False
PO-2023-08863,2023-09-22,2023-10-02,2023-10-02,SUP-025,Cascade Semitech,USA,Electronics,PCB Assembly A-11,Retail Operations,56.98,349,19886.02,Net 45,False,False
PO-2023-08824,2023-09-22,2023-09-27,2023-09-28,SUP-025,Cascade Semitech,USA,Electronics,Power Supply Unit 450W,Field Services,72.93,202,14731.86,Net 45,False,False
PO-2023-08787,2023-09-23,2023-10-18,2023-10-18,SUP-025,Cascade Semitech,USA,Electronics,Microcontroller MCU-9,R&D,8.54,1628,13903.12,Net 15,True,True
PO-2023-08872,2023-09-23,2023-10-04,2023-10-07,SUP-036,Golden Dragon Components,China,Electronics,Power Supply Unit 450W,R&D,73.15,180,13167.0,Net 30,True,False
PO-2023-08829,2023-09-23,2023-10-01,2023-10-01,SUP-028,Summit Components,USA,Electronics,Microcontroller MCU-9,Retail Operations,8.09,1,8.09,Net 45,True,False
PO-2023-08780,2023-09-23,2023-10-14,2023-10-14,SUP-028,Summit Components,USA,Electronics,PCB Assembly A-11,Corporate,54.82,346,18967.72,Net 45,True,False
PO-2023-08851,2023-09-23,2023-10-20,2023-10-20,SUP-022,Redwood Components,USA,Electronics,Microcontroller MCU-9,Field Services,7.57,1299,9833.43,Net 30,True,False
PO-2023-08762,2023-09-23,2023-10-10,2023-10-10,SUP-033,Busan Components,South Korea,Electronics,Sensor Module SM-3,Manufacturing,22.96,384,8816.64,Net 60,True,False
PO-2023-08832,2023-09-24,2023-10-28,2023-10-28,SUP-028,Summit Components,USA,Electronics,PCB Assembly A-11,Corporate,52.39,429,22475.31,Net 30,True,False
PO-2023-08833,2023-09-24,2023-10-06,2023-10-06,SUP-032,Lotus Components,India,Electronics,Connector Kit CK-8,R&D,3.52,2585,9099.2,Net 30,False,False
PO-2023-08763,2023-09-24,2023-10-25,2023-10-25,SUP-028,Summit Components,USA,Electronics,Power Supply Unit 450W,Field Services,68.35,91,6219.85,Net 60,False,False
PO-2023-08786,2023-09-24,2023-10-16,2023-10-16,SUP-033,Busan Components,South Korea,Electronics,PCB Assembly A-11,Retail Operations,44.66,446,19918.36,Net 30,True,False
PO-2023-08800,2023-09-24,2023-10-21,2023-10-21,SUP-028,Summit Components,USA,Electronics,Sensor Module SM-3,R&D,23.8,828,19706.4,Net 60,False,False
PO-2023-08871,2023-09-24,2023-10-12,2023-10-21,SUP-029,Great Wall Components,China,Electronics,Power Supply Unit 450W,Field Services,71.72,114,8176.08,Net 45,True,False
PO-2023-08815,2023-09-24,2023-10-22,2023-10-26,SUP-029,Great Wall Components,China,Electronics,Microcontroller MCU-9,Manufacturing,7.75,1544,11966.0,Net 45,True,False
PO-2023-08803,2023-09-25,2023-10-22,2023-10-24,SUP-025,Cascade Semitech,USA,Electronics,Power Supply Unit 450W,Corporate,66.04,122,8056.88,Net 30,True,False
PO-2023-08767,2023-09-25,2023-10-11,2023-10-11,SUP-028,Summit Components,USA,Electronics,Power Supply Unit 450W,R&D,66.77,67,4473.59,Net 60,False,False
PO-2023-08825,2023-09-25,2023-10-27,2023-10-27,SUP-032,Lotus Components,India,Electronics,Power Supply Unit 450W,R&D,58.32,50,2916.0,Net 45,True,False
PO-2023-08886,2023-09-25,2023-10-09,2023-10-09,SUP-028,Summit Components,USA,Electronics,Power Supply Unit 450W,Corporate,68.41,213,14571.33,Net 60,True,False
PO-2023-08848,2023-09-25,2023-10-10,2023-10-10,SUP-033,Busan Components,South Korea,Electronics,Power Supply Unit 450W,R&D,59.65,159,9484.35,Net 45,True,False
PO-2023-08822,2023-09-26,2023-10-04,2023-10-04,SUP-022,Redwood Components,USA,Electronics,Power Supply Unit 450W,Field Services,63.31,178,11269.18,Net 30,True,False
PO-2023-08771,2023-09-26,2023-10-21,2023-10-23,SUP-025,Cascade Semitech,USA,Electronics,PCB Assembly A-11,Corporate,57.52,591,33994.32,Net 30,True,False
PO-2023-08894,2023-09-26,2023-10-14,2023-10-14,SUP-022,Redwood Components,USA,Electronics,Microcontroller MCU-9,R&D,7.18,3469,24907.42,Net 30,True,False
PO-2023-08878,2023-09-26,2023-10-14,2023-10-14,SUP-028,Summit Components,USA,Electronics,Connector Kit CK-8,R&D,4.67,3871,18077.57,Net 30,True,False
PO-2023-08769,2023-09-27,2023-10-30,2023-10-30,SUP-025,Cascade Semitech,USA,Electronics,Microcontroller MCU-9,R&D,8.5,2591,22023.5,Net 30,False,False
PO-2023-08805,2023-09-27,2023-10-17,2023-10-19,SUP-025,Cascade Semitech,USA,Electronics,Connector Kit CK-8,Retail Operations,4.49,3968,17816.32,Net 30,False,False
PO-2023-08876,2023-09-27,2023-10-25,2023-10-25,SUP-033,Busan Components,South Korea,Electronics,Sensor Module SM-3,R&D,23.64,907,21441.48,Net 30,True,False
PO-2023-08793,2023-09-27,2023-10-04,2023-10-04,SUP-032,Lotus Components,India,Electronics,Connector Kit CK-8,Manufacturing,3.82,4576,17480.32,Net 60,True,False
PO-2023-08834,2023-09-28,2023-10-10,2023-10-10,SUP-034,Pacific Rim Circuits,China,Electronics,PCB Assembly A-11,Manufacturing,51.37,444,22808.28,Net 30,True,True
PO-2023-08853,2023-09-28,2023-10-13,2023-10-13,SUP-028,Summit Components,USA,Electronics,Microcontroller MCU-9,R&D,7.88,1240,9771.2,Net 60,True,False
PO-2023-08869,2023-09-28,2023-10-29,2023-10-29,SUP-025,Cascade Semitech,USA,Electronics,Power Supply Unit 450W,R&D,66.27,96,6361.92,Net 30,True,False
PO-2023-08784,2023-09-28,2023-10-06,2023-10-06,SUP-035,Pacific Rim Semitech,China,Electronics,Sensor Module SM-3,Field Services,23.93,628,15028.04,Net 45,True,False
PO-2023-08768,2023-09-28,2023-10-22,2023-10-22,SUP-036,Golden Dragon Components,China,Electronics,Microcontroller MCU-9,Manufacturing,8.07,2362,19061.34,Net 60,True,False
PO-2023-08900,2023-09-28,2023-10-14,2023-10-14,SUP-034,Pacific Rim Circuits,China,Electronics,Connector Kit CK-8,Manufacturing,4.33,3569,15453.77,Net 30,True,False
PO-2023-08860,2023-09-29,2023-10-07,2023-10-07,SUP-025,Cascade Semitech,USA,Electronics,Connector Kit CK-8,R&D,4.49,3174,14251.26,Net 30,True,False
PO-2023-08816,2023-09-29,2023-10-09,2023-10-09,SUP-022,Redwood Components,USA,Electronics,Sensor Module SM-3,R&D,22.55,671,15131.05,Net 60,False,False
PO-2023-08801,2023-09-29,2023-10-07,2023-10-09,SUP-026,Great Wall Circuits,China,Electronics,Power Supply Unit 450W,Manufacturing,68.52,168,11511.36,Net 45,True,False
PO-2023-08798,2023-09-29,2023-11-01,2023-11-01,SUP-032,Lotus Components,India,Electronics,PCB Assembly A-11,Field Services,44.59,410,18281.9,Net 30,True,False
PO-2023-08776,2023-09-30,2023-10-26,2023-10-26,SUP-028,Summit Components,USA,Electronics,Microcontroller MCU-9,Retail Operations,8.24,2351,19372.24,Net 45,True,False
PO-2023-08759,2023-09-30,2023-10-08,2023-10-08,SUP-032,Lotus Components,India,Electronics,Connector Kit CK-8,R&D,4.25,5327,22639.75,Net 30,False,False
PO-2023-08796,2023-09-30,2023-10-20,2023-10-20,SUP-036,Golden Dragon Components,China,Electronics,Power Supply Unit 450W,Retail Operations,71.07,275,19544.25,Net 45,True,False
PO-2023-08904,2023-09-30,2023-11-02,2023-11-02,SUP-025,Cascade Semitech,USA,Electronics,Microcontroller MCU-9,Corporate,7.71,2912,22451.52,Net 45,True,False
PO-2023-08889,2023-09-30,2023-10-30,2023-10-30,SUP-028,Summit Components,USA,Electronics,Sensor Module SM-3,R&D,25.58,576,14734.08,Net 60,True,False
PO-2023-08885,2023-09-30,2023-10-10,2023-10-10,SUP-025,Cascade Semitech,USA,Electronics,Microcontroller MCU-9,Retail Operations,7.85,3029,23777.65,Net 30,True,False
PO-2023-10011,2023-10-01,2023-11-02,2023-11-12,SUP-029,Great Wall Components,China,Electronics,PCB Assembly A-11,Field Services,58.47,549,32100.03,Net 30,True,False
PO-2023-10046,2023-10-01,2023-10-30,2023-10-30,SUP-022,Redwood Components,USA,Electronics,Microcontroller MCU-9,Manufacturing,7.13,3756,26780.28,Net 15,True,False
PO-2023-09960,2023-10-01,2023-10-10,2023-10-11,SUP-034,Pacific Rim Circuits,China,Electronics,Power Supply Unit 450W,Manufacturing,64.74,122,7898.28,Net 15,True,False
PO-2023-09953,2023-10-01,2023-10-21,2023-10-21,SUP-025,Cascade Semitech,USA,Electronics,Power Supply Unit 450W,Field Services,66.41,163,10824.83,Net 15,True,False
PO-2023-10095,2023-10-01,2023-10-26,2023-10-26,SUP-030,Sterling Semitech,USA,Electronics,Power Supply Unit 450W,Manufacturing,68.93,114,7858.02,Net 30,True,False
PO-2023-10012,2023-10-02,2023-10-08,2023-10-08,SUP-033,Busan Components,South Korea,Electronics,Sensor Module SM-3,Manufacturing,23.71,676,16027.96,Net 45,True,False
PO-2023-09968,2023-10-02,2023-10-25,2023-10-25,SUP-034,Pacific Rim Circuits,China,Electronics,Sensor Module SM-3,Field Services,27.59,433,11946.47,Net 30,False,False
PO-2023-09988,2023-10-02,2023-11-05,2023-11-17,SUP-029,Great Wall Components,China,Electronics,Power Supply Unit 450W,Corporate,64.35,45,2895.75,Net 60,True,True
PO-2023-10041,2023-10-02,2023-10-10,2023-10-10,SUP-028,Summit Components,USA,Electronics,Sensor Module SM-3,R&D,25.96,531,13784.76,Net 30,True,False
PO-2023-10074,2023-10-03,2023-10-26,2023-10-26,SUP-024,Sterling Components,USA,Electronics,Power Supply Unit 450W,Manufacturing,66.47,88,5849.36,Net 30,True,False
PO-2023-10030,2023-10-03,2023-10-08,2023-10-08,SUP-034,Pacific Rim Circuits,China,Electronics,Microcontroller MCU-9,Corporate,8.13,2415,19633.95,Net 30,True,False
PO-2023-09939,2023-10-03,2023-10-18,2023-10-18,SUP-028,Summit Components,USA,Electronics,Sensor Module SM-3,Corporate,26.3,289,7600.7,Net 15,True,False
PO-2023-10092,2023-10-03,2023-11-01,2023-11-01,SUP-028,Summit Components,USA,Electronics,Connector Kit CK-8,Manufacturing,4.49,1502,6743.98,Net 15,True,False
PO-2023-10048,2023-10-04,2023-10-12,2023-10-12,SUP-028,Summit Components,USA,Electronics,Sensor Module SM-3,Manufacturing,24.69,477,11777.13,Net 30,True,False
PO-2023-09966,2023-10-04,2023-10-14,2023-10-14,SUP-025,Cascade Semitech,USA,Electronics,Sensor Module SM-3,Field Services,24.17,462,11166.54,Net 30,True,False
PO-2023-09975,2023-10-04,2023-10-16,2023-10-19,SUP-033,Busan Components,South Korea,Electronics,PCB Assembly A-11,Field Services,45.09,549,24754.41,Net 30,True,False
PO-2023-10004,2023-10-04,2023-11-04,2023-11-04,SUP-027,Golden Dragon Circuits,China,Electronics,Microcontroller MCU-9,Retail Operations,7.72,38,293.36,Net 30,True,False
PO-2023-10015,2023-10-04,2023-10-16,2023-10-16,SUP-034,Pacific Rim Circuits,China,Electronics,Sensor Module SM-3,Corporate,26.3,729,19172.7,Net 30,True,False
PO-2023-09930,2023-10-04,2023-10-22,2023-10-22,SUP-025,Cascade Semitech,USA,Electronics,Sensor Module SM-3,Retail Operations,25.51,290,7397.9,Net 45,True,False
PO-2023-10076,2023-10-04,2023-10-16,2023-10-16,SUP-034,Pacific Rim Circuits,China,Electronics,Connector Kit CK-8,R&D,4.63,4544,21038.72,Net 30,True,False
PO-2023-09936,2023-10-05,2023-10-29,2023-10-29,SUP-033,Busan Components,South Korea,Electronics,Power Supply Unit 450W,Manufacturing,56.91,80,4552.8,Net 15,True,False
PO-2023-10017,2023-10-05,2023-11-06,2023-11-06,SUP-028,Summit Components,USA,Electronics,Power Supply Unit 450W,Field Services,68.18,88,5999.84,Net 45,True,False
PO-2023-10038,2023-10-05,2023-10-21,2023-10-23,SUP-033,Busan Components,South Korea,Electronics,Connector Kit CK-8,Retail Operations,3.92,2882,11297.44,Net 30,True,False
PO-2023-10106,2023-10-05,2023-10-21,2023-10-21,SUP-032,Lotus Components,India,Electronics,Connector Kit CK-8,Retail Operations,4.33,2653,11487.49,Net 15,True,False
PO-2023-10057,2023-10-05,2023-11-07,2023-11-09,SUP-028,Summit Components,USA,Electronics,Connector Kit CK-8,Retail Operations,5.01,1,5.01,Net 60,True,False
PO-2023-10080,2023-10-06,2023-11-06,2023-11-17,SUP-029,Great Wall Components,China,Electronics,Power Supply Unit 450W,Field Services,65.83,218,14350.94,Net 30,True,False
PO-2023-10059,2023-10-06,2023-10-13,2023-10-13,SUP-025,Cascade Semitech,USA,Electronics,PCB Assembly A-11,Retail Operations,59.66,745,44446.7,Net 30,True,False
PO-2023-09963,2023-10-06,2023-10-30,2023-10-30,SUP-025,Cascade Semitech,USA,Electronics,Sensor Module SM-3,Manufacturing,26.07,896,23358.72,Net 30,True,False
PO-2023-09997,2023-10-06,2023-10-11,2023-10-11,SUP-028,Summit Components,USA,Electronics,Connector Kit CK-8,R&D,4.76,3390,16136.4,Net 45,True,False
PO-2023-09945,2023-10-06,2023-11-04,2023-11-05,SUP-025,Cascade Semitech,USA,Electronics,Power Supply Unit 450W,Manufacturing,65.57,212,13900.84,Net 30,True,False
PO-2023-09964,2023-10-06,2023-10-28,2023-10-28,SUP-028,Summit Components,USA,Electronics,Power Supply Unit 450W,Field Services,66.74,142,9477.08,Net 30,True,False
PO-2023-09983,2023-10-07,2023-11-04,2023-11-04,SUP-025,Cascade Semitech,USA,Electronics,Microcontroller MCU-9,R&D,7.83,1520,11901.6,Net 45,True,False
PO-2023-10082,2023-10-07,2023-10-31,2023-10-31,SUP-036,Golden Dragon Components,China,Electronics,Connector Kit CK-8,Manufacturing,4.51,3737,16853.87,Net 30,True,False
PO-2023-09979,2023-10-07,2023-10-21,2023-10-21,SUP-028,Summit Components,USA,Electronics,Microcontroller MCU-9,Field Services,8.43,2864,24143.52,Net 30,False,False
PO-2023-10064,2023-10-07,2023-10-18,2023-10-18,SUP-027,Golden Dragon Circuits,China,Electronics,Sensor Module SM-3,Retail Operations,24.46,718,17562.28,Net 45,True,False
PO-2023-10062,2023-10-07,2023-11-06,2023-11-06,SUP-024,Sterling Components,USA,Electronics,Connector Kit CK-8,Retail Operations,4.57,4073,18613.61,Net 60,True,False
PO-2023-10069,2023-10-08,2023-11-06,2023-11-06,SUP-032,Lotus Components,India,Electronics,Connector Kit CK-8,Manufacturing,4.11,2755,11323.05,Net 30,True,False
PO-2023-10005,2023-10-08,2023-10-13,2023-10-13,SUP-024,Sterling Components,USA,Electronics,Connector Kit CK-8,Manufacturing,4.72,3941,18601.52,Net 30,False,False
PO-2023-10027,2023-10-08,2023-11-02,2023-11-02,SUP-036,Golden Dragon Components,China,Electronics,Connector Kit CK-8,R&D,4.68,1309,6126.12,Net 60,False,False
PO-2023-10016,2023-10-08,2023-10-13,2023-10-13,SUP-034,Pacific Rim Circuits,China,Electronics,PCB Assembly A-11,Manufacturing,53.62,477,25576.74,Net 15,True,False
PO-2023-10081,2023-10-09,2023-10-30,2023-10-30,SUP-027,Golden Dragon Circuits,China,Electronics,PCB Assembly A-11,Manufacturing,55.71,203,11309.13,Net 45,True,False
PO-2023-10055,2023-10-09,2023-11-01,2023-11-01,SUP-034,Pacific Rim Circuits,China,Electronics,Sensor Module SM-3,Manufacturing,23.97,808,19367.76,Net 15,True,False
PO-2023-10023,2023-10-09,2023-10-21,2023-10-21,SUP-028,Summit Components,USA,Electronics,Power Supply Unit 450W,Field Services,69.0,195,13455.0,Net 30,False,False
PO-2023-10105,2023-10-09,2023-10-21,2023-10-22,SUP-025,Cascade Semitech,USA,Electronics,Sensor Module SM-3,Retail Operations,26.18,762,19949.16,Net 30,True,False
PO-2023-09935,2023-10-09,2023-10-22,2023-11-01,SUP-029,Great Wall Components,China,Electronics,Power Supply Unit 450W,Field Services,71.04,119,8453.76,Net 30,True,False
PO-2023-10031,2023-10-10,2023-11-03,2023-11-18,SUP-029,Great Wall Components,China,Electronics,Microcontroller MCU-9,R&D,9.55,3479,33224.45,Net 45,False,False
PO-2023-10045,2023-10-10,2023-11-05,2023-11-07,SUP-034,Pacific Rim Circuits,China,Electronics,Connector Kit CK-8,Retail Operations,4.29,1702,7301.58,Net 60,True,False
PO-2023-10103,2023-10-10,2023-10-25,2023-10-28,SUP-034,Pacific Rim Circuits,China,Electronics,Connector Kit CK-8,R&D,4.6,2283,10501.8,Net 30,True,False
PO-2023-10079,2023-10-10,2023-11-02,2023-11-02,SUP-023,Schwarzwald Circuits,Germany,Electronics,Connector Kit CK-8,Field Services,3.99,3196,12752.04,Net 15,False,False
PO-2023-10097,2023-10-10,2023-10-30,2023-10-30,SUP-030,Sterling Semitech,USA,Electronics,Connector Kit CK-8,Manufacturing,4.49,4027,18081.23,Net 30,True,False
PO-2023-10049,2023-10-10,2023-11-08,2023-11-08,SUP-025,Cascade Semitech,USA,Electronics,Power Supply Unit 450W,Corporate,64.81,183,11860.23,Net 30,True,False
PO-2023-10006,2023-10-10,2023-11-11,2023-11-11,SUP-034,Pacific Rim Circuits,China,Electronics,Power Supply Unit 450W,Field Services,70.81,110,7789.1,Net 45,True,False
PO-2023-09942,2023-10-10,2023-10-28,2023-10-28,SUP-022,Redwood Components,USA,Electronics,PCB Assembly A-11,Corporate,49.19,340,16724.6,Net 30,True,False
PO-2023-10094,2023-10-11,2023-10-29,2023-10-29,SUP-022,Redwood Components,USA,Electronics,PCB Assembly A-11,R&D,47.72,418,19946.96,Net 30,True,False
PO-2023-09929,2023-10-11,2023-11-01,2023-11-01,SUP-028,Summit Components,USA,Electronics,PCB Assembly A-11,Field Services,54.02,606,32736.12,Net 15,True,False
PO-2023-10070,2023-10-11,2023-10-27,2023-11-16,SUP-029,Great Wall Components,China,Electronics,Sensor Module SM-3,Retail Operations,29.3,174,5098.2,Net 30,True,False
PO-2023-09974,2023-10-11,2023-10-24,2023-10-24,SUP-034,Pacific Rim Circuits,China,Electronics,Connector Kit CK-8,Field Services,4.4,5112,22492.8,Net 30,True,False
PO-2023-09931,2023-10-11,2023-10-28,2023-10-28,SUP-034,Pacific Rim Circuits,China,Electronics,PCB Assembly A-11,Field Services,50.9,556,28300.4,Net 30,True,False
PO-2023-10007,2023-10-11,2023-10-18,2023-10-18,SUP-034,Pacific Rim Circuits,China,Electronics,Sensor Module SM-3,Retail Operations,24.62,593,14599.66,Net 45,True,False
PO-2023-10088,2023-10-11,2023-10-31,2023-10-31,SUP-023,Schwarzwald Circuits,Germany,Electronics,Microcontroller MCU-9,R&D,7.27,3018,21940.86,Net 45,True,False
PO-2023-10025,2023-10-11,2023-10-21,2023-10-21,SUP-025,Cascade Semitech,USA,Electronics,Connector Kit CK-8,Field Services,4.85,3390,16441.5,Net 45,False,False
PO-2023-10028,2023-10-11,2023-11-03,2023-11-03,SUP-035,Pacific Rim Semitech,China,Electronics,PCB Assembly A-11,R&D,54.78,494,27061.32,Net 30,True,False
PO-2023-09990,2023-10-11,2023-11-13,2023-11-13,SUP-022,Redwood Components,USA,Electronics,Power Supply Unit 450W,Corporate,61.32,87,5334.84,Net 60,True,False
PO-2023-10052,2023-10-12,2023-10-27,2023-10-27,SUP-032,Lotus Components,India,Electronics,Connector Kit CK-8,Retail Operations,4.06,2017,8189.02,Net 30,True,True
PO-2023-09998,2023-10-12,2023-10-25,2023-10-25,SUP-022,Redwood Components,USA,Electronics,Connector Kit CK-8,R&D,4.34,2614,11344.76,Net 15,True,False
PO-2023-10043,2023-10-12,2023-11-02,2023-11-02,SUP-022,Redwood Components,USA,Electronics,Sensor Module SM-3,R&D,23.03,519,11952.57,Net 30,True,False
PO-2023-10066,2023-10-12,2023-10-18,2023-10-18,SUP-025,Cascade Semitech,USA,Electronics,Power Supply Unit 450W,Manufacturing,75.37,94,7084.78,Net 30,True,False
PO-2023-09952,2023-10-12,2023-10-21,2023-10-31,SUP-029,Great Wall Components,China,Electronics,Connector Kit CK-8,R&D,4.23,1502,6353.46,Net 30,True,False
PO-2023-10036,2023-10-13,2023-10-27,2023-10-27,SUP-023,Schwarzwald Circuits,Germany,Electronics,Microcontroller MCU-9,Retail Operations,7.48,3447,25783.56,Net 15,True,False
PO-2023-10078,2023-10-13,2023-11-06,2023-11-06,SUP-036,Golden Dragon Components,China,Electronics,Connector Kit CK-8,Corporate,4.82,765,3687.3,Net 15,True,False
PO-2023-10072,2023-10-13,2023-11-04,2023-11-04,SUP-035,Pacific Rim Semitech,China,Electronics,Connector Kit CK-8,Manufacturing,4.48,3633,16275.84,Net 30,True,False
PO-2023-09972,2023-10-13,2023-11-16,2023-11-16,SUP-028,Summit Components,USA,Electronics,Connector Kit CK-8,R&D,4.66,3167,14758.22,Net 15,False,False
PO-2023-10090,2023-10-14,2023-11-07,2023-11-18,SUP-029,Great Wall Components,China,Electronics,PCB Assembly A-11,R&D,71.76,383,27484.08,Net 30,True,False
PO-2023-09946,2023-10-14,2023-10-20,2023-11-08,SUP-029,Great Wall Components,China,Electronics,Connector Kit CK-8,R&D,5.09,2329,11854.61,Net 15,True,False
PO-2023-09962,2023-10-14,2023-10-31,2023-10-31,SUP-025,Cascade Semitech,USA,Electronics,Microcontroller MCU-9,Manufacturing,7.62,3844,29291.28,Net 45,True,False
PO-2023-10034,2023-10-14,2023-10-28,2023-10-28,SUP-025,Cascade Semitech,USA,Electronics,PCB Assembly A-11,Retail Operations,55.91,521,29129.11,Net 30,True,False
PO-2023-10091,2023-10-14,2023-10-26,2023-10-26,SUP-025,Cascade Semitech,USA,Electronics,PCB Assembly A-11,R&D,58.74,271,15918.54,Net 30,True,False
PO-2023-09999,2023-10-15,2023-10-30,2023-10-30,SUP-022,Redwood Components,USA,Electronics,Sensor Module SM-3,Field Services,22.95,420,9639.0,Net 30,True,False
PO-2023-10022,2023-10-15,2023-11-11,2023-11-11,SUP-028,Summit Components,USA,Electronics,Power Supply Unit 450W,Retail Operations,69.41,147,10203.27,Net 45,True,False
PO-2023-10033,2023-10-15,2023-10-25,2023-10-25,SUP-034,Pacific Rim Circuits,China,Electronics,PCB Assembly A-11,Retail Operations,51.72,349,18050.28,Net 60,True,False
PO-2023-10087,2023-10-15,2023-11-08,2023-11-08,SUP-025,Cascade Semitech,USA,Electronics,Power Supply Unit 450W,Retail Operations,70.37,82,5770.34,Net 60,True,False
PO-2023-09943,2023-10-15,2023-10-26,2023-11-12,SUP-029,Great Wall Components,China,Electronics,Connector Kit CK-8,Corporate,5.05,485,2449.25,Net 15,True,False
PO-2023-09947,2023-10-16,2023-10-23,2023-10-26,SUP-025,Cascade Semitech,USA,Electronics,Connector Kit CK-8,R&D,4.57,1041,4757.37,Net 60,True,False
PO-2023-10002,2023-10-16,2023-11-04,2023-11-06,SUP-032,Lotus Components,India,Electronics,Power Supply Unit 450W,Field Services,63.5,154,9779.0,Net 45,False,False
PO-2023-09957,2023-10-16,2023-10-24,2023-10-24,SUP-032,Lotus Components,India,Electronics,Connector Kit CK-8,Retail Operations,4.12,2856,11766.72,Net 30,True,False
PO-2023-10050,2023-10-16,2023-11-14,2023-11-14,SUP-022,Redwood Components,USA,Electronics,Connector Kit CK-8,R&D,4.4,1351,5944.4,Net 15,False,False
PO-2023-09992,2023-10-17,2023-10-22,2023-10-22,SUP-032,Lotus Components,India,Electronics,Microcontroller MCU-9,R&D,7.3,2582,18848.6,Net 30,True,False
PO-2023-09955,2023-10-17,2023-11-16,2023-11-16,SUP-036,Golden Dragon Components,China,Electronics,Power Supply Unit 450W,Field Services,64.75,64,4144.0,Net 30,True,False
PO-2023-10100,2023-10-17,2023-11-09,2023-11-09,SUP-033,Busan Components,South Korea,Electronics,Power Supply Unit 450W,Field Services,57.51,199,11444.49,Net 30,True,False
PO-2023-10013,2023-10-17,2023-10-29,2023-10-29,SUP-028,Summit Components,USA,Electronics,PCB Assembly A-11,Manufacturing,53.54,366,19595.64,Net 30,True,False
PO-2023-10044,2023-10-17,2023-11-05,2023-11-05,SUP-034,Pacific Rim Circuits,China,Electronics,Power Supply Unit 450W,Corporate,67.5,133,8977.5,Net 45,False,False
PO-2023-09933,2023-10-18,2023-11-03,2023-11-03,SUP-033,Busan Components,South Korea,Electronics,Power Supply Unit 450W,Field Services,68.41,165,11287.65,Net 60,True,False
PO-2023-10089,2023-10-18,2023-11-05,2023-11-05,SUP-025,Cascade Semitech,USA,Electronics,Microcontroller MCU-9,R&D,8.56,2774,23745.44,Net 30,True,False
PO-2023-09934,2023-10-18,2023-11-08,2023-11-08,SUP-024,Sterling Components,USA,Electronics,Microcontroller MCU-9,Field Services,7.76,1476,11453.76,Net 60,True,False
PO-2023-09954,2023-10-18,2023-10-31,2023-10-31,SUP-036,Golden Dragon Components,China,Electronics,Microcontroller MCU-9,Manufacturing,8.75,1089,9528.75,Net 30,True,False
PO-2023-10040,2023-10-18,2023-11-12,2023-11-23,SUP-029,Great Wall Components,China,Electronics,Connector Kit CK-8,Corporate,5.51,3522,19406.22,Net 30,True,False
PO-2023-10009,2023-10-18,2023-10-23,2023-10-23,SUP-036,Golden Dragon Components,China,Electronics,Power Supply Unit 450W,Corporate,67.48,170,11471.6,Net 30,True,False
PO-2023-09976,2023-10-18,2023-11-08,2023-11-08,SUP-022,Redwood Components,USA,Electronics,Sensor Module SM-3,Corporate,23.81,430,10238.3,Net 30,True,False
PO-2023-09965,2023-10-18,2023-11-01,2023-11-01,SUP-028,Summit Components,USA,Electronics,Sensor Module SM-3,Retail Operations,26.13,665,17376.45,Net 30,True,False
PO-2023-10063,2023-10-19,2023-11-16,2023-11-16,SUP-036,Golden Dragon Components,China,Electronics,PCB Assembly A-11,R&D,54.51,359,19569.09,Net 30,True,False
PO-2023-10020,2023-10-19,2023-11-17,2023-11-17,SUP-023,Schwarzwald Circuits,Germany,Electronics,Sensor Module SM-3,Retail Operations,23.05,876,20191.8,Net 45,True,False
PO-2023-09984,2023-10-19,2023-11-19,2023-11-19,SUP-028,Summit Components,USA,Electronics,Power Supply Unit 450W,Field Services,69.74,174,12134.76,Net 30,False,False
PO-2023-09982,2023-10-19,2023-11-03,2023-11-05,SUP-028,Summit Components,USA,Electronics,Connector Kit CK-8,Field Services,4.77,1480,7059.6,Net 15,True,False
PO-2023-10039,2023-10-19,2023-11-22,2023-11-22,SUP-034,Pacific Rim Circuits,China,Electronics,Microcontroller MCU-9,Retail Operations,7.97,2183,17398.51,Net 45,True,False
PO-2023-09969,2023-10-19,2023-10-27,2023-10-27,SUP-036,Golden Dragon Components,China,Electronics,Power Supply Unit 450W,Corporate,70.89,158,11200.62,Net 30,True,False
PO-2023-10019,2023-10-19,2023-10-24,2023-10-24,SUP-036,Golden Dragon Components,China,Electronics,Microcontroller MCU-9,Manufacturing,7.74,601,4651.74,Net 30,True,False
PO-2023-09961,2023-10-19,2023-11-17,2023-11-17,SUP-025,Cascade Semitech,USA,Electronics,Connector Kit CK-8,Field Services,4.67,3689,17227.63,Net 30,False,False
PO-2023-09948,2023-10-19,2023-11-19,2023-11-19,SUP-036,Golden Dragon Components,China,Electronics,Connector Kit CK-8,Corporate,4.95,2682,13275.9,Net 60,True,False
PO-2023-10085,2023-10-19,2023-11-12,2023-11-12,SUP-022,Redwood Components,USA,Electronics,Connector Kit CK-8,R&D,4.22,2568,10836.96,Net 60,False,False
PO-2023-10093,2023-10-19,2023-11-16,2023-12-01,SUP-029,Great Wall Components,China,Electronics,Sensor Module SM-3,Field Services,25.48,317,8077.16,Net 45,True,False
PO-2023-10067,2023-10-19,2023-11-08,2023-11-08,SUP-028,Summit Components,USA,Electronics,Connector Kit CK-8,Corporate,4.7,1521,7148.7,Net 60,True,False
PO-2023-10018,2023-10-19,2023-11-15,2023-11-15,SUP-022,Redwood Components,USA,Electronics,PCB Assembly A-11,R&D,50.69,147,7451.43,Net 45,True,False
PO-2023-10098,2023-10-20,2023-11-07,2023-11-07,SUP-033,Busan Components,South Korea,Electronics,Connector Kit CK-8,Retail Operations,4.14,3231,13376.34,Net 30,True,False
PO-2023-09971,2023-10-20,2023-11-16,2023-11-16,SUP-032,Lotus Components,India,Electronics,Connector Kit CK-8,Retail Operations,4.3,2867,12328.1,Net 30,True,False
PO-2023-09995,2023-10-21,2023-11-18,2023-11-18,SUP-023,Schwarzwald Circuits,Germany,Electronics,PCB Assembly A-11,Retail Operations,45.12,436,19672.32,Net 30,True,False
PO-2023-09951,2023-10-21,2023-11-21,2023-11-21,SUP-025,Cascade Semitech,USA,Electronics,Connector Kit CK-8,Retail Operations,4.29,4533,19446.57,Net 30,True,False
PO-2023-10075,2023-10-21,2023-11-20,2023-11-20,SUP-024,Sterling Components,USA,Electronics,PCB Assembly A-11,Retail Operations,51.35,324,16637.4,Net 30,True,False
PO-2023-09994,2023-10-22,2023-11-20,2023-11-20,SUP-034,Pacific Rim Circuits,China,Electronics,Sensor Module SM-3,R&D,24.51,531,13014.81,Net 30,True,False
PO-2023-09950,2023-10-22,2023-11-15,2023-11-15,SUP-034,Pacific Rim Circuits,China,Electronics,Microcontroller MCU-9,Corporate,8.01,2376,19031.76,Net 30,False,False
PO-2023-09981,2023-10-22,2023-11-06,2023-11-06,SUP-032,Lotus Components,India,Electronics,Power Supply Unit 450W,Corporate,58.19,180,10474.2,Net 45,True,False
PO-2023-09938,2023-10-22,2023-11-01,2023-11-01,SUP-036,Golden Dragon Components,China,Electronics,Power Supply Unit 450W,Manufacturing,71.44,118,8429.92,Net 30,True,False
PO-2023-10029,2023-10-22,2023-10-29,2023-10-29,SUP-024,Sterling Components,USA,Electronics,Power Supply Unit 450W,Field Services,71.35,242,17266.7,Net 45,False,False
PO-2023-10086,2023-10-22,2023-11-15,2023-11-29,SUP-029,Great Wall Components,China,Electronics,Sensor Module SM-3,Retail Operations,17.79,660,11741.4,Net 30,True,False
PO-2023-10071,2023-10-22,2023-10-31,2023-10-31,SUP-028,Summit Components,USA,Electronics,Sensor Module SM-3,R&D,24.46,465,11373.9,Net 30,True,False
PO-2023-10068,2023-10-22,2023-11-09,2023-11-13,SUP-022,Redwood Components,USA,Electronics,Connector Kit CK-8,Retail Operations,4.35,3139,13654.65,Net 30,False,False
PO-2023-10014,2023-10-23,2023-11-01,2023-11-01,SUP-024,Sterling Components,USA,Electronics,PCB Assembly A-11,Field Services,47.86,252,12060.72,Net 30,True,False
PO-2023-09987,2023-10-23,2023-10-30,2023-10-30,SUP-032,Lotus Components,India,Electronics,Microcontroller MCU-9,Manufacturing,6.98,1934,13499.32,Net 60,True,False
PO-2023-10003,2023-10-23,2023-11-14,2023-11-14,SUP-024,Sterling Components,USA,Electronics,PCB Assembly A-11,Corporate,57.31,592,33927.52,Net 45,True,False
PO-2023-09956,2023-10-23,2023-11-09,2023-11-09,SUP-033,Busan Components,South Korea,Electronics,Connector Kit CK-8,R&D,4.03,2133,8595.99,Net 45,False,False
PO-2023-10026,2023-10-23,2023-10-28,2023-10-28,SUP-028,Summit Components,USA,Electronics,Connector Kit CK-8,Field Services,4.13,4445,18357.85,Net 60,True,False
PO-2023-09940,2023-10-23,2023-11-11,2023-11-11,SUP-028,Summit Components,USA,Electronics,Sensor Module SM-3,Manufacturing,26.75,555,14846.25,Net 30,True,False
PO-2023-10008,2023-10-24,2023-11-19,2023-11-19,SUP-025,Cascade Semitech,USA,Electronics,Connector Kit CK-8,R&D,4.67,2820,13169.4,Net 30,True,False
PO-2023-10021,2023-10-24,2023-11-09,2023-11-09,SUP-025,Cascade Semitech,USA,Electronics,PCB Assembly A-11,Field Services,59.84,696,41648.64,Net 45,True,False
PO-2023-10077,2023-10-24,2023-11-22,2023-11-22,SUP-028,Summit Components,USA,Electronics,Power Supply Unit 450W,Retail Operations,72.48,173,12539.04,Net 30,True,False
PO-2023-10104,2023-10-24,2023-11-16,2023-11-16,SUP-035,Pacific Rim Semitech,China,Electronics,Connector Kit CK-8,Corporate,4.77,2583,12320.91,Net 45,True,False
PO-2023-09937,2023-10-24,2023-11-05,2023-11-06,SUP-033,Busan Components,South Korea,Electronics,Power Supply Unit 450W,Manufacturing,64.04,240,15369.6,Net 15,True,False
PO-2023-09967,2023-10-24,2023-11-12,2023-11-12,SUP-024,Sterling Components,USA,Electronics,Microcontroller MCU-9,Field Services,7.82,2318,18126.76,Net 30,True,False
PO-2023-10096,2023-10-24,2023-11-08,2023-11-10,SUP-028,Summit Components,USA,Electronics,PCB Assembly A-11,Corporate,56.02,385,21567.7,Net 45,True,False
PO-2023-10102,2023-10-24,2023-11-13,2023-11-13,SUP-036,Golden Dragon Components,China,Electronics,Sensor Module SM-3,Manufacturing,26.74,308,8235.92,Net 15,False,False
PO-2023-09932,2023-10-25,2023-11-01,2023-11-01,SUP-025,Cascade Semitech,USA,Electronics,Microcontroller MCU-9,Field Services,8.8,3202,28177.6,Net 45,False,False
PO-2023-09959,2023-10-25,2023-11-10,2023-11-12,SUP-022,Redwood Components,USA,Electronics,PCB Assembly A-11,Field Services,50.76,517,26242.92,Net 30,True,False
PO-2023-09958,2023-10-25,2023-11-19,2023-11-19,SUP-025,Cascade Semitech,USA,Electronics,Sensor Module SM-3,R&D,25.84,728,18811.52,Net 15,True,False
PO-2023-09980,2023-10-25,2023-11-19,2023-11-19,SUP-024,Sterling Components,USA,Electronics,Connector Kit CK-8,Corporate,4.65,3097,14401.05,Net 60,True,False
PO-2023-09977,2023-10-25,2023-11-21,2023-11-21,SUP-035,Pacific Rim Semitech,China,Electronics,PCB Assembly A-11,R&D,54.24,508,27553.92,Net 30,True,True
PO-2023-10101,2023-10-26,2023-11-26,2023-11-26,SUP-023,Schwarzwald Circuits,Germany,Electronics,PCB Assembly A-11,Manufacturing,48.31,279,13478.49,Net 30,True,False
PO-2023-10056,2023-10-26,2023-10-31,2023-10-31,SUP-032,Lotus Components,India,Electronics,Power Supply Unit 450W,Retail Operations,58.13,223,12962.99,Net 30,True,False
PO-2023-10058,2023-10-26,2023-11-07,2023-11-07,SUP-032,Lotus Components,India,Electronics,Connector Kit CK-8,Retail Operations,3.79,1901,7204.79,Net 45,True,False
PO-2023-10065,2023-10-26,2023-11-21,2023-11-21,SUP-022,Redwood Components,USA,Electronics,Power Supply Unit 450W,Manufacturing,61.84,171,10574.64,Net 60,True,False
PO-2023-10083,2023-10-26,2023-11-02,2023-11-02,SUP-028,Summit Components,USA,Electronics,Microcontroller MCU-9,R&D,7.84,1569,12300.96,Net 45,True,False
PO-2023-10084,2023-10-26,2023-11-07,2023-11-07,SUP-025,Cascade Semitech,USA,Electronics,Connector Kit CK-8,R&D,4.73,806,3812.38,Net 45,True,False
PO-2023-10010,2023-10-26,2023-11-06,2023-11-06,SUP-023,Schwarzwald Circuits,Germany,Electronics,Connector Kit CK-8,Manufacturing,4.3,3195,13738.5,Net 60,True,False
PO-2023-09985,2023-10-26,2023-11-24,2023-11-24,SUP-025,Cascade Semitech,USA,Electronics,Microcontroller MCU-9,Retail Operations,7.63,2262,17259.06,Net 30,True,False
PO-2023-10024,2023-10-26,2023-11-21,2023-11-25,SUP-029,Great Wall Components,China,Electronics,Power Supply Unit 450W,Corporate,80.79,164,13249.56,Net 30,True,True
PO-2023-09941,2023-10-26,2023-11-29,2023-11-29,SUP-033,Busan Components,South Korea,Electronics,Connector Kit CK-8,Field Services,4.16,3572,14859.52,Net 45,True,False
PO-2023-09928,2023-10-27,2023-11-09,2023-11-09,SUP-028,Summit Components,USA,Electronics,PCB Assembly A-11,Corporate,54.36,712,38704.32,Net 30,True,False
PO-2023-09978,2023-10-27,2023-11-05,2023-11-05,SUP-022,Redwood Components,USA,Electronics,Microcontroller MCU-9,Field Services,7.51,2045,15357.95,Net 45,True,False
PO-2023-09973,2023-10-27,2023-11-30,2023-12-02,SUP-028,Summit Components,USA,Electronics,Power Supply Unit 450W,R&D,73.61,152,11188.72,Net 30,True,False
PO-2023-10061,2023-10-27,2023-11-24,2023-11-24,SUP-025,Cascade Semitech,USA,Electronics,Power Supply Unit 450W,Retail Operations,64.3,185,11895.5,Net 30,True,False
PO-2023-10000,2023-10-27,2023-11-19,2023-11-19,SUP-025,Cascade Semitech,USA,Electronics,Microcontroller MCU-9,Field Services,8.15,3735,30440.25,Net 30,True,False
PO-2023-10037,2023-10-27,2023-11-17,2023-11-17,SUP-034,Pacific Rim Circuits,China,Electronics,Microcontroller MCU-9,Manufacturing,7.99,2863,22875.37,Net 45,True,False
PO-2023-10054,2023-10-27,2023-11-23,2023-11-23,SUP-025,Cascade Semitech,USA,Electronics,Connector Kit CK-8,Retail Operations,4.53,2247,10178.91,Net 60,True,False
PO-2023-10035,2023-10-28,2023-11-20,2023-11-20,SUP-025,Cascade Semitech,USA,Electronics,Microcontroller MCU-9,Retail Operations,7.89,4584,36167.76,Net 15,True,False
PO-2023-10099,2023-10-28,2023-11-28,2023-11-28,SUP-033,Busan Components,South Korea,Electronics,Sensor Module SM-3,Corporate,21.45,494,10596.3,Net 45,True,False
PO-2023-09989,2023-10-28,2023-11-09,2023-11-09,SUP-034,Pacific Rim Circuits,China,Electronics,Microcontroller MCU-9,Corporate,7.46,3614,26960.44,Net 45,True,False
PO-2023-09991,2023-10-28,2023-11-06,2023-11-06,SUP-032,Lotus Components,India,Electronics,Microcontroller MCU-9,Manufacturing,6.94,2387,16565.78,Net 30,True,False
PO-2023-10073,2023-10-29,2023-11-21,2023-11-24,SUP-025,Cascade Semitech,USA,Electronics,Connector Kit CK-8,Corporate,4.76,2870,13661.2,Net 30,True,False
PO-2023-09993,2023-10-29,2023-11-29,2023-11-29,SUP-028,Summit Components,USA,Electronics,Power Supply Unit 450W,Manufacturing,72.67,156,11336.52,Net 45,True,False
PO-2023-10060,2023-10-29,2023-11-14,2023-11-14,SUP-028,Summit Components,USA,Electronics,Microcontroller MCU-9,Field Services,7.65,2856,21848.4,Net 30,False,False
PO-2023-10053,2023-10-30,2023-11-05,2023-11-05,SUP-032,Lotus Components,India,Electronics,Sensor Module SM-3,R&D,22.5,525,11812.5,Net 30,True,False
PO-2023-10047,2023-10-30,2023-11-15,2023-11-15,SUP-036,Golden Dragon Components,China,Electronics,Connector Kit CK-8,Corporate,4.4,1599,7035.6,Net 45,True,False
PO-2023-10032,2023-10-30,2023-11-16,2023-11-16,SUP-022,Redwood Components,USA,Electronics,Sensor Module SM-3,R&D,24.49,614,15036.86,Net 45,True,False
PO-2023-09970,2023-10-30,2023-11-08,2023-11-08,SUP-025,Cascade Semitech,USA,Electronics,Sensor Module SM-3,Retail Operations,26.8,593,15892.4,Net 45,True,False
PO-2023-09949,2023-10-30,2023-11-26,2023-11-26,SUP-034,Pacific Rim Circuits,China,Electronics,Microcontroller MCU-9,Corporate,8.12,2941,23880.92,Net 60,True,False
PO-2023-09944,2023-10-31,2023-11-08,2023-11-08,SUP-035,Pacific Rim Semitech,China,Electronics,PCB Assembly A-11,Field Services,52.06,331,17231.86,Net 30,True,False
PO-2023-09927,2023-10-31,2023-12-02,2023-12-02,SUP-025,Cascade Semitech,USA,Electronics,PCB Assembly A-11,Field Services,52.71,138,7273.98,Net 30,True,False
PO-2023-09986,2023-10-31,2023-11-26,2023-11-26,SUP-032,Lotus Components,India,Electronics,Sensor Module SM-3,R&D,22.58,678,15309.24,Net 30,True,False
PO-2023-09996,2023-10-31,2023-11-06,2023-11-07,SUP-034,Pacific Rim Circuits,China,Electronics,Sensor Module SM-3,Corporate,24.69,838,20690.22,Net 30,True,False
PO-2023-10001,2023-10-31,2023-11-22,2023-11-22,SUP-032,Lotus Components,India,Electronics,Power Supply Unit 450W,Field Services,59.94,170,10189.8,Net 30,True,False
PO-2023-10042,2023-10-31,2023-11-29,2023-12-08,SUP-029,Great Wall Components,China,Electronics,Power Supply Unit 450W,Manufacturing,62.34,158,9849.72,Net 30,True,True
PO-2023-10051,2023-10-31,2023-11-16,2023-11-16,SUP-036,Golden Dragon Components,China,Electronics,PCB Assembly A-11,Corporate,52.9,538,28460.2,Net 45,True,False
PO-2023-11319,2023-11-01,2023-11-21,2023-11-26,SUP-029,Great Wall Components,China,Electronics,Connector Kit CK-8,R&D,4.75,5091,24182.25,Net 60,False,False
PO-2023-11329,2023-11-01,2023-11-16,2023-11-16,SUP-036,Golden Dragon Components,China,Electronics,PCB Assembly A-11,Corporate,53.83,302,16256.66,Net 15,True,False
PO-2023-11330,2023-11-01,2023-11-27,2023-11-27,SUP-036,Golden Dragon Components,China,Electronics,Microcontroller MCU-9,Retail Operations,8.79,2027,17817.33,Net 45,True,False
PO-2023-11363,2023-11-01,2023-11-30,2023-11-30,SUP-034,Pacific Rim Circuits,China,Electronics,Microcontroller MCU-9,Retail Operations,7.93,2014,15971.02,Net 30,True,False
PO-2023-11378,2023-11-01,2023-11-26,2023-11-26,SUP-028,Summit Components,USA,Electronics,Power Supply Unit 450W,Field Services,66.8,213,14228.4,Net 60,True,False
PO-2023-11399,2023-11-01,2023-11-10,2023-11-10,SUP-022,Redwood Components,USA,Electronics,Connector Kit CK-8,Field Services,4.18,2597,10855.46,Net 45,True,False
PO-2023-11412,2023-11-01,2023-11-23,2023-11-23,SUP-028,Summit Components,USA,Electronics,Connector Kit CK-8,Manufacturing,4.52,3347,15128.44,Net 30,True,False
PO-2023-11309,2023-11-01,2023-11-18,2023-11-27,SUP-029,Great Wall Components,China,Electronics,Microcontroller MCU-9,Manufacturing,8.88,1150,10212.0,Net 60,True,False
PO-2023-11457,2023-11-01,2023-11-07,2023-11-07,SUP-023,Schwarzwald Circuits,Germany,Electronics,Sensor Module SM-3,Manufacturing,20.63,437,9015.31,Net 30,True,False
PO-2023-11428,2023-11-02,2023-11-23,2023-11-23,SUP-036,Golden Dragon Components,China,Electronics,Microcontroller MCU-9,Manufacturing,8.94,3506,31343.64,Net 30,True,False
PO-2023-11427,2023-11-02,2023-11-29,2023-12-02,SUP-032,Lotus Components,India,Electronics,Power Supply Unit 450W,Field Services,59.33,99,5873.67,Net 60,True,False
PO-2023-11402,2023-11-02,2023-11-13,2023-11-15,SUP-025,Cascade Semitech,USA,Electronics,Connector Kit CK-8,Retail Operations,4.77,3204,15283.08,Net 30,True,False
PO-2023-11373,2023-11-02,2023-11-27,2023-11-27,SUP-025,Cascade Semitech,USA,Electronics,PCB Assembly A-11,Corporate,58.48,238,13918.24,Net 60,True,False
PO-2023-11307,2023-11-02,2023-11-07,2023-11-07,SUP-022,Redwood Components,USA,Electronics,Microcontroller MCU-9,Manufacturing,6.87,3189,21908.43,Net 30,True,False
PO-2023-11302,2023-11-02,2023-11-16,2023-11-17,SUP-028,Summit Components,USA,Electronics,PCB Assembly A-11,Retail Operations,56.34,194,10929.96,Net 45,True,False
PO-2023-11411,2023-11-03,2023-11-17,2023-11-17,SUP-025,Cascade Semitech,USA,Electronics,Power Supply Unit 450W,Corporate,66.24,169,11194.56,Net 30,True,False
PO-2023-11424,2023-11-03,2023-11-26,2023-11-26,SUP-022,Redwood Components,USA,Electronics,Microcontroller MCU-9,Field Services,8.11,2091,16958.01,Net 60,False,False
PO-2023-11321,2023-11-03,2023-11-30,2023-11-30,SUP-034,Pacific Rim Circuits,China,Electronics,Sensor Module SM-3,Corporate,24.81,503,12479.43,Net 30,True,False
PO-2023-11343,2023-11-03,2023-11-16,2023-11-16,SUP-025,Cascade Semitech,USA,Electronics,PCB Assembly A-11,Corporate,55.92,528,29525.76,Net 30,True,False
PO-2023-11359,2023-11-03,2023-12-05,2023-12-05,SUP-022,Redwood Components,USA,Electronics,Sensor Module SM-3,R&D,23.7,933,22112.1,Net 60,True,False
PO-2023-11365,2023-11-03,2023-11-13,2023-11-13,SUP-032,Lotus Components,India,Electronics,Microcontroller MCU-9,Field Services,6.7,2429,16274.3,Net 30,True,False
PO-2023-11291,2023-11-03,2023-11-11,2023-11-11,SUP-028,Summit Components,USA,Electronics,PCB Assembly A-11,Field Services,56.33,268,15096.44,Net 45,True,False
PO-2023-11289,2023-11-03,2023-11-29,2023-12-13,SUP-029,Great Wall Components,China,Electronics,Microcontroller MCU-9,Retail Operations,9.01,3801,34247.01,Net 45,True,False
PO-2023-11364,2023-11-04,2023-11-26,2023-11-26,SUP-034,Pacific Rim Circuits,China,Electronics,PCB Assembly A-11,R&D,57.15,385,22002.75,Net 30,True,False
PO-2023-11338,2023-11-04,2023-11-29,2023-11-29,SUP-035,Pacific Rim Semitech,China,Electronics,Microcontroller MCU-9,Retail Operations,7.4,2018,14933.2,Net 30,True,False
PO-2023-11312,2023-11-04,2023-12-04,2023-12-04,SUP-032,Lotus Components,India,Electronics,Power Supply Unit 450W,Field Services,64.94,262,17014.28,Net 15,False,False
PO-2023-11311,2023-11-04,2023-11-17,2023-12-05,SUP-029,Great Wall Components,China,Electronics,Power Supply Unit 450W,Retail Operations,75.16,191,14355.56,Net 45,True,False
PO-2023-11387,2023-11-04,2023-12-07,2023-12-07,SUP-034,Pacific Rim Circuits,China,Electronics,Power Supply Unit 450W,Manufacturing,68.81,130,8945.3,Net 30,True,False
PO-2023-11403,2023-11-04,2023-12-06,2023-12-09,SUP-028,Summit Components,USA,Electronics,Power Supply Unit 450W,Corporate,76.91,154,11844.14,Net 45,True,False
PO-2023-11394,2023-11-05,2023-12-01,2023-12-01,SUP-034,Pacific Rim Circuits,China,Electronics,Microcontroller MCU-9,Retail Operations,8.22,3374,27734.28,Net 30,True,False
PO-2023-11436,2023-11-05,2023-12-06,2023-12-06,SUP-032,Lotus Components,India,Electronics,Sensor Module SM-3,Manufacturing,24.01,805,19328.05,Net 60,True,False
PO-2023-11337,2023-11-05,2023-11-20,2023-11-20,SUP-022,Redwood Components,USA,Electronics,Connector Kit CK-8,Retail Operations,4.18,574,2399.32,Net 60,True,False
PO-2023-11453,2023-11-05,2023-11-19,2023-11-19,SUP-036,Golden Dragon Components,China,Electronics,Connector Kit CK-8,Field Services,4.72,2005,9463.6,Net 45,False,False
PO-2023-11384,2023-11-05,2023-11-26,2023-11-26,SUP-028,Summit Components,USA,Electronics,PCB Assembly A-11,R&D,58.76,451,26500.76,Net 45,True,False
PO-2023-11288,2023-11-05,2023-12-04,2023-12-04,SUP-032,Lotus Components,India,Electronics,Power Supply Unit 450W,R&D,57.28,161,9222.08,Net 30,True,False
PO-2023-11444,2023-11-06,2023-11-19,2023-11-21,SUP-022,Redwood Components,USA,Electronics,Sensor Module SM-3,Manufacturing,24.35,616,14999.6,Net 30,True,False
PO-2023-11376,2023-11-06,2023-11-15,2023-11-15,SUP-028,Summit Components,USA,Electronics,Power Supply Unit 450W,Manufacturing,64.84,155,10050.2,Net 30,True,False
PO-2023-11386,2023-11-06,2023-12-07,2023-12-08,SUP-028,Summit Components,USA,Electronics,Power Supply Unit 450W,Manufacturing,62.87,94,5909.78,Net 45,True,False
PO-2023-11300,2023-11-06,2023-12-07,2023-12-07,SUP-025,Cascade Semitech,USA,Electronics,Sensor Module SM-3,Manufacturing,26.53,376,9975.28,Net 45,True,False
PO-2023-11310,2023-11-06,2023-11-17,2023-11-17,SUP-034,Pacific Rim Circuits,China,Electronics,PCB Assembly A-11,Corporate,51.8,409,21186.2,Net 30,True,False
PO-2023-11326,2023-11-06,2023-11-25,2023-11-25,SUP-028,Summit Components,USA,Electronics,PCB Assembly A-11,Corporate,55.79,318,17741.22,Net 45,True,False
PO-2023-11292,2023-11-07,2023-11-21,2023-11-21,SUP-033,Busan Components,South Korea,Electronics,Sensor Module SM-3,Corporate,24.06,681,16384.86,Net 30,True,False
PO-2023-11294,2023-11-07,2023-11-19,2023-11-19,SUP-034,Pacific Rim Circuits,China,Electronics,Microcontroller MCU-9,Field Services,8.17,3522,28774.74,Net 60,False,False
PO-2023-11356,2023-11-07,2023-12-03,2023-12-03,SUP-032,Lotus Components,India,Electronics,Power Supply Unit 450W,Field Services,60.63,66,4001.58,Net 60,False,False
PO-2023-11445,2023-11-07,2023-11-21,2023-11-21,SUP-025,Cascade Semitech,USA,Electronics,Connector Kit CK-8,Manufacturing,5.02,4674,23463.48,Net 45,True,False
PO-2023-11465,2023-11-07,2023-11-21,2023-11-21,SUP-022,Redwood Components,USA,Electronics,Connector Kit CK-8,R&D,4.28,3869,16559.32,Net 45,True,False
PO-2023-11425,2023-11-07,2023-11-13,2023-11-13,SUP-036,Golden Dragon Components,China,Electronics,Sensor Module SM-3,Field Services,27.68,813,22503.84,Net 60,True,False
PO-2023-11423,2023-11-07,2023-12-06,2023-12-06,SUP-028,Summit Components,USA,Electronics,Sensor Module SM-3,Corporate,26.84,462,12400.08,Net 30,True,False
PO-2023-11369,2023-11-08,2023-12-06,2023-12-06,SUP-028,Summit Components,USA,Electronics,Microcontroller MCU-9,Corporate,8.2,2050,16810.0,Net 15,True,False
PO-2023-11346,2023-11-08,2023-12-01,2023-12-11,SUP-029,Great Wall Components,China,Electronics,Connector Kit CK-8,Retail Operations,4.33,971,4204.43,Net 15,True,False
PO-2023-11334,2023-11-08,2023-11-26,2023-11-26,SUP-033,Busan Components,South Korea,Electronics,Microcontroller MCU-9,R&D,7.29,1690,12320.1,Net 30,True,False
PO-2023-11331,2023-11-08,2023-11-19,2023-11-19,SUP-032,Lotus Components,India,Electronics,Power Supply Unit 450W,Retail Operations,62.57,64,4004.48,Net 15,True,False
PO-2023-11377,2023-11-08,2023-11-16,2023-11-16,SUP-028,Summit Components,USA,Electronics,Power Supply Unit 450W,Retail Operations,64.44,85,5477.4,Net 30,True,False
PO-2023-11285,2023-11-08,2023-11-23,2023-11-23,SUP-028,Summit Components,USA,Electronics,Connector Kit CK-8,Retail Operations,4.64,2822,13094.08,Net 45,True,False
PO-2023-11382,2023-11-09,2023-11-26,2023-11-26,SUP-035,Pacific Rim Semitech,China,Electronics,Sensor Module SM-3,Corporate,23.12,452,10450.24,Net 30,True,False
PO-2023-11446,2023-11-09,2023-12-07,2023-12-07,SUP-028,Summit Components,USA,Electronics,Microcontroller MCU-9,Retail Operations,8.01,2216,17750.16,Net 45,True,False
PO-2023-11422,2023-11-09,2023-12-11,2023-12-11,SUP-035,Pacific Rim Semitech,China,Electronics,Connector Kit CK-8,Manufacturing,4.85,3725,18066.25,Net 15,True,False
PO-2023-11317,2023-11-09,2023-11-26,2023-11-26,SUP-036,Golden Dragon Components,China,Electronics,Sensor Module SM-3,Corporate,26.4,965,25476.0,Net 60,True,False
PO-2023-11447,2023-11-10,2023-11-22,2023-11-22,SUP-034,Pacific Rim Circuits,China,Electronics,PCB Assembly A-11,Retail Operations,55.45,258,14306.1,Net 15,True,False
PO-2023-11454,2023-11-10,2023-11-28,2023-11-28,SUP-025,Cascade Semitech,USA,Electronics,PCB Assembly A-11,Manufacturing,54.06,412,22272.72,Net 45,True,False
PO-2023-11395,2023-11-10,2023-11-22,2023-11-22,SUP-036,Golden Dragon Components,China,Electronics,Power Supply Unit 450W,R&D,75.83,182,13801.06,Net 30,False,False
PO-2023-11392,2023-11-10,2023-11-23,2023-11-23,SUP-025,Cascade Semitech,USA,Electronics,Connector Kit CK-8,Corporate,4.63,2065,9560.95,Net 45,True,False
PO-2023-11290,2023-11-10,2023-12-03,2023-12-04,SUP-025,Cascade Semitech,USA,Electronics,PCB Assembly A-11,Manufacturing,54.25,528,28644.0,Net 45,False,False
PO-2023-11372,2023-11-10,2023-11-25,2023-11-25,SUP-022,Redwood Components,USA,Electronics,PCB Assembly A-11,Corporate,50.5,558,28179.0,Net 30,True,False
PO-2023-11410,2023-11-11,2023-12-13,2023-12-13,SUP-028,Summit Components,USA,Electronics,Microcontroller MCU-9,Field Services,7.93,2958,23456.94,Net 30,True,False
PO-2023-11315,2023-11-11,2023-11-26,2023-12-07,SUP-029,Great Wall Components,China,Electronics,PCB Assembly A-11,Manufacturing,42.01,145,6091.45,Net 30,True,False
PO-2023-11419,2023-11-11,2023-11-27,2023-11-27,SUP-024,Sterling Components,USA,Electronics,Microcontroller MCU-9,Manufacturing,7.93,2122,16827.46,Net 45,True,False
PO-2023-11421,2023-11-11,2023-11-16,2023-11-16,SUP-034,Pacific Rim Circuits,China,Electronics,Sensor Module SM-3,R&D,23.65,439,10382.35,Net 30,False,False
PO-2023-11400,2023-11-11,2023-11-29,2023-11-29,SUP-032,Lotus Components,India,Electronics,Power Supply Unit 450W,Corporate,56.49,150,8473.5,Net 30,True,False
PO-2023-11344,2023-11-11,2023-12-04,2023-12-04,SUP-033,Busan Components,South Korea,Electronics,Sensor Module SM-3,Manufacturing,21.43,340,7286.2,Net 30,True,False
PO-2023-11353,2023-11-12,2023-11-25,2023-12-13,SUP-029,Great Wall Components,China,Electronics,Sensor Module SM-3,Manufacturing,28.81,909,26188.29,Net 30,True,False
PO-2023-11286,2023-11-12,2023-12-01,2023-12-01,SUP-026,Great Wall Circuits,China,Electronics,Microcontroller MCU-9,Corporate,8.24,2040,16809.6,Net 45,False,False
PO-2023-11389,2023-11-12,2023-11-18,2023-11-18,SUP-022,Redwood Components,USA,Electronics,Power Supply Unit 450W,Retail Operations,66.21,171,11321.91,Net 45,True,False
PO-2023-11408,2023-11-12,2023-11-25,2023-11-25,SUP-028,Summit Components,USA,Electronics,Connector Kit CK-8,Field Services,4.36,1809,7887.24,Net 30,True,False
PO-2023-11350,2023-11-12,2023-12-07,2023-12-07,SUP-036,Golden Dragon Components,China,Electronics,Microcontroller MCU-9,Field Services,7.42,2669,19803.98,Net 30,True,False
PO-2023-11371,2023-11-12,2023-12-10,2023-12-10,SUP-025,Cascade Semitech,USA,Electronics,Microcontroller MCU-9,Manufacturing,7.78,1431,11133.18,Net 60,True,False
PO-2023-11333,2023-11-12,2023-11-23,2023-11-23,SUP-036,Golden Dragon Components,China,Electronics,Microcontroller MCU-9,Field Services,8.68,1557,13514.76,Net 30,True,False
PO-2023-11339,2023-11-12,2023-12-13,2023-12-13,SUP-036,Golden Dragon Components,China,Electronics,Sensor Module SM-3,Manufacturing,26.04,1196,31143.84,Net 60,True,False
PO-2023-11434,2023-11-12,2023-12-12,2023-12-12,SUP-036,Golden Dragon Components,China,Electronics,Power Supply Unit 450W,Retail Operations,78.21,28,2189.88,Net 30,False,False
PO-2023-11298,2023-11-12,2023-12-16,2023-12-16,SUP-030,Sterling Semitech,USA,Electronics,Sensor Module SM-3,Retail Operations,22.7,366,8308.2,Net 45,True,False
PO-2023-11355,2023-11-13,2023-11-20,2023-11-20,SUP-036,Golden Dragon Components,China,Electronics,Microcontroller MCU-9,R&D,7.85,3449,27074.65,Net 45,True,False
PO-2023-11448,2023-11-13,2023-12-14,2023-12-14,SUP-028,Summit Components,USA,Electronics,Sensor Module SM-3,Manufacturing,25.5,347,8848.5,Net 30,False,False
PO-2023-11301,2023-11-13,2023-12-08,2023-12-08,SUP-032,Lotus Components,India,Electronics,Sensor Module SM-3,R&D,22.51,484,10894.84,Net 15,False,False
PO-2023-11349,2023-11-14,2023-11-30,2023-11-30,SUP-028,Summit Components,USA,Electronics,Microcontroller MCU-9,Corporate,8.1,1647,13340.7,Net 45,True,False
PO-2023-11383,2023-11-14,2023-12-18,2023-12-18,SUP-028,Summit Components,USA,Electronics,PCB Assembly A-11,Manufacturing,57.52,340,19556.8,Net 60,True,False
PO-2023-11404,2023-11-14,2023-11-29,2023-11-29,SUP-036,Golden Dragon Components,China,Electronics,Power Supply Unit 450W,Manufacturing,72.01,103,7417.03,Net 45,True,False
PO-2023-11396,2023-11-14,2023-12-11,2023-12-11,SUP-028,Summit Components,USA,Electronics,Microcontroller MCU-9,Retail Operations,8.56,2531,21665.36,Net 30,True,False
PO-2023-11442,2023-11-14,2023-12-09,2023-12-09,SUP-033,Busan Components,South Korea,Electronics,Microcontroller MCU-9,Retail Operations,6.74,1679,11316.46,Net 60,True,False
PO-2023-11374,2023-11-14,2023-11-25,2023-11-25,SUP-024,Sterling Components,USA,Electronics,Connector Kit CK-8,Field Services,4.84,3000,14520.0,Net 60,True,False
PO-2023-11368,2023-11-15,2023-12-10,2023-12-10,SUP-035,Pacific Rim Semitech,China,Electronics,Sensor Module SM-3,Corporate,23.32,769,17933.08,Net 60,True,False
PO-2023-11458,2023-11-15,2023-12-12,2023-12-12,SUP-028,Summit Components,USA,Electronics,Power Supply Unit 450W,Field Services,69.25,161,11149.25,Net 60,True,False
PO-2023-11459,2023-11-16,2023-12-01,2023-12-01,SUP-032,Lotus Components,India,Electronics,PCB Assembly A-11,Manufacturing,48.29,296,14293.84,Net 30,True,False
PO-2023-11320,2023-11-16,2023-12-07,2023-12-07,SUP-032,Lotus Components,India,Electronics,Sensor Module SM-3,Field Services,22.87,672,15368.64,Net 30,False,False
PO-2023-11390,2023-11-16,2023-11-28,2023-11-28,SUP-034,Pacific Rim Circuits,China,Electronics,PCB Assembly A-11,Corporate,53.69,346,18576.74,Net 15,True,False
PO-2023-11347,2023-11-16,2023-12-19,2023-12-19,SUP-025,Cascade Semitech,USA,Electronics,Microcontroller MCU-9,Manufacturing,8.21,2794,22938.74,Net 60,True,False
PO-2023-11360,2023-11-16,2023-12-05,2023-12-05,SUP-028,Summit Components,USA,Electronics,Connector Kit CK-8,Retail Operations,4.84,2145,10381.8,Net 45,True,False
PO-2023-11340,2023-11-16,2023-12-09,2023-12-09,SUP-024,Sterling Components,USA,Electronics,Power Supply Unit 450W,R&D,66.73,236,15748.28,Net 30,True,False
PO-2023-11391,2023-11-16,2023-12-09,2023-12-09,SUP-032,Lotus Components,India,Electronics,Microcontroller MCU-9,Retail Operations,7.28,2453,17857.84,Net 30,True,False
PO-2023-11297,2023-11-17,2023-12-17,2023-12-17,SUP-028,Summit Components,USA,Electronics,Connector Kit CK-8,Field Services,4.79,1901,9105.79,Net 30,False,False
PO-2023-11450,2023-11-17,2023-12-07,2023-12-07,SUP-036,Golden Dragon Components,China,Electronics,PCB Assembly A-11,Manufacturing,55.85,532,29712.2,Net 45,True,False
PO-2023-11418,2023-11-17,2023-12-04,2023-12-04,SUP-033,Busan Components,South Korea,Electronics,PCB Assembly A-11,Field Services,48.8,369,18007.2,Net 45,True,False
PO-2023-11327,2023-11-17,2023-12-17,2023-12-17,SUP-036,Golden Dragon Components,China,Electronics,Connector Kit CK-8,Retail Operations,4.81,3411,16406.91,Net 30,True,False
PO-2023-11388,2023-11-17,2023-12-07,2023-12-07,SUP-025,Cascade Semitech,USA,Electronics,Sensor Module SM-3,Retail Operations,26.2,512,13414.4,Net 45,True,False
PO-2023-11341,2023-11-18,2023-12-09,2023-12-09,SUP-034,Pacific Rim Circuits,China,Electronics,Sensor Module SM-3,Retail Operations,28.73,308,8848.84,Net 45,True,False
PO-2023-11443,2023-11-18,2023-11-23,2023-11-23,SUP-036,Golden Dragon Components,China,Electronics,Sensor Module SM-3,Field Services,28.9,779,22513.1,Net 30,False,False
PO-2023-11420,2023-11-18,2023-12-22,2024-01-05,SUP-029,Great Wall Components,China,Electronics,Sensor Module SM-3,Field Services,22.78,721,16424.38,Net 30,False,False
PO-2023-11415,2023-11-18,2023-12-05,2023-12-05,SUP-033,Busan Components,South Korea,Electronics,Sensor Module SM-3,Corporate,23.34,711,16594.74,Net 30,True,False
PO-2023-11385,2023-11-18,2023-12-17,2023-12-18,SUP-034,Pacific Rim Circuits,China,Electronics,Microcontroller MCU-9,Corporate,7.92,2944,23316.48,Net 30,True,False
PO-2023-11342,2023-11-18,2023-12-16,2023-12-28,SUP-029,Great Wall Components,China,Electronics,Microcontroller MCU-9,Field Services,7.25,3516,25491.0,Net 45,False,False
PO-2023-11299,2023-11-19,2023-12-04,2023-12-04,SUP-036,Golden Dragon Components,China,Electronics,Connector Kit CK-8,Manufacturing,5.13,2293,11763.09,Net 45,True,False
PO-2023-11308,2023-11-19,2023-12-03,2023-12-03,SUP-024,Sterling Components,USA,Electronics,Microcontroller MCU-9,Field Services,8.3,1745,14483.5,Net 45,True,False
PO-2023-11460,2023-11-19,2023-12-08,2023-12-14,SUP-032,Lotus Components,India,Electronics,PCB Assembly A-11,Corporate,48.89,171,8360.19,Net 30,True,False
PO-2023-11441,2023-11-19,2023-12-13,2023-12-13,SUP-031,Hanseatic Circuits,Germany,Electronics,Sensor Module SM-3,R&D,23.0,1057,24311.0,Net 45,False,False
PO-2023-11398,2023-11-19,2023-12-21,2023-12-21,SUP-034,Pacific Rim Circuits,China,Electronics,Sensor Module SM-3,Corporate,24.38,710,17309.8,Net 30,True,False
PO-2023-11381,2023-11-19,2023-12-20,2023-12-20,SUP-024,Sterling Components,USA,Electronics,Microcontroller MCU-9,Corporate,7.88,1513,11922.44,Net 30,True,False
PO-2023-11413,2023-11-19,2023-12-08,2023-12-08,SUP-036,Golden Dragon Components,China,Electronics,Power Supply Unit 450W,R&D,74.71,119,8890.49,Net 30,True,False
PO-2023-11380,2023-11-19,2023-12-08,2023-12-08,SUP-025,Cascade Semitech,USA,Electronics,Power Supply Unit 450W,Corporate,69.89,93,6499.77,Net 30,True,False
PO-2023-11352,2023-11-20,2023-12-16,2023-12-30,SUP-029,Great Wall Components,China,Electronics,PCB Assembly A-11,Corporate,57.63,337,19421.31,Net 30,True,False
PO-2023-11367,2023-11-20,2023-11-25,2023-11-25,SUP-028,Summit Components,USA,Electronics,PCB Assembly A-11,Manufacturing,59.27,155,9186.85,Net 30,True,False
PO-2023-11318,2023-11-20,2023-12-12,2023-12-12,SUP-034,Pacific Rim Circuits,China,Electronics,Power Supply Unit 450W,R&D,70.67,103,7279.01,Net 30,True,False
PO-2023-11316,2023-11-20,2023-11-30,2023-11-30,SUP-034,Pacific Rim Circuits,China,Electronics,PCB Assembly A-11,Corporate,56.14,284,15943.76,Net 30,True,False
PO-2023-11461,2023-11-20,2023-12-16,2023-12-16,SUP-025,Cascade Semitech,USA,Electronics,Microcontroller MCU-9,Retail Operations,7.91,2457,19434.87,Net 45,False,False
PO-2023-11466,2023-11-20,2023-12-19,2023-12-19,SUP-028,Summit Components,USA,Electronics,Power Supply Unit 450W,Manufacturing,70.96,107,7592.72,Net 45,True,False
PO-2023-11305,2023-11-21,2023-12-11,2023-12-11,SUP-032,Lotus Components,India,Electronics,Sensor Module SM-3,R&D,21.56,159,3428.04,Net 45,True,False
PO-2023-11323,2023-11-21,2023-12-04,2023-12-04,SUP-034,Pacific Rim Circuits,China,Electronics,Power Supply Unit 450W,Manufacturing,67.54,162,10941.48,Net 30,False,False
PO-2023-11336,2023-11-21,2023-12-06,2023-12-07,SUP-028,Summit Components,USA,Electronics,Connector Kit CK-8,Corporate,5.0,2041,10205.0,Net 30,True,False
PO-2023-11362,2023-11-21,2023-12-02,2023-12-02,SUP-035,Pacific Rim Semitech,China,Electronics,Connector Kit CK-8,Retail Operations,4.67,3412,15934.04,Net 45,True,False
PO-2023-11325,2023-11-22,2023-12-19,2023-12-19,SUP-028,Summit Components,USA,Electronics,Connector Kit CK-8,Manufacturing,4.96,2531,12553.76,Net 45,True,False
PO-2023-11345,2023-11-22,2023-12-05,2023-12-06,SUP-034,Pacific Rim Circuits,China,Electronics,PCB Assembly A-11,Corporate,56.94,446,25395.24,Net 30,True,False
PO-2023-11437,2023-11-22,2023-12-22,2023-12-22,SUP-028,Summit Components,USA,Electronics,Connector Kit CK-8,Corporate,4.91,2578,12657.98,Net 30,True,False
PO-2023-11439,2023-11-22,2023-12-02,2023-12-03,SUP-036,Golden Dragon Components,China,Electronics,Microcontroller MCU-9,Corporate,8.49,1837,15596.13,Net 60,True,False
PO-2023-11370,2023-11-22,2023-12-01,2023-12-01,SUP-028,Summit Components,USA,Electronics,Microcontroller MCU-9,Corporate,8.65,2611,22585.15,Net 45,True,False
PO-2023-11397,2023-11-22,2023-12-04,2023-12-04,SUP-028,Summit Components,USA,Electronics,Connector Kit CK-8,R&D,4.83,2848,13755.84,Net 30,True,False
PO-2023-11366,2023-11-23,2023-11-29,2023-11-29,SUP-033,Busan Components,South Korea,Electronics,PCB Assembly A-11,Retail Operations,47.93,506,24252.58,Net 30,True,False
PO-2023-11306,2023-11-23,2023-12-15,2023-12-26,SUP-029,Great Wall Components,China,Electronics,Sensor Module SM-3,Corporate,32.6,714,23276.4,Net 30,True,False
PO-2023-11348,2023-11-23,2023-12-08,2023-12-08,SUP-036,Golden Dragon Components,China,Electronics,Microcontroller MCU-9,Corporate,8.37,3856,32274.72,Net 60,True,False
PO-2023-11358,2023-11-23,2023-12-16,2023-12-16,SUP-022,Redwood Components,USA,Electronics,Sensor Module SM-3,Retail Operations,23.5,687,16144.5,Net 45,True,False
PO-2023-11409,2023-11-23,2023-12-16,2023-12-16,SUP-024,Sterling Components,USA,Electronics,Sensor Module SM-3,Corporate,27.16,345,9370.2,Net 45,True,False
PO-2023-11426,2023-11-23,2023-12-15,2023-12-26,SUP-029,Great Wall Components,China,Electronics,PCB Assembly A-11,Manufacturing,40.37,389,15703.93,Net 45,True,False
PO-2023-11429,2023-11-23,2023-12-04,2023-12-04,SUP-024,Sterling Components,USA,Electronics,Sensor Module SM-3,Field Services,24.48,700,17136.0,Net 30,True,False
PO-2023-11433,2023-11-23,2023-12-16,2023-12-16,SUP-036,Golden Dragon Components,China,Electronics,Microcontroller MCU-9,Field Services,8.27,3840,31756.8,Net 45,True,False
PO-2023-11438,2023-11-23,2023-12-23,2023-12-23,SUP-034,Pacific Rim Circuits,China,Electronics,Sensor Module SM-3,Corporate,26.65,659,17562.35,Net 45,True,False
PO-2023-11455,2023-11-23,2023-12-23,2023-12-29,SUP-033,Busan Components,South Korea,Electronics,PCB Assembly A-11,Retail Operations,49.65,400,19860.0,Net 30,True,False
PO-2023-11324,2023-11-24,2023-12-16,2023-12-28,SUP-029,Great Wall Components,China,Electronics,Sensor Module SM-3,Retail Operations,20.67,483,9983.61,Net 45,True,True
PO-2023-11335,2023-11-24,2023-12-24,2023-12-24,SUP-028,Summit Components,USA,Electronics,Sensor Module SM-3,Manufacturing,23.9,52,1242.8,Net 45,True,False
PO-2023-11328,2023-11-24,2023-12-16,2023-12-20,SUP-032,Lotus Components,India,Electronics,Sensor Module SM-3,Retail Operations,22.11,255,5638.05,Net 30,True,False
PO-2023-11379,2023-11-24,2023-12-02,2023-12-02,SUP-028,Summit Components,USA,Electronics,PCB Assembly A-11,Retail Operations,53.65,496,26610.4,Net 30,True,False
PO-2023-11406,2023-11-24,2023-11-29,2023-12-19,SUP-029,Great Wall Components,China,Electronics,Connector Kit CK-8,Retail Operations,4.39,2508,11010.12,Net 60,True,True
PO-2023-11435,2023-11-24,2023-12-24,2023-12-24,SUP-025,Cascade Semitech,USA,Electronics,Sensor Module SM-3,Corporate,27.3,673,18372.9,Net 60,True,False
PO-2023-11361,2023-11-24,2023-12-11,2023-12-11,SUP-036,Golden Dragon Components,China,Electronics,Power Supply Unit 450W,Field Services,75.99,87,6611.13,Net 30,True,False
PO-2023-11452,2023-11-24,2023-12-12,2023-12-12,SUP-025,Cascade Semitech,USA,Electronics,Sensor Module SM-3,Manufacturing,24.82,531,13179.42,Net 30,True,False
PO-2023-11393,2023-11-24,2023-12-28,2023-12-28,SUP-028,Summit Components,USA,Electronics,Microcontroller MCU-9,R&D,8.13,3830,31137.9,Net 45,False,False
PO-2023-11295,2023-11-24,2023-12-21,2023-12-21,SUP-032,Lotus Components,India,Electronics,PCB Assembly A-11,Manufacturing,46.91,85,3987.35,Net 30,True,False
PO-2023-11287,2023-11-24,2023-12-11,2023-12-20,SUP-029,Great Wall Components,China,Electronics,Sensor Module SM-3,Field Services,24.96,537,13403.52,Net 30,False,False
PO-2023-11284,2023-11-24,2023-12-27,2024-01-04,SUP-029,Great Wall Components,China,Electronics,Sensor Module SM-3,Field Services,21.57,559,12057.63,Net 60,True,False
PO-2023-11304,2023-11-24,2023-12-27,2024-01-01,SUP-033,Busan Components,South Korea,Electronics,Connector Kit CK-8,R&D,4.22,3388,14297.36,Net 30,False,False
PO-2023-11417,2023-11-25,2023-12-14,2023-12-14,SUP-025,Cascade Semitech,USA,Electronics,PCB Assembly A-11,Manufacturing,54.47,490,26690.3,Net 45,True,False
PO-2023-11401,2023-11-25,2023-12-25,2024-01-04,SUP-029,Great Wall Components,China,Electronics,PCB Assembly A-11,Corporate,52.46,434,22767.64,Net 30,True,False
PO-2023-11351,2023-11-25,2023-12-07,2023-12-07,SUP-028,Summit Components,USA,Electronics,PCB Assembly A-11,Corporate,58.79,104,6114.16,Net 15,True,False
PO-2023-11303,2023-11-26,2023-12-13,2023-12-13,SUP-028,Summit Components,USA,Electronics,PCB Assembly A-11,Field Services,53.86,170,9156.2,Net 60,True,False
PO-2023-11451,2023-11-26,2023-12-14,2023-12-14,SUP-022,Redwood Components,USA,Electronics,Power Supply Unit 450W,Retail Operations,69.9,171,11952.9,Net 30,True,False
PO-2023-11462,2023-11-26,2023-12-17,2023-12-17,SUP-028,Summit Components,USA,Electronics,PCB Assembly A-11,Field Services,53.99,427,23053.73,Net 30,False,False
PO-2023-11405,2023-11-27,2023-12-24,2023-12-24,SUP-034,Pacific Rim Circuits,China,Electronics,Power Supply Unit 450W,Corporate,64.79,175,11338.25,Net 30,True,False
PO-2023-11440,2023-11-27,2023-12-28,2023-12-28,SUP-036,Golden Dragon Components,China,Electronics,PCB Assembly A-11,Manufacturing,55.08,397,21866.76,Net 60,True,False
PO-2023-11357,2023-11-27,2023-12-23,2023-12-23,SUP-034,Pacific Rim Circuits,China,Electronics,Microcontroller MCU-9,Field Services,8.2,3502,28716.4,Net 30,True,False
PO-2023-11449,2023-11-28,2023-12-27,2023-12-27,SUP-028,Summit Components,USA,Electronics,Connector Kit CK-8,Corporate,4.41,3303,14566.23,Net 30,True,False
PO-2023-11375,2023-11-28,2023-12-11,2023-12-23,SUP-029,Great Wall Components,China,Electronics,PCB Assembly A-11,Manufacturing,61.32,555,34032.6,Net 60,True,False
PO-2023-11407,2023-11-28,2023-12-06,2023-12-06,SUP-034,Pacific Rim Circuits,China,Electronics,PCB Assembly A-11,Manufacturing,51.07,308,15729.56,Net 30,True,False
PO-2023-11414,2023-11-28,2023-12-09,2023-12-09,SUP-034,Pacific Rim Circuits,China,Electronics,Microcontroller MCU-9,Corporate,7.86,3076,24177.36,Net 60,True,False
PO-2023-11431,2023-11-28,2023-12-22,2023-12-24,SUP-036,Golden Dragon Components,China,Electronics,Microcontroller MCU-9,Field Services,8.58,535,4590.3,Net 45,True,False
PO-2023-11332,2023-11-28,2023-12-03,2023-12-03,SUP-022,Redwood Components,USA,Electronics,Sensor Module SM-3,Field Services,24.61,493,12132.73,Net 60,True,False
PO-2023-11314,2023-11-28,2023-12-24,2023-12-24,SUP-025,Cascade Semitech,USA,Electronics,Microcontroller MCU-9,Manufacturing,8.59,3076,26422.84,Net 30,True,False
PO-2023-11322,2023-11-28,2023-12-23,2023-12-23,SUP-028,Summit Components,USA,Electronics,Sensor Module SM-3,R&D,27.43,421,11548.03,Net 30,True,False
PO-2023-11313,2023-11-29,2023-12-23,2023-12-23,SUP-036,Golden Dragon Components,China,Electronics,Power Supply Unit 450W,Field Services,72.05,130,9366.5,Net 30,False,False
PO-2023-11354,2023-11-29,2023-12-11,2023-12-18,SUP-025,Cascade Semitech,USA,Electronics,Microcontroller MCU-9,Field Services,7.91,2735,21633.85,Net 30,True,True
PO-2023-11464,2023-11-30,2024-01-02,2024-01-02,SUP-024,Sterling Components,USA,Electronics,Power Supply Unit 450W,Retail Operations,67.61,200,13522.0,Net 30,True,False
PO-2023-11456,2023-11-30,2023-12-30,2023-12-30,SUP-024,Sterling Components,USA,Electronics,Connector Kit CK-8,Corporate,4.94,3315,16376.1,Net 45,True,False
PO-2023-11463,2023-11-30,2023-12-30,2023-12-30,SUP-036,Golden Dragon Components,China,Electronics,Power Supply Unit 450W,Manufacturing,71.61,117,8378.37,Net 60,True,False
PO-2023-11432,2023-11-30,2023-12-17,2023-12-18,SUP-024,Sterling Components,USA,Electronics,Connector Kit CK-8,Field Services,4.4,1427,6278.8,Net 30,True,False
PO-2023-11430,2023-11-30,2023-12-30,2023-12-30,SUP-034,Pacific Rim Circuits,China,Electronics,Power Supply Unit 450W,Retail Operations,71.07,151,10731.57,Net 30,True,False
PO-2023-11416,2023-11-30,2023-12-11,2023-12-11,SUP-028,Summit Components,USA,Electronics,PCB Assembly A-11,Field Services,57.16,356,20348.96,Net 45,False,False
PO-2023-11296,2023-11-30,2023-12-23,2023-12-23,SUP-025,Cascade Semitech,USA,Electronics,Sensor Module SM-3,Manufacturing,24.78,1083,26836.74,Net 45,True,False
PO-2023-11293,2023-11-30,2023-12-22,2023-12-22,SUP-034,Pacific Rim Circuits,China,Electronics,Sensor Module SM-3,Field Services,25.27,305,7707.35,Net 30,False,False
PO-2023-12740,2023-12-01,2023-12-11,2023-12-11,SUP-032,Lotus Components,India,Electronics,PCB Assembly A-11,Manufacturing,49.07,329,16144.03,Net 30,True,False
PO-2023-12818,2023-12-01,2023-12-31,2023-12-31,SUP-034,Pacific Rim Circuits,China,Electronics,Microcontroller MCU-9,R&D,7.91,3155,24956.05,Net 30,True,False
PO-2023-12874,2023-12-01,2023-12-17,2023-12-17,SUP-024,Sterling Components,USA,Electronics,Power Supply Unit 450W,Retail Operations,67.7,183,12389.1,Net 30,True,False
PO-2023-12909,2023-12-01,2023-12-25,2023-12-25,SUP-032,Lotus Components,India,Electronics,Sensor Module SM-3,R&D,22.21,689,15302.69,Net 45,True,False
PO-2023-12898,2023-12-02,2023-12-18,2023-12-18,SUP-034,Pacific Rim Circuits,China,Electronics,Connector Kit CK-8,Field Services,4.25,2324,9877.0,Net 45,True,False
PO-2023-12797,2023-12-02,2023-12-20,2023-12-20,SUP-032,Lotus Components,India,Electronics,Power Supply Unit 450W,Manufacturing,60.12,155,9318.6,Net 45,True,False
PO-2023-12795,2023-12-02,2023-12-23,2023-12-23,SUP-025,Cascade Semitech,USA,Electronics,PCB Assembly A-11,R&D,56.19,256,14384.64,Net 45,True,False
PO-2023-12746,2023-12-02,2023-12-23,2023-12-23,SUP-036,Golden Dragon Components,China,Electronics,Microcontroller MCU-9,Field Services,7.86,2230,17527.8,Net 30,False,False
PO-2023-12884,2023-12-02,2023-12-13,2023-12-13,SUP-035,Pacific Rim Semitech,China,Electronics,Connector Kit CK-8,Corporate,4.67,2230,10414.1,Net 60,True,False
PO-2023-12853,2023-12-03,2024-01-06,2024-01-09,SUP-033,Busan Components,South Korea,Electronics,Power Supply Unit 450W,Corporate,65.32,129,8426.28,Net 30,True,False
PO-2023-12777,2023-12-03,2023-12-14,2023-12-14,SUP-028,Summit Components,USA,Electronics,Microcontroller MCU-9,Manufacturing,7.64,2984,22797.76,Net 60,True,False
PO-2023-12894,2023-12-03,2024-01-01,2024-01-01,SUP-033,Busan Components,South Korea,Electronics,Microcontroller MCU-9,Corporate,7.46,1710,12756.6,Net 30,True,False
PO-2023-12892,2023-12-03,2023-12-30,2023-12-30,SUP-034,Pacific Rim Circuits,China,Electronics,Connector Kit CK-8,Retail Operations,4.68,1847,8643.96,Net 30,True,False
PO-2023-12802,2023-12-04,2023-12-22,2023-12-22,SUP-032,Lotus Components,India,Electronics,PCB Assembly A-11,Manufacturing,48.97,408,19979.76,Net 30,True,False
PO-2023-12897,2023-12-04,2023-12-18,2023-12-18,SUP-028,Summit Components,USA,Electronics,Power Supply Unit 450W,R&D,75.27,180,13548.6,Net 60,False,False
PO-2023-12783,2023-12-04,2023-12-29,2024-01-13,SUP-029,Great Wall Components,China,Electronics,PCB Assembly A-11,Field Services,62.91,309,19439.19,Net 30,True,False
PO-2023-12881,2023-12-04,2024-01-02,2024-01-02,SUP-022,Redwood Components,USA,Electronics,Connector Kit CK-8,R&D,4.19,2827,11845.13,Net 30,True,False
PO-2023-12901,2023-12-04,2023-12-14,2023-12-14,SUP-036,Golden Dragon Components,China,Electronics,Power Supply Unit 450W,Manufacturing,72.68,196,14245.28,Net 30,True,False
PO-2023-12752,2023-12-04,2023-12-20,2023-12-20,SUP-028,Summit Components,USA,Electronics,Microcontroller MCU-9,R&D,8.21,2928,24038.88,Net 30,True,False
PO-2023-12739,2023-12-04,2023-12-12,2023-12-12,SUP-036,Golden Dragon Components,China,Electronics,Power Supply Unit 450W,Manufacturing,69.85,227,15855.95,Net 30,True,False
PO-2023-12859,2023-12-04,2023-12-13,2023-12-13,SUP-023,Schwarzwald Circuits,Germany,Electronics,PCB Assembly A-11,Manufacturing,50.33,454,22849.82,Net 30,True,False
PO-2023-12774,2023-12-05,2023-12-30,2023-12-30,SUP-025,Cascade Semitech,USA,Electronics,Connector Kit CK-8,Retail Operations,4.65,2082,9681.3,Net 45,True,False
PO-2023-12835,2023-12-05,2023-12-18,2023-12-22,SUP-025,Cascade Semitech,USA,Electronics,Microcontroller MCU-9,Corporate,8.11,3679,29836.69,Net 30,True,False
PO-2023-12882,2023-12-05,2024-01-05,2024-01-05,SUP-033,Busan Components,South Korea,Electronics,Sensor Module SM-3,Retail Operations,23.42,404,9461.68,Net 15,True,False
PO-2023-12827,2023-12-05,2023-12-21,2023-12-21,SUP-028,Summit Components,USA,Electronics,Power Supply Unit 450W,R&D,69.7,92,6412.4,Net 45,True,False
PO-2023-12866,2023-12-05,2023-12-26,2023-12-26,SUP-028,Summit Components,USA,Electronics,Power Supply Unit 450W,Manufacturing,72.75,167,12149.25,Net 60,True,False
PO-2023-12760,2023-12-06,2023-12-12,2023-12-12,SUP-022,Redwood Components,USA,Electronics,Microcontroller MCU-9,Corporate,7.59,1702,12918.18,Net 60,True,False
PO-2023-12814,2023-12-06,2023-12-20,2023-12-20,SUP-028,Summit Components,USA,Electronics,Connector Kit CK-8,Field Services,4.71,1626,7658.46,Net 15,True,False
PO-2023-12820,2023-12-06,2024-01-04,2024-01-04,SUP-035,Pacific Rim Semitech,China,Electronics,Power Supply Unit 450W,Corporate,71.96,119,8563.24,Net 60,True,False
PO-2023-12877,2023-12-06,2024-01-01,2024-01-01,SUP-033,Busan Components,South Korea,Electronics,Microcontroller MCU-9,Field Services,7.35,1360,9996.0,Net 30,True,False
PO-2023-12880,2023-12-06,2023-12-13,2023-12-13,SUP-034,Pacific Rim Circuits,China,Electronics,Power Supply Unit 450W,R&D,67.55,218,14725.9,Net 45,True,False
PO-2023-12742,2023-12-06,2023-12-26,2023-12-26,SUP-034,Pacific Rim Circuits,China,Electronics,Power Supply Unit 450W,Manufacturing,66.23,221,14636.83,Net 45,True,False
PO-2023-12846,2023-12-07,2023-12-24,2023-12-28,SUP-034,Pacific Rim Circuits,China,Electronics,PCB Assembly A-11,Retail Operations,56.29,186,10469.94,Net 15,True,False
PO-2023-12886,2023-12-07,2023-12-13,2023-12-13,SUP-032,Lotus Components,India,Electronics,Microcontroller MCU-9,R&D,6.91,3117,21538.47,Net 60,True,True
PO-2023-12762,2023-12-07,2024-01-04,2024-01-10,SUP-029,Great Wall Components,China,Electronics,Microcontroller MCU-9,Corporate,7.49,1747,13085.03,Net 60,True,False
PO-2023-12873,2023-12-07,2023-12-15,2023-12-15,SUP-036,Golden Dragon Components,China,Electronics,Power Supply Unit 450W,Retail Operations,78.66,84,6607.44,Net 30,True,False
PO-2023-12867,2023-12-08,2023-12-24,2023-12-26,SUP-024,Sterling Components,USA,Electronics,Power Supply Unit 450W,Retail Operations,71.44,278,19860.32,Net 30,True,False
PO-2023-12753,2023-12-08,2023-12-29,2023-12-29,SUP-032,Lotus Components,India,Electronics,PCB Assembly A-11,Corporate,51.83,482,24982.06,Net 30,True,False
PO-2023-12851,2023-12-08,2023-12-23,2023-12-23,SUP-033,Busan Components,South Korea,Electronics,Power Supply Unit 450W,Retail Operations,64.81,133,8619.73,Net 30,True,False
PO-2023-12844,2023-12-08,2024-01-05,2024-01-05,SUP-034,Pacific Rim Circuits,China,Electronics,Microcontroller MCU-9,Manufacturing,8.63,3257,28107.91,Net 30,True,False
PO-2023-12747,2023-12-08,2024-01-09,2024-01-09,SUP-033,Busan Components,South Korea,Electronics,PCB Assembly A-11,Corporate,45.25,319,14434.75,Net 30,True,False
PO-2023-12793,2023-12-09,2024-01-10,2024-01-11,SUP-022,Redwood Components,USA,Electronics,Sensor Module SM-3,Manufacturing,25.11,685,17200.35,Net 30,True,False
PO-2023-12776,2023-12-09,2023-12-26,2023-12-26,SUP-028,Summit Components,USA,Electronics,Power Supply Unit 450W,R&D,76.38,162,12373.56,Net 30,False,False
PO-2023-12744,2023-12-09,2023-12-20,2024-01-03,SUP-029,Great Wall Components,China,Electronics,PCB Assembly A-11,Manufacturing,61.25,470,28787.5,Net 45,True,True
PO-2023-12834,2023-12-09,2023-12-27,2023-12-27,SUP-034,Pacific Rim Circuits,China,Electronics,Power Supply Unit 450W,Field Services,70.81,133,9417.73,Net 30,True,False
PO-2023-12856,2023-12-09,2024-01-12,2024-01-12,SUP-032,Lotus Components,India,Electronics,Sensor Module SM-3,Retail Operations,21.12,661,13960.32,Net 30,True,False
PO-2023-12854,2023-12-09,2023-12-16,2023-12-16,SUP-034,Pacific Rim Circuits,China,Electronics,PCB Assembly A-11,Manufacturing,53.91,97,5229.27,Net 45,True,False
PO-2023-12812,2023-12-09,2023-12-20,2023-12-20,SUP-028,Summit Components,USA,Electronics,PCB Assembly A-11,Field Services,59.79,560,33482.4,Net 45,True,False
PO-2023-12803,2023-12-09,2024-01-10,2024-01-10,SUP-036,Golden Dragon Components,China,Electronics,Connector Kit CK-8,Corporate,4.72,1562,7372.64,Net 30,True,False
PO-2023-12808,2023-12-09,2023-12-22,2023-12-22,SUP-034,Pacific Rim Circuits,China,Electronics,PCB Assembly A-11,R&D,53.42,413,22062.46,Net 30,False,False
PO-2023-12904,2023-12-10,2023-12-19,2023-12-19,SUP-025,Cascade Semitech,USA,Electronics,Microcontroller MCU-9,Retail Operations,8.3,504,4183.2,Net 60,True,False
PO-2023-12810,2023-12-10,2024-01-13,2024-01-14,SUP-032,Lotus Components,India,Electronics,Connector Kit CK-8,Manufacturing,3.91,1915,7487.65,Net 30,True,False
PO-2023-12839,2023-12-10,2024-01-12,2024-01-12,SUP-028,Summit Components,USA,Electronics,Sensor Module SM-3,Retail Operations,27.26,668,18209.68,Net 45,True,False
PO-2023-12778,2023-12-10,2023-12-29,2023-12-29,SUP-028,Summit Components,USA,Electronics,Power Supply Unit 450W,Retail Operations,67.94,106,7201.64,Net 15,True,False
PO-2023-12875,2023-12-11,2023-12-17,2023-12-17,SUP-022,Redwood Components,USA,Electronics,Sensor Module SM-3,Field Services,23.32,597,13922.04,Net 15,True,False
PO-2023-12826,2023-12-11,2024-01-09,2024-01-11,SUP-028,Summit Components,USA,Electronics,Power Supply Unit 450W,Field Services,71.69,211,15126.59,Net 30,True,False
PO-2023-12860,2023-12-11,2023-12-23,2023-12-23,SUP-028,Summit Components,USA,Electronics,Connector Kit CK-8,R&D,4.74,4387,20794.38,Net 60,False,False
PO-2023-12781,2023-12-11,2024-01-13,2024-01-13,SUP-025,Cascade Semitech,USA,Electronics,Connector Kit CK-8,Manufacturing,4.79,4295,20573.05,Net 60,True,False
PO-2023-12775,2023-12-11,2023-12-27,2023-12-27,SUP-028,Summit Components,USA,Electronics,Microcontroller MCU-9,Manufacturing,8.06,3607,29072.42,Net 45,True,False
PO-2023-12743,2023-12-11,2023-12-26,2024-01-01,SUP-029,Great Wall Components,China,Electronics,Sensor Module SM-3,Corporate,28.43,839,23852.77,Net 30,True,False
PO-2023-12903,2023-12-11,2023-12-20,2023-12-20,SUP-033,Busan Components,South Korea,Electronics,Connector Kit CK-8,Retail Operations,4.13,3313,13682.69,Net 15,True,False
PO-2023-12868,2023-12-12,2023-12-25,2023-12-25,SUP-032,Lotus Components,India,Electronics,Sensor Module SM-3,R&D,23.18,393,9109.74,Net 45,True,False
PO-2023-12822,2023-12-12,2023-12-22,2023-12-22,SUP-028,Summit Components,USA,Electronics,PCB Assembly A-11,R&D,54.72,436,23857.92,Net 30,False,False
PO-2023-12821,2023-12-12,2023-12-22,2023-12-22,SUP-022,Redwood Components,USA,Electronics,Sensor Module SM-3,Manufacturing,22.8,366,8344.8,Net 45,True,False
PO-2023-12816,2023-12-12,2023-12-19,2023-12-19,SUP-022,Redwood Components,USA,Electronics,Connector Kit CK-8,Field Services,4.62,4464,20623.68,Net 30,False,False
PO-2023-12761,2023-12-12,2023-12-29,2023-12-29,SUP-032,Lotus Components,India,Electronics,Power Supply Unit 450W,Manufacturing,65.14,259,16871.26,Net 30,True,False
PO-2023-12757,2023-12-12,2023-12-17,2023-12-19,SUP-034,Pacific Rim Circuits,China,Electronics,Power Supply Unit 450W,Manufacturing,74.51,110,8196.1,Net 30,True,False
PO-2023-12758,2023-12-12,2023-12-27,2023-12-27,SUP-034,Pacific Rim Circuits,China,Electronics,Power Supply Unit 450W,R&D,67.0,227,15209.0,Net 30,True,False
PO-2023-12785,2023-12-12,2023-12-21,2023-12-21,SUP-028,Summit Components,USA,Electronics,Sensor Module SM-3,Corporate,24.64,711,17519.04,Net 45,True,False
PO-2023-12784,2023-12-12,2024-01-05,2024-01-05,SUP-028,Summit Components,USA,Electronics,Power Supply Unit 450W,Field Services,71.8,209,15006.2,Net 60,False,False
PO-2023-12748,2023-12-13,2024-01-15,2024-01-18,SUP-033,Busan Components,South Korea,Electronics,Connector Kit CK-8,Corporate,4.34,706,3064.04,Net 60,True,False
PO-2023-12750,2023-12-13,2023-12-25,2023-12-25,SUP-025,Cascade Semitech,USA,Electronics,Power Supply Unit 450W,Retail Operations,74.17,209,15501.53,Net 30,True,False
PO-2023-12861,2023-12-13,2023-12-29,2024-01-05,SUP-025,Cascade Semitech,USA,Electronics,Sensor Module SM-3,R&D,26.36,701,18478.36,Net 30,True,False
PO-2023-12840,2023-12-13,2023-12-22,2023-12-22,SUP-034,Pacific Rim Circuits,China,Electronics,Sensor Module SM-3,R&D,23.73,729,17299.17,Net 60,True,False
PO-2023-12787,2023-12-13,2023-12-28,2023-12-28,SUP-028,Summit Components,USA,Electronics,PCB Assembly A-11,Field Services,54.36,546,29680.56,Net 45,True,False
PO-2023-12908,2023-12-13,2024-01-12,2024-01-12,SUP-025,Cascade Semitech,USA,Electronics,Sensor Module SM-3,R&D,24.34,641,15601.94,Net 30,True,False
PO-2023-12893,2023-12-14,2023-12-26,2023-12-26,SUP-025,Cascade Semitech,USA,Electronics,Microcontroller MCU-9,Field Services,8.56,4373,37432.88,Net 15,True,False
PO-2023-12836,2023-12-14,2024-01-17,2024-01-17,SUP-025,Cascade Semitech,USA,Electronics,Sensor Module SM-3,Manufacturing,27.82,722,20086.04,Net 30,True,False
PO-2023-12837,2023-12-14,2023-12-31,2023-12-31,SUP-022,Redwood Components,USA,Electronics,PCB Assembly A-11,Manufacturing,51.12,413,21112.56,Net 30,True,False
PO-2023-12841,2023-12-14,2024-01-06,2024-01-06,SUP-033,Busan Components,South Korea,Electronics,Connector Kit CK-8,Field Services,4.13,2511,10370.43,Net 60,True,True
PO-2023-12768,2023-12-14,2024-01-17,2024-01-17,SUP-035,Pacific Rim Semitech,China,Electronics,PCB Assembly A-11,R&D,51.04,310,15822.4,Net 30,False,False
PO-2023-12738,2023-12-14,2023-12-31,2023-12-31,SUP-028,Summit Components,USA,Electronics,PCB Assembly A-11,Retail Operations,59.78,315,18830.7,Net 45,True,False
PO-2023-12759,2023-12-14,2023-12-22,2023-12-22,SUP-025,Cascade Semitech,USA,Electronics,Power Supply Unit 450W,Manufacturing,72.46,101,7318.46,Net 30,True,False
PO-2023-12772,2023-12-15,2024-01-06,2024-01-06,SUP-032,Lotus Components,India,Electronics,Sensor Module SM-3,Field Services,21.57,449,9684.93,Net 30,True,False
PO-2023-12766,2023-12-15,2024-01-11,2024-01-18,SUP-029,Great Wall Components,China,Electronics,Connector Kit CK-8,R&D,5.03,1608,8088.24,Net 45,True,False
PO-2023-12871,2023-12-15,2024-01-13,2024-01-17,SUP-026,Great Wall Circuits,China,Electronics,Sensor Module SM-3,Manufacturing,27.58,415,11445.7,Net 30,True,False
PO-2023-12798,2023-12-15,2023-12-20,2023-12-20,SUP-025,Cascade Semitech,USA,Electronics,Microcontroller MCU-9,R&D,8.4,1167,9802.8,Net 30,True,False
PO-2023-12736,2023-12-15,2023-12-26,2023-12-26,SUP-028,Summit Components,USA,Electronics,Connector Kit CK-8,Field Services,4.75,2072,9842.0,Net 30,True,False
PO-2023-12842,2023-12-15,2024-01-10,2024-01-10,SUP-034,Pacific Rim Circuits,China,Electronics,Power Supply Unit 450W,Field Services,67.32,109,7337.88,Net 15,False,False
PO-2023-12770,2023-12-16,2023-12-30,2023-12-30,SUP-032,Lotus Components,India,Electronics,Sensor Module SM-3,Manufacturing,22.67,231,5236.77,Net 30,True,False
PO-2023-12751,2023-12-16,2024-01-05,2024-01-05,SUP-033,Busan Components,South Korea,Electronics,PCB Assembly A-11,Corporate,49.28,372,18332.16,Net 45,True,False
PO-2023-12870,2023-12-16,2023-12-22,2023-12-22,SUP-025,Cascade Semitech,USA,Electronics,PCB Assembly A-11,Corporate,57.7,255,14713.5,Net 45,True,False
PO-2023-12878,2023-12-16,2023-12-28,2023-12-28,SUP-022,Redwood Components,USA,Electronics,Power Supply Unit 450W,Manufacturing,66.86,288,19255.68,Net 30,True,False
PO-2023-12888,2023-12-16,2024-01-10,2024-01-10,SUP-034,Pacific Rim Circuits,China,Electronics,Power Supply Unit 450W,Field Services,70.42,55,3873.1,Net 15,True,False
PO-2023-12911,2023-12-17,2024-01-18,2024-01-18,SUP-032,Lotus Components,India,Electronics,PCB Assembly A-11,Field Services,48.21,372,17934.12,Net 30,False,False
PO-2023-12902,2023-12-17,2024-01-15,2024-01-15,SUP-036,Golden Dragon Components,China,Electronics,Sensor Module SM-3,Retail Operations,25.15,742,18661.3,Net 30,True,False
PO-2023-12838,2023-12-17,2024-01-19,2024-01-22,SUP-034,Pacific Rim Circuits,China,Electronics,PCB Assembly A-11,R&D,53.28,10,532.8,Net 15,True,False
PO-2023-12825,2023-12-17,2023-12-30,2023-12-30,SUP-034,Pacific Rim Circuits,China,Electronics,Connector Kit CK-8,R&D,4.24,1583,6711.92,Net 30,True,False
PO-2023-12896,2023-12-17,2024-01-05,2024-01-05,SUP-025,Cascade Semitech,USA,Electronics,Connector Kit CK-8,Corporate,5.16,2749,14184.84,Net 45,True,False
PO-2023-12745,2023-12-17,2024-01-04,2024-01-04,SUP-025,Cascade Semitech,USA,Electronics,Power Supply Unit 450W,Field Services,71.88,130,9344.4,Net 30,True,False
PO-2023-12849,2023-12-18,2024-01-06,2024-01-07,SUP-029,Great Wall Components,China,Electronics,Power Supply Unit 450W,Retail Operations,53.85,36,1938.6,Net 45,True,False
PO-2023-12799,2023-12-18,2024-01-14,2024-01-14,SUP-028,Summit Components,USA,Electronics,Connector Kit CK-8,R&D,4.76,2774,13204.24,Net 30,True,False
PO-2023-12801,2023-12-18,2023-12-29,2023-12-29,SUP-028,Summit Components,USA,Electronics,Microcontroller MCU-9,R&D,8.59,1611,13838.49,Net 45,False,False
PO-2023-12817,2023-12-18,2024-01-02,2024-01-04,SUP-034,Pacific Rim Circuits,China,Electronics,Connector Kit CK-8,Manufacturing,4.89,1914,9359.46,Net 45,True,False
PO-2023-12786,2023-12-18,2024-01-04,2024-01-04,SUP-025,Cascade Semitech,USA,Electronics,PCB Assembly A-11,Manufacturing,57.47,395,22700.65,Net 15,True,False
PO-2023-12858,2023-12-18,2024-01-12,2024-01-12,SUP-034,Pacific Rim Circuits,China,Electronics,Sensor Module SM-3,Manufacturing,25.77,745,19198.65,Net 30,True,False
PO-2023-12862,2023-12-18,2024-01-17,2024-01-19,SUP-036,Golden Dragon Components,China,Electronics,PCB Assembly A-11,R&D,58.6,604,35394.4,Net 30,True,True
PO-2023-12879,2023-12-18,2024-01-20,2024-01-20,SUP-032,Lotus Components,India,Electronics,PCB Assembly A-11,Corporate,44.28,411,18199.08,Net 45,True,False
PO-2023-12780,2023-12-18,2024-01-07,2024-01-07,SUP-029,Great Wall Components,China,Electronics,Sensor Module SM-3,Manufacturing,22.32,975,21762.0,Net 45,True,False
PO-2023-12791,2023-12-19,2023-12-30,2023-12-30,SUP-034,Pacific Rim Circuits,China,Electronics,Microcontroller MCU-9,Retail Operations,7.96,2102,16731.92,Net 30,True,False
PO-2023-12741,2023-12-19,2023-12-30,2023-12-30,SUP-032,Lotus Components,India,Electronics,Connector Kit CK-8,Manufacturing,4.33,4531,19619.23,Net 30,True,False
PO-2023-12869,2023-12-19,2023-12-31,2023-12-31,SUP-025,Cascade Semitech,USA,Electronics,Power Supply Unit 450W,Field Services,75.67,200,15134.0,Net 45,False,False
PO-2023-12905,2023-12-19,2024-01-08,2024-01-08,SUP-022,Redwood Components,USA,Electronics,PCB Assembly A-11,R&D,51.27,458,23481.66,Net 15,False,False
PO-2023-12807,2023-12-19,2024-01-14,2024-01-15,SUP-036,Golden Dragon Components,China,Electronics,Power Supply Unit 450W,Manufacturing,73.68,128,9431.04,Net 60,True,False
PO-2023-12767,2023-12-20,2024-01-12,2024-01-12,SUP-034,Pacific Rim Circuits,China,Electronics,Connector Kit CK-8,Retail Operations,4.54,3114,14137.56,Net 60,True,False
PO-2023-12864,2023-12-20,2024-01-16,2024-01-22,SUP-023,Schwarzwald Circuits,Germany,Electronics,Connector Kit CK-8,Corporate,4.31,2458,10593.98,Net 60,True,False
PO-2023-12848,2023-12-20,2024-01-12,2024-01-12,SUP-025,Cascade Semitech,USA,Electronics,Microcontroller MCU-9,Corporate,7.98,3831,30571.38,Net 30,True,False
PO-2023-12789,2023-12-20,2024-01-20,2024-01-20,SUP-028,Summit Components,USA,Electronics,Microcontroller MCU-9,Manufacturing,9.15,3066,28053.9,Net 30,True,False
PO-2023-12754,2023-12-20,2024-01-04,2024-01-04,SUP-024,Sterling Components,USA,Electronics,Sensor Module SM-3,Corporate,25.17,661,16637.37,Net 30,True,True
PO-2023-12828,2023-12-20,2024-01-17,2024-01-17,SUP-028,Summit Components,USA,Electronics,Power Supply Unit 450W,Retail Operations,73.05,143,10446.15,Net 45,True,False
PO-2023-12782,2023-12-21,2024-01-18,2024-01-18,SUP-034,Pacific Rim Circuits,China,Electronics,Microcontroller MCU-9,Manufacturing,8.63,2458,21212.54,Net 30,True,False
PO-2023-12811,2023-12-21,2024-01-11,2024-01-11,SUP-028,Summit Components,USA,Electronics,PCB Assembly A-11,Field Services,55.47,330,18305.1,Net 30,True,False
PO-2023-12771,2023-12-21,2024-01-21,2024-01-26,SUP-029,Great Wall Components,China,Electronics,PCB Assembly A-11,Manufacturing,41.15,616,25348.4,Net 30,True,False
PO-2023-12733,2023-12-21,2024-01-12,2024-01-12,SUP-031,Hanseatic Circuits,Germany,Electronics,Power Supply Unit 450W,Field Services,63.85,120,7662.0,Net 30,False,False
PO-2023-12732,2023-12-21,2024-01-15,2024-01-15,SUP-028,Summit Components,USA,Electronics,Power Supply Unit 450W,Corporate,70.67,96,6784.32,Net 30,False,False
PO-2023-12847,2023-12-21,2024-01-15,2024-01-15,SUP-025,Cascade Semitech,USA,Electronics,PCB Assembly A-11,Corporate,55.59,456,25349.04,Net 45,True,True
PO-2023-12833,2023-12-21,2024-01-16,2024-01-16,SUP-036,Golden Dragon Components,China,Electronics,Connector Kit CK-8,Retail Operations,4.49,3127,14040.23,Net 30,True,False
PO-2023-12824,2023-12-22,2024-01-06,2024-01-06,SUP-025,Cascade Semitech,USA,Electronics,Microcontroller MCU-9,Manufacturing,8.57,2944,25230.08,Net 45,True,False
PO-2023-12819,2023-12-22,2024-01-10,2024-01-19,SUP-029,Great Wall Components,China,Electronics,Sensor Module SM-3,Field Services,22.86,675,15430.5,Net 45,False,False
PO-2023-12900,2023-12-22,2024-01-14,2024-01-14,SUP-036,Golden Dragon Components,China,Electronics,Power Supply Unit 450W,R&D,69.21,93,6436.53,Net 60,False,False
PO-2023-12895,2023-12-22,2024-01-19,2024-01-19,SUP-033,Busan Components,South Korea,Electronics,Microcontroller MCU-9,Corporate,7.17,2543,18233.31,Net 30,True,False
PO-2023-12806,2023-12-22,2024-01-14,2024-01-14,SUP-028,Summit Components,USA,Electronics,Sensor Module SM-3,R&D,24.97,347,8664.59,Net 30,True,False
PO-2023-12850,2023-12-22,2024-01-19,2024-01-19,SUP-028,Summit Components,USA,Electronics,Microcontroller MCU-9,Manufacturing,7.82,2498,19534.36,Net 30,True,False
PO-2023-12832,2023-12-22,2024-01-23,2024-01-23,SUP-032,Lotus Components,India,Electronics,PCB Assembly A-11,Retail Operations,46.45,480,22296.0,Net 30,False,False
PO-2023-12887,2023-12-22,2024-01-11,2024-01-11,SUP-025,Cascade Semitech,USA,Electronics,Power Supply Unit 450W,Retail Operations,74.64,142,10598.88,Net 30,True,False
PO-2023-12890,2023-12-22,2024-01-13,2024-01-13,SUP-032,Lotus Components,India,Electronics,Sensor Module SM-3,Field Services,21.02,366,7693.32,Net 30,False,False
PO-2023-12831,2023-12-22,2024-01-11,2024-01-11,SUP-034,Pacific Rim Circuits,China,Electronics,Power Supply Unit 450W,Retail Operations,65.69,93,6109.17,Net 30,True,False
PO-2023-12796,2023-12-23,2024-01-13,2024-01-13,SUP-028,Summit Components,USA,Electronics,Power Supply Unit 450W,Retail Operations,77.03,192,14789.76,Net 30,True,False
PO-2023-12891,2023-12-23,2023-12-31,2023-12-31,SUP-028,Summit Components,USA,Electronics,PCB Assembly A-11,R&D,58.74,506,29722.44,Net 30,True,False
PO-2023-12872,2023-12-23,2024-01-03,2024-01-10,SUP-028,Summit Components,USA,Electronics,PCB Assembly A-11,Manufacturing,57.06,367,20941.02,Net 45,True,False
PO-2023-12756,2023-12-24,2024-01-25,2024-01-25,SUP-034,Pacific Rim Circuits,China,Electronics,Connector Kit CK-8,Retail Operations,4.53,1972,8933.16,Net 45,True,False
PO-2023-12763,2023-12-24,2024-01-20,2024-02-02,SUP-029,Great Wall Components,China,Electronics,Microcontroller MCU-9,R&D,8.15,2807,22877.05,Net 60,True,False
PO-2023-12852,2023-12-24,2024-01-14,2024-01-14,SUP-027,Golden Dragon Circuits,China,Electronics,Microcontroller MCU-9,Manufacturing,7.75,2714,21033.5,Net 30,True,False
PO-2023-12800,2023-12-24,2024-01-13,2024-01-13,SUP-032,Lotus Components,India,Electronics,Connector Kit CK-8,Retail Operations,3.98,2636,10491.28,Net 30,True,False
PO-2023-12815,2023-12-24,2024-01-14,2024-01-14,SUP-036,Golden Dragon Components,China,Electronics,Sensor Module SM-3,Field Services,26.95,768,20697.6,Net 45,False,False
PO-2023-12829,2023-12-24,2024-01-13,2024-01-16,SUP-033,Busan Components,South Korea,Electronics,Microcontroller MCU-9,Field Services,7.21,3055,22026.55,Net 30,True,False
PO-2023-12755,2023-12-24,2024-01-12,2024-01-12,SUP-034,Pacific Rim Circuits,China,Electronics,Microcontroller MCU-9,Manufacturing,7.93,2167,17184.31,Net 30,False,False
PO-2023-12906,2023-12-24,2024-01-20,2024-01-20,SUP-033,Busan Components,South Korea,Electronics,Power Supply Unit 450W,Manufacturing,58.32,198,11547.36,Net 45,True,False
PO-2023-12899,2023-12-25,2024-01-01,2024-01-01,SUP-034,Pacific Rim Circuits,China,Electronics,Sensor Module SM-3,Corporate,25.33,624,15805.92,Net 30,True,False
PO-2023-12889,2023-12-25,2024-01-26,2024-02-02,SUP-029,Great Wall Components,China,Electronics,PCB Assembly A-11,Retail Operations,48.89,342,16720.38,Net 30,True,False
PO-2023-12773,2023-12-25,2024-01-14,2024-01-14,SUP-025,Cascade Semitech,USA,Electronics,Microcontroller MCU-9,Field Services,8.04,3461,27826.44,Net 45,True,False
PO-2023-12845,2023-12-25,2024-01-11,2024-01-11,SUP-036,Golden Dragon Components,China,Electronics,Microcontroller MCU-9,Retail Operations,8.27,2677,22138.79,Net 60,True,False
PO-2023-12910,2023-12-26,2023-12-31,2023-12-31,SUP-032,Lotus Components,India,Electronics,PCB Assembly A-11,Corporate,49.19,347,17068.93,Net 30,True,False
PO-2023-12792,2023-12-26,2024-01-03,2024-01-03,SUP-032,Lotus Components,India,Electronics,Microcontroller MCU-9,Field Services,7.17,2780,19932.6,Net 30,True,False
PO-2023-12804,2023-12-26,2023-12-31,2023-12-31,SUP-027,Golden Dragon Circuits,China,Electronics,Connector Kit CK-8,Retail Operations,4.61,2275,10487.75,Net 45,True,False
PO-2023-12765,2023-12-26,2024-01-04,2024-01-04,SUP-032,Lotus Components,India,Electronics,Microcontroller MCU-9,R&D,7.09,951,6742.59,Net 30,False,True
PO-2023-12734,2023-12-27,2024-01-21,2024-01-21,SUP-025,Cascade Semitech,USA,Electronics,Power Supply Unit 450W,Retail Operations,69.52,189,13139.28,Net 45,True,False
PO-2023-12769,2023-12-27,2024-01-13,2024-01-13,SUP-025,Cascade Semitech,USA,Electronics,Microcontroller MCU-9,Retail Operations,8.79,978,8596.62,Net 45,True,False
PO-2023-12805,2023-12-27,2024-01-13,2024-01-13,SUP-034,Pacific Rim Circuits,China,Electronics,Connector Kit CK-8,Field Services,4.84,5137,24863.08,Net 60,True,False
PO-2023-12830,2023-12-27,2024-01-10,2024-01-10,SUP-032,Lotus Components,India,Electronics,Sensor Module SM-3,Manufacturing,23.72,660,15655.2,Net 30,True,False
PO-2023-12843,2023-12-27,2024-01-08,2024-01-18,SUP-029,Great Wall Components,China,Electronics,PCB Assembly A-11,R&D,65.88,550,36234.0,Net 45,True,False
PO-2023-12855,2023-12-27,2024-01-26,2024-01-27,SUP-033,Busan Components,South Korea,Electronics,Power Supply Unit 450W,R&D,62.53,142,8879.26,Net 45,False,False
PO-2023-12876,2023-12-27,2024-01-08,2024-01-08,SUP-033,Busan Components,South Korea,Electronics,PCB Assembly A-11,Field Services,47.22,441,20824.02,Net 30,True,False
PO-2023-12813,2023-12-27,2024-01-06,2024-01-06,SUP-034,Pacific Rim Circuits,China,Electronics,Connector Kit CK-8,Field Services,4.67,2259,10549.53,Net 45,True,False
PO-2023-12823,2023-12-28,2024-01-04,2024-01-04,SUP-022,Redwood Components,USA,Electronics,Microcontroller MCU-9,Retail Operations,8.01,3287,26328.87,Net 30,False,False
PO-2023-12779,2023-12-28,2024-01-26,2024-01-26,SUP-024,Sterling Components,USA,Electronics,Power Supply Unit 450W,Manufacturing,69.79,103,7188.37,Net 30,True,False
PO-2023-12764,2023-12-28,2024-01-19,2024-01-19,SUP-028,Summit Components,USA,Electronics,Connector Kit CK-8,Retail Operations,4.68,2859,13380.12,Net 30,True,True
PO-2023-12737,2023-12-28,2024-01-18,2024-01-18,SUP-025,Cascade Semitech,USA,Electronics,Power Supply Unit 450W,Field Services,72.08,143,10307.44,Net 45,False,False
PO-2023-12857,2023-12-29,2024-01-09,2024-01-09,SUP-034,Pacific Rim Circuits,China,Electronics,PCB Assembly A-11,R&D,55.92,298,16664.16,Net 60,True,False
PO-2023-12863,2023-12-29,2024-01-03,2024-01-03,SUP-026,Great Wall Circuits,China,Electronics,PCB Assembly A-11,Manufacturing,55.77,354,19742.58,Net 45,False,False
PO-2023-12809,2023-12-29,2024-01-13,2024-01-13,SUP-033,Busan Components,South Korea,Electronics,Power Supply Unit 450W,R&D,61.29,190,11645.1,Net 30,True,False
PO-2023-12790,2023-12-29,2024-01-26,2024-01-26,SUP-032,Lotus Components,India,Electronics,Power Supply Unit 450W,Manufacturing,59.36,143,8488.48,Net 30,True,False
PO-2023-12749,2023-12-30,2024-01-25,2024-01-27,SUP-028,Summit Components,USA,Electronics,Power Supply Unit 450W,Manufacturing,70.14,1,70.14,Net 30,True,False
PO-2023-12794,2023-12-30,2024-01-16,2024-01-16,SUP-028,Summit Components,USA,Electronics,Microcontroller MCU-9,Retail Operations,8.1,3092,25045.2,Net 45,True,False
PO-2023-12865,2023-12-30,2024-01-04,2024-01-04,SUP-033,Busan Components,South Korea,Electronics,Sensor Module SM-3,Corporate,22.41,984,22051.44,Net 15,True,False
PO-2023-12735,2023-12-31,2024-01-06,2024-01-06,SUP-025,Cascade Semitech,USA,Electronics,PCB Assembly A-11,Field Services,52.78,405,21375.9,Net 15,True,False
PO-2023-12883,2023-12-31,2024-02-03,2024-02-03,SUP-036,Golden Dragon Components,China,Electronics,PCB Assembly A-11,Manufacturing,56.6,590,33394.0,Net 30,True,False
PO-2023-12885,2023-12-31,2024-01-07,2024-01-07,SUP-026,Great Wall Circuits,China,Electronics,PCB Assembly A-11,Retail Operations,55.39,615,34064.85,Net 30,True,False
PO-2023-12907,2023-12-31,2024-01-11,2024-01-11,SUP-022,Redwood Components,USA,Electronics,Power Supply Unit 450W,Retail Operations,64.55,99,6390.45,Net 60,True,False
PO-2023-12788,2023-12-31,2024-01-26,2024-01-26,SUP-034,Pacific Rim Circuits,China,Electronics,Power Supply Unit 450W,Corporate,69.74,124,8647.76,Net 60,True,False
PO-2024-14159,2024-01-01,2024-01-13,2024-01-13,SUP-024,Sterling Components,USA,Electronics,Connector Kit CK-8,Corporate,4.71,2762,13009.02,Net 30,True,False
PO-2024-14117,2024-01-01,2024-01-11,2024-01-23,SUP-029,Great Wall Components,China,Electronics,Sensor Module SM-3,Corporate,26.95,516,13906.2,Net 60,True,False
PO-2024-14057,2024-01-02,2024-01-08,2024-01-10,SUP-033,Busan Components,South Korea,Electronics,Power Supply Unit 450W,Manufacturing,62.38,148,9232.24,Net 30,True,False
PO-2024-14107,2024-01-02,2024-01-09,2024-01-09,SUP-022,Redwood Components,USA,Electronics,Power Supply Unit 450W,Manufacturing,66.47,151,10036.97,Net 45,True,False
PO-2024-14128,2024-01-02,2024-01-14,2024-01-14,SUP-024,Sterling Components,USA,Electronics,Sensor Module SM-3,R&D,25.25,659,16639.75,Net 45,True,False
PO-2024-14133,2024-01-03,2024-01-30,2024-01-30,SUP-032,Lotus Components,India,Electronics,Connector Kit CK-8,Corporate,4.42,2019,8923.98,Net 60,True,False
PO-2024-14035,2024-01-03,2024-01-29,2024-01-31,SUP-028,Summit Components,USA,Electronics,Sensor Module SM-3,Field Services,25.35,448,11356.8,Net 30,True,False
PO-2024-14068,2024-01-04,2024-01-13,2024-01-13,SUP-028,Summit Components,USA,Electronics,Connector Kit CK-8,Corporate,4.87,3279,15968.73,Net 60,True,False
PO-2024-14094,2024-01-04,2024-01-14,2024-01-14,SUP-028,Summit Components,USA,Electronics,Power Supply Unit 450W,Corporate,73.78,121,8927.38,Net 15,False,False
PO-2024-14152,2024-01-04,2024-01-27,2024-01-27,SUP-025,Cascade Semitech,USA,Electronics,Connector Kit CK-8,Corporate,4.59,3398,15596.82,Net 30,True,False
PO-2024-14069,2024-01-05,2024-01-12,2024-01-12,SUP-032,Lotus Components,India,Electronics,Connector Kit CK-8,Corporate,4.12,2110,8693.2,Net 45,True,False
PO-2024-14099,2024-01-05,2024-02-01,2024-02-01,SUP-024,Sterling Components,USA,Electronics,Connector Kit CK-8,R&D,4.83,3503,16919.49,Net 15,False,False
PO-2024-14093,2024-01-05,2024-01-18,2024-01-18,SUP-025,Cascade Semitech,USA,Electronics,Microcontroller MCU-9,Manufacturing,7.93,3041,24115.13,Net 45,True,False
PO-2024-14072,2024-01-05,2024-02-02,2024-02-07,SUP-029,Great Wall Components,China,Electronics,Connector Kit CK-8,Retail Operations,5.57,3639,20269.23,Net 30,False,False
PO-2024-14051,2024-01-05,2024-01-25,2024-01-25,SUP-036,Golden Dragon Components,China,Electronics,Connector Kit CK-8,R&D,4.91,2757,13536.87,Net 30,True,False
PO-2024-14145,2024-01-05,2024-02-05,2024-02-05,SUP-034,Pacific Rim Circuits,China,Electronics,Power Supply Unit 450W,Manufacturing,66.13,209,13821.17,Net 60,True,False
PO-2024-14135,2024-01-05,2024-01-11,2024-01-11,SUP-034,Pacific Rim Circuits,China,Electronics,Connector Kit CK-8,Manufacturing,4.55,3250,14787.5,Net 45,True,False
PO-2024-14163,2024-01-06,2024-01-19,2024-01-19,SUP-033,Busan Components,South Korea,Electronics,Microcontroller MCU-9,R&D,6.6,2991,19740.6,Net 30,True,True
PO-2024-14160,2024-01-06,2024-01-29,2024-01-29,SUP-034,Pacific Rim Circuits,China,Electronics,Connector Kit CK-8,R&D,4.77,1917,9144.09,Net 60,True,False
PO-2024-14153,2024-01-07,2024-01-31,2024-02-12,SUP-029,Great Wall Components,China,Electronics,PCB Assembly A-11,Field Services,71.3,488,34794.4,Net 30,False,False
PO-2024-14096,2024-01-07,2024-01-12,2024-01-12,SUP-036,Golden Dragon Components,China,Electronics,Sensor Module SM-3,Field Services,29.62,625,18512.5,Net 30,True,False
PO-2024-14108,2024-01-07,2024-01-15,2024-01-15,SUP-028,Summit Components,USA,Electronics,Sensor Module SM-3,Manufacturing,26.57,187,4968.59,Net 30,True,False
PO-2024-14157,2024-01-07,2024-02-04,2024-02-04,SUP-028,Summit Components,USA,Electronics,PCB Assembly A-11,Retail Operations,56.04,418,23424.72,Net 30,True,False
PO-2024-14119,2024-01-08,2024-02-01,2024-02-01,SUP-022,Redwood Components,USA,Electronics,Microcontroller MCU-9,Manufacturing,7.32,3311,24236.52,Net 30,True,False
PO-2024-14054,2024-01-08,2024-01-22,2024-01-22,SUP-036,Golden Dragon Components,China,Electronics,Sensor Module SM-3,Retail Operations,28.49,614,17492.86,Net 30,True,False
PO-2024-14053,2024-01-08,2024-01-18,2024-01-18,SUP-022,Redwood Components,USA,Electronics,Microcontroller MCU-9,Manufacturing,7.56,2491,18831.96,Net 30,True,False
PO-2024-14149,2024-01-08,2024-01-16,2024-01-16,SUP-036,Golden Dragon Components,China,Electronics,Power Supply Unit 450W,R&D,72.5,237,17182.5,Net 45,True,False
PO-2024-14118,2024-01-09,2024-02-03,2024-02-03,SUP-034,Pacific Rim Circuits,China,Electronics,PCB Assembly A-11,R&D,53.79,206,11080.74,Net 45,False,False
PO-2024-14084,2024-01-09,2024-01-14,2024-01-14,SUP-035,Pacific Rim Semitech,China,Electronics,Connector Kit CK-8,Field Services,4.52,5086,22988.72,Net 45,True,False
PO-2024-14113,2024-01-09,2024-01-18,2024-01-18,SUP-028,Summit Components,USA,Electronics,PCB Assembly A-11,Manufacturing,60.68,271,16444.28,Net 45,True,False
PO-2024-14040,2024-01-09,2024-01-23,2024-01-23,SUP-032,Lotus Components,India,Electronics,Power Supply Unit 450W,Manufacturing,56.31,106,5968.86,Net 60,True,True
PO-2024-14037,2024-01-09,2024-01-27,2024-01-27,SUP-025,Cascade Semitech,USA,Electronics,PCB Assembly A-11,Manufacturing,56.06,492,27581.52,Net 45,False,False
PO-2024-14144,2024-01-11,2024-01-16,2024-01-16,SUP-032,Lotus Components,India,Electronics,Connector Kit CK-8,Manufacturing,4.25,4068,17289.0,Net 45,True,False
PO-2024-14052,2024-01-11,2024-01-31,2024-01-31,SUP-025,Cascade Semitech,USA,Electronics,PCB Assembly A-11,Retail Operations,58.05,451,26180.55,Net 60,True,False
PO-2024-14116,2024-01-12,2024-02-02,2024-02-04,SUP-036,Golden Dragon Components,China,Electronics,Sensor Module SM-3,Corporate,24.61,221,5438.81,Net 45,True,False
PO-2024-14041,2024-01-12,2024-01-22,2024-01-22,SUP-036,Golden Dragon Components,China,Electronics,Microcontroller MCU-9,Field Services,8.89,1544,13726.16,Net 30,False,False
PO-2024-14131,2024-01-12,2024-01-20,2024-01-31,SUP-029,Great Wall Components,China,Electronics,Sensor Module SM-3,Manufacturing,23.89,558,13330.62,Net 60,True,False
PO-2024-14081,2024-01-12,2024-02-09,2024-02-09,SUP-033,Busan Components,South Korea,Electronics,Microcontroller MCU-9,Retail Operations,7.68,2410,18508.8,Net 60,True,False
PO-2024-14161,2024-01-12,2024-01-20,2024-01-20,SUP-024,Sterling Components,USA,Electronics,Sensor Module SM-3,R&D,28.31,288,8153.28,Net 60,True,False
PO-2024-14047,2024-01-13,2024-01-19,2024-01-29,SUP-029,Great Wall Components,China,Electronics,Connector Kit CK-8,Retail Operations,5.88,1944,11430.72,Net 60,True,False
PO-2024-14132,2024-01-13,2024-01-23,2024-01-23,SUP-028,Summit Components,USA,Electronics,Power Supply Unit 450W,R&D,62.78,129,8098.62,Net 30,True,False
PO-2024-14066,2024-01-13,2024-02-12,2024-02-12,SUP-025,Cascade Semitech,USA,Electronics,Microcontroller MCU-9,Corporate,8.31,1418,11783.58,Net 30,True,False
PO-2024-14137,2024-01-13,2024-02-05,2024-02-05,SUP-028,Summit Components,USA,Electronics,Sensor Module SM-3,Field Services,26.85,768,20620.8,Net 30,False,False
PO-2024-14067,2024-01-13,2024-01-18,2024-01-18,SUP-025,Cascade Semitech,USA,Electronics,Microcontroller MCU-9,Manufacturing,8.17,2946,24068.82,Net 30,False,False
PO-2024-14110,2024-01-13,2024-01-25,2024-01-25,SUP-036,Golden Dragon Components,China,Electronics,Power Supply Unit 450W,Corporate,77.87,164,12770.68,Net 60,True,False
PO-2024-14115,2024-01-13,2024-01-22,2024-01-27,SUP-029,Great Wall Components,China,Electronics,Connector Kit CK-8,Manufacturing,4.99,3604,17983.96,Net 30,True,True
PO-2024-14095,2024-01-14,2024-01-25,2024-01-25,SUP-025,Cascade Semitech,USA,Electronics,Sensor Module SM-3,Retail Operations,26.8,605,16214.0,Net 45,True,False
PO-2024-14092,2024-01-14,2024-02-15,2024-02-23,SUP-029,Great Wall Components,China,Electronics,Connector Kit CK-8,R&D,4.53,2633,11927.49,Net 30,False,False
PO-2024-14112,2024-01-14,2024-01-23,2024-01-30,SUP-029,Great Wall Components,China,Electronics,Microcontroller MCU-9,Manufacturing,8.07,1628,13137.96,Net 30,True,False
PO-2024-14073,2024-01-14,2024-02-15,2024-02-20,SUP-025,Cascade Semitech,USA,Electronics,Connector Kit CK-8,Corporate,4.82,2636,12705.52,Net 30,True,False
PO-2024-14065,2024-01-14,2024-02-09,2024-02-09,SUP-028,Summit Components,USA,Electronics,Power Supply Unit 450W,Retail Operations,71.29,79,5631.91,Net 30,True,False
PO-2024-14058,2024-01-14,2024-02-07,2024-02-07,SUP-028,Summit Components,USA,Electronics,Microcontroller MCU-9,Retail Operations,7.62,2342,17846.04,Net 60,True,False
PO-2024-14142,2024-01-14,2024-02-16,2024-02-16,SUP-036,Golden Dragon Components,China,Electronics,Microcontroller MCU-9,Manufacturing,8.59,1245,10694.55,Net 30,True,False
PO-2024-14100,2024-01-14,2024-01-23,2024-01-24,SUP-036,Golden Dragon Components,China,Electronics,PCB Assembly A-11,R&D,58.07,348,20208.36,Net 30,True,False
PO-2024-14087,2024-01-15,2024-01-22,2024-01-22,SUP-033,Busan Components,South Korea,Electronics,PCB Assembly A-11,Manufacturing,47.99,308,14780.92,Net 45,True,False
PO-2024-14055,2024-01-15,2024-01-27,2024-01-27,SUP-036,Golden Dragon Components,China,Electronics,Power Supply Unit 450W,Retail Operations,72.55,200,14510.0,Net 30,True,False
PO-2024-14042,2024-01-15,2024-01-26,2024-01-26,SUP-022,Redwood Components,USA,Electronics,Power Supply Unit 450W,R&D,69.26,108,7480.08,Net 30,True,False
PO-2024-14038,2024-01-15,2024-02-15,2024-03-09,SUP-029,Great Wall Components,China,Electronics,Microcontroller MCU-9,Corporate,8.62,2539,21886.18,Net 60,True,False
PO-2024-14129,2024-01-15,2024-01-24,2024-01-28,SUP-032,Lotus Components,India,Electronics,Microcontroller MCU-9,Manufacturing,7.51,2036,15290.36,Net 30,True,False
PO-2024-14130,2024-01-15,2024-02-09,2024-02-09,SUP-028,Summit Components,USA,Electronics,PCB Assembly A-11,R&D,63.73,305,19437.65,Net 30,False,False
PO-2024-14126,2024-01-15,2024-01-22,2024-01-22,SUP-022,Redwood Components,USA,Electronics,Sensor Module SM-3,Corporate,23.29,572,13321.88,Net 30,True,False
PO-2024-14103,2024-01-15,2024-01-21,2024-01-21,SUP-033,Busan Components,South Korea,Electronics,Sensor Module SM-3,Field Services,22.31,274,6112.94,Net 30,False,False
PO-2024-14147,2024-01-15,2024-02-03,2024-02-03,SUP-028,Summit Components,USA,Electronics,Microcontroller MCU-9,Corporate,8.02,2615,20972.3,Net 30,True,False
PO-2024-14044,2024-01-16,2024-02-19,2024-02-19,SUP-028,Summit Components,USA,Electronics,Microcontroller MCU-9,R&D,8.85,2705,23939.25,Net 30,True,False
PO-2024-14101,2024-01-16,2024-02-13,2024-02-20,SUP-029,Great Wall Components,China,Electronics,Connector Kit CK-8,Field Services,4.84,4372,21160.48,Net 30,True,False
PO-2024-14120,2024-01-17,2024-01-23,2024-01-23,SUP-028,Summit Components,USA,Electronics,Microcontroller MCU-9,Retail Operations,8.23,3108,25578.84,Net 15,True,False
PO-2024-14079,2024-01-17,2024-02-15,2024-02-15,SUP-032,Lotus Components,India,Electronics,Sensor Module SM-3,R&D,22.92,503,11528.76,Net 30,True,False
PO-2024-14114,2024-01-18,2024-01-27,2024-01-27,SUP-026,Great Wall Circuits,China,Electronics,Connector Kit CK-8,R&D,4.99,4732,23612.68,Net 45,True,False
PO-2024-14078,2024-01-18,2024-02-13,2024-02-13,SUP-028,Summit Components,USA,Electronics,Connector Kit CK-8,Field Services,4.96,1906,9453.76,Net 30,False,False
PO-2024-14061,2024-01-18,2024-01-24,2024-01-24,SUP-035,Pacific Rim Semitech,China,Electronics,Connector Kit CK-8,Manufacturing,4.73,3290,15561.7,Net 30,True,False
PO-2024-14104,2024-01-18,2024-02-08,2024-02-08,SUP-022,Redwood Components,USA,Electronics,Microcontroller MCU-9,R&D,7.59,3456,26231.04,Net 45,True,False
PO-2024-14088,2024-01-18,2024-01-23,2024-01-23,SUP-032,Lotus Components,India,Electronics,PCB Assembly A-11,Manufacturing,47.06,292,13741.52,Net 30,True,True
PO-2024-14097,2024-01-18,2024-01-25,2024-01-25,SUP-025,Cascade Semitech,USA,Electronics,PCB Assembly A-11,Field Services,57.63,414,23858.82,Net 60,True,True
PO-2024-14158,2024-01-18,2024-01-30,2024-01-30,SUP-034,Pacific Rim Circuits,China,Electronics,Power Supply Unit 450W,Field Services,65.91,181,11929.71,Net 30,True,False
PO-2024-14125,2024-01-19,2024-02-02,2024-02-02,SUP-025,Cascade Semitech,USA,Electronics,PCB Assembly A-11,Field Services,55.15,257,14173.55,Net 45,False,True
PO-2024-14049,2024-01-19,2024-02-14,2024-02-14,SUP-026,Great Wall Circuits,China,Electronics,Connector Kit CK-8,Manufacturing,4.89,3613,17667.57,Net 30,True,False
PO-2024-14080,2024-01-19,2024-02-14,2024-02-14,SUP-028,Summit Components,USA,Electronics,Power Supply Unit 450W,Manufacturing,73.74,148,10913.52,Net 30,True,False
PO-2024-14089,2024-01-19,2024-02-07,2024-02-07,SUP-022,Redwood Components,USA,Electronics,Microcontroller MCU-9,Field Services,7.84,3501,27447.84,Net 15,False,False
PO-2024-14109,2024-01-20,2024-02-01,2024-02-01,SUP-022,Redwood Components,USA,Electronics,Power Supply Unit 450W,Retail Operations,59.96,158,9473.68,Net 45,True,False
PO-2024-14138,2024-01-20,2024-02-03,2024-02-03,SUP-034,Pacific Rim Circuits,China,Electronics,PCB Assembly A-11,Field Services,54.98,537,29524.26,Net 30,True,False
PO-2024-14127,2024-01-20,2024-02-16,2024-02-16,SUP-024,Sterling Components,USA,Electronics,PCB Assembly A-11,Manufacturing,52.04,412,21440.48,Net 60,True,False
PO-2024-14043,2024-01-20,2024-02-02,2024-02-02,SUP-034,Pacific Rim Circuits,China,Electronics,Microcontroller MCU-9,R&D,7.73,1944,15027.12,Net 15,True,False
PO-2024-14077,2024-01-20,2024-02-04,2024-02-04,SUP-036,Golden Dragon Components,China,Electronics,PCB Assembly A-11,Corporate,56.96,271,15436.16,Net 45,True,False
PO-2024-14046,2024-01-21,2024-02-02,2024-02-02,SUP-034,Pacific Rim Circuits,China,Electronics,PCB Assembly A-11,Field Services,52.43,476,24956.68,Net 60,True,False
PO-2024-14162,2024-01-21,2024-02-09,2024-02-11,SUP-028,Summit Components,USA,Electronics,Sensor Module SM-3,Retail Operations,27.2,613,16673.6,Net 45,True,False
PO-2024-14156,2024-01-21,2024-02-19,2024-03-03,SUP-029,Great Wall Components,China,Electronics,Connector Kit CK-8,Manufacturing,5.03,2243,11282.29,Net 30,True,False
PO-2024-14102,2024-01-21,2024-02-18,2024-02-18,SUP-025,Cascade Semitech,USA,Electronics,Microcontroller MCU-9,Field Services,9.01,1629,14677.29,Net 30,True,False
PO-2024-14150,2024-01-22,2024-02-11,2024-02-11,SUP-028,Summit Components,USA,Electronics,Power Supply Unit 450W,Manufacturing,67.37,232,15629.84,Net 45,True,False
PO-2024-14139,2024-01-22,2024-02-12,2024-02-12,SUP-025,Cascade Semitech,USA,Electronics,Sensor Module SM-3,Retail Operations,25.71,510,13112.1,Net 15,True,False
PO-2024-14111,2024-01-22,2024-02-24,2024-02-24,SUP-034,Pacific Rim Circuits,China,Electronics,Power Supply Unit 450W,R&D,68.41,58,3967.78,Net 15,True,True
PO-2024-14039,2024-01-22,2024-02-25,2024-02-25,SUP-028,Summit Components,USA,Electronics,Power Supply Unit 450W,Manufacturing,67.25,258,17350.5,Net 45,True,False
PO-2024-14045,2024-01-23,2024-02-07,2024-02-07,SUP-024,Sterling Components,USA,Electronics,Power Supply Unit 450W,Corporate,71.37,100,7137.0,Net 30,False,False
PO-2024-14050,2024-01-23,2024-02-18,2024-02-18,SUP-028,Summit Components,USA,Electronics,Power Supply Unit 450W,Corporate,71.06,106,7532.36,Net 30,True,False
PO-2024-14085,2024-01-23,2024-02-12,2024-02-12,SUP-032,Lotus Components,India,Electronics,Microcontroller MCU-9,Field Services,7.52,2124,15972.48,Net 60,True,False
PO-2024-14060,2024-01-23,2024-02-26,2024-02-26,SUP-025,Cascade Semitech,USA,Electronics,PCB Assembly A-11,Manufacturing,56.61,315,17832.15,Net 30,True,False
PO-2024-14082,2024-01-23,2024-02-18,2024-02-18,SUP-025,Cascade Semitech,USA,Electronics,Power Supply Unit 450W,Manufacturing,70.11,1,70.11,Net 45,True,False
PO-2024-14063,2024-01-23,2024-02-17,2024-02-17,SUP-028,Summit Components,USA,Electronics,Microcontroller MCU-9,Manufacturing,7.97,2891,23041.27,Net 30,True,False
PO-2024-14062,2024-01-24,2024-02-07,2024-02-07,SUP-032,Lotus Components,India,Electronics,Power Supply Unit 450W,R&D,59.17,182,10768.94,Net 45,True,False
PO-2024-14059,2024-01-24,2024-02-06,2024-02-09,SUP-022,Redwood Components,USA,Electronics,Connector Kit CK-8,R&D,4.77,2859,13637.43,Net 60,True,False
PO-2024-14122,2024-01-24,2024-02-27,2024-02-27,SUP-022,Redwood Components,USA,Electronics,Connector Kit CK-8,R&D,4.43,4631,20515.33,Net 30,True,False
PO-2024-14036,2024-01-24,2024-02-26,2024-02-26,SUP-028,Summit Components,USA,Electronics,Sensor Module SM-3,Corporate,28.83,412,11877.96,Net 45,True,False
PO-2024-14134,2024-01-24,2024-02-12,2024-02-12,SUP-030,Sterling Semitech,USA,Electronics,PCB Assembly A-11,Field Services,53.78,339,18231.42,Net 45,True,False
PO-2024-14146,2024-01-24,2024-02-05,2024-02-05,SUP-028,Summit Components,USA,Electronics,Microcontroller MCU-9,Field Services,8.17,2590,21160.3,Net 60,True,False
PO-2024-14098,2024-01-25,2024-02-11,2024-02-11,SUP-028,Summit Components,USA,Electronics,PCB Assembly A-11,Field Services,53.35,426,22727.1,Net 30,True,False
PO-2024-14076,2024-01-25,2024-02-27,2024-02-27,SUP-033,Busan Components,South Korea,Electronics,Connector Kit CK-8,Manufacturing,4.31,3301,14227.31,Net 45,True,False
PO-2024-14083,2024-01-25,2024-02-23,2024-02-23,SUP-035,Pacific Rim Semitech,China,Electronics,Connector Kit CK-8,Retail Operations,4.9,1788,8761.2,Net 30,True,False
PO-2024-14091,2024-01-25,2024-02-12,2024-02-12,SUP-022,Redwood Components,USA,Electronics,PCB Assembly A-11,Manufacturing,54.54,182,9926.28,Net 30,True,False
PO-2024-14048,2024-01-25,2024-02-11,2024-02-11,SUP-026,Great Wall Circuits,China,Electronics,Microcontroller MCU-9,R&D,9.31,2336,21748.16,Net 15,True,False
PO-2024-14071,2024-01-25,2024-02-10,2024-02-10,SUP-036,Golden Dragon Components,China,Electronics,Microcontroller MCU-9,Retail Operations,9.05,2717,24588.85,Net 30,True,False
PO-2024-14070,2024-01-25,2024-02-14,2024-02-14,SUP-034,Pacific Rim Circuits,China,Electronics,Microcontroller MCU-9,Retail Operations,7.44,1770,13168.8,Net 15,True,False
PO-2024-14141,2024-01-26,2024-02-01,2024-02-01,SUP-025,Cascade Semitech,USA,Electronics,PCB Assembly A-11,Manufacturing,55.58,481,26733.98,Net 30,True,False
PO-2024-14106,2024-01-26,2024-02-01,2024-02-02,SUP-028,Summit Components,USA,Electronics,Connector Kit CK-8,Manufacturing,4.89,4171,20396.19,Net 30,True,False
PO-2024-14151,2024-01-26,2024-02-21,2024-02-21,SUP-025,Cascade Semitech,USA,Electronics,Power Supply Unit 450W,Corporate,69.87,133,9292.71,Net 30,True,False
PO-2024-14056,2024-01-27,2024-02-14,2024-02-14,SUP-032,Lotus Components,India,Electronics,Sensor Module SM-3,Field Services,21.25,561,11921.25,Net 15,True,False
PO-2024-14105,2024-01-27,2024-02-18,2024-02-18,SUP-032,Lotus Components,India,Electronics,Microcontroller MCU-9,Retail Operations,7.73,2549,19703.77,Net 30,True,False
PO-2024-14121,2024-01-28,2024-02-23,2024-02-23,SUP-026,Great Wall Circuits,China,Electronics,PCB Assembly A-11,R&D,59.3,270,16011.0,Net 45,False,False
PO-2024-14123,2024-01-28,2024-02-07,2024-02-07,SUP-025,Cascade Semitech,USA,Electronics,PCB Assembly A-11,Retail Operations,54.33,539,29283.87,Net 15,True,False
PO-2024-14155,2024-01-28,2024-02-27,2024-02-27,SUP-028,Summit Components,USA,Electronics,Sensor Module SM-3,Field Services,25.96,479,12434.84,Net 45,True,False
PO-2024-14140,2024-01-29,2024-03-03,2024-03-03,SUP-028,Summit Components,USA,Electronics,Microcontroller MCU-9,R&D,8.26,2958,24433.08,Net 15,True,False
PO-2024-14136,2024-01-29,2024-02-14,2024-02-14,SUP-034,Pacific Rim Circuits,China,Electronics,PCB Assembly A-11,R&D,59.43,196,11648.28,Net 45,True,False
PO-2024-14154,2024-01-29,2024-02-22,2024-02-22,SUP-033,Busan Components,South Korea,Electronics,PCB Assembly A-11,Retail Operations,50.39,410,20659.9,Net 30,True,False
PO-2024-14074,2024-01-29,2024-02-05,2024-02-05,SUP-035,Pacific Rim Semitech,China,Electronics,Power Supply Unit 450W,Field Services,69.51,206,14319.06,Net 30,True,False
PO-2024-14143,2024-01-30,2024-02-19,2024-02-19,SUP-028,Summit Components,USA,Electronics,Sensor Module SM-3,Field Services,26.25,419,10998.75,Net 45,True,False
PO-2024-14075,2024-01-30,2024-02-05,2024-02-05,SUP-035,Pacific Rim Semitech,China,Electronics,Power Supply Unit 450W,R&D,66.97,205,13728.85,Net 30,False,False
PO-2024-14148,2024-01-30,2024-02-11,2024-03-01,SUP-029,Great Wall Components,China,Electronics,Sensor Module SM-3,Corporate,26.3,884,23249.2,Net 30,True,False
PO-2024-14124,2024-01-30,2024-02-18,2024-02-18,SUP-025,Cascade Semitech,USA,Electronics,Sensor Module SM-3,Corporate,26.31,404,10629.24,Net 45,True,False
PO-2024-14090,2024-01-31,2024-02-25,2024-02-25,SUP-026,Great Wall Circuits,China,Electronics,Power Supply Unit 450W,Corporate,71.95,137,9857.15,Net 30,True,False
PO-2024-14086,2024-01-31,2024-02-10,2024-02-10,SUP-025,Cascade Semitech,USA,Electronics,Connector Kit CK-8,R&D,4.76,3739,17797.64,Net 30,True,False
PO-2024-14064,2024-01-31,2024-02-05,2024-02-05,SUP-036,Golden Dragon Components,China,Electronics,Sensor Module SM-3,Manufacturing,25.78,822,21191.16,Net 30,True,False
PO-2024-14034,2024-01-31,2024-02-19,2024-02-19,SUP-028,Summit Components,USA,Electronics,Sensor Module SM-3,Field Services,26.8,859,23021.2,Net 15,False,False
PO-2024-15150,2024-02-01,2024-03-03,2024-03-03,SUP-035,Pacific Rim Semitech,China,Electronics,Sensor Module SM-3,R&D,25.75,181,4660.75,Net 15,False,False
PO-2024-15105,2024-02-01,2024-02-25,2024-02-25,SUP-036,Golden Dragon Components,China,Electronics,Connector Kit CK-8,R&D,4.64,4176,19376.64,Net 15,True,False
PO-2024-15077,2024-02-01,2024-02-08,2024-02-08,SUP-036,Golden Dragon Components,China,Electronics,Microcontroller MCU-9,Field Services,8.05,2820,22701.0,Net 45,False,False
PO-2024-15144,2024-02-02,2024-02-09,2024-02-09,SUP-025,Cascade Semitech,USA,Electronics,Microcontroller MCU-9,R&D,8.14,2071,16857.94,Net 45,True,False
PO-2024-15057,2024-02-02,2024-02-12,2024-02-12,SUP-022,Redwood Components,USA,Electronics,Sensor Module SM-3,Corporate,23.64,574,13569.36,Net 30,True,False
PO-2024-15091,2024-02-03,2024-02-17,2024-02-17,SUP-032,Lotus Components,India,Electronics,Microcontroller MCU-9,Manufacturing,7.02,2649,18595.98,Net 45,True,False
PO-2024-15059,2024-02-03,2024-03-06,2024-03-08,SUP-032,Lotus Components,India,Electronics,PCB Assembly A-11,Corporate,51.87,368,19088.16,Net 30,True,False
PO-2024-15063,2024-02-03,2024-02-17,2024-02-17,SUP-032,Lotus Components,India,Electronics,Microcontroller MCU-9,Corporate,7.53,677,5097.81,Net 30,True,False
PO-2024-15114,2024-02-04,2024-02-13,2024-02-13,SUP-035,Pacific Rim Semitech,China,Electronics,PCB Assembly A-11,Retail Operations,58.19,236,13732.84,Net 30,True,False
PO-2024-15178,2024-02-04,2024-02-10,2024-02-10,SUP-034,Pacific Rim Circuits,China,Electronics,Microcontroller MCU-9,R&D,7.92,3018,23902.56,Net 45,True,False
PO-2024-15118,2024-02-04,2024-02-12,2024-02-12,SUP-035,Pacific Rim Semitech,China,Electronics,PCB Assembly A-11,Manufacturing,51.86,340,17632.4,Net 45,True,False
PO-2024-15167,2024-02-04,2024-03-06,2024-03-06,SUP-032,Lotus Components,India,Electronics,PCB Assembly A-11,Field Services,50.12,499,25009.88,Net 30,True,False
PO-2024-15093,2024-02-05,2024-02-16,2024-02-16,SUP-025,Cascade Semitech,USA,Electronics,Power Supply Unit 450W,Manufacturing,74.09,159,11780.31,Net 30,True,False
PO-2024-15128,2024-02-05,2024-02-11,2024-02-11,SUP-028,Summit Components,USA,Electronics,Connector Kit CK-8,R&D,5.21,2860,14900.6,Net 30,True,True
PO-2024-15094,2024-02-05,2024-02-14,2024-02-14,SUP-036,Golden Dragon Components,China,Electronics,Connector Kit CK-8,R&D,5.23,1585,8289.55,Net 45,True,False
PO-2024-15175,2024-02-05,2024-03-08,2024-03-12,SUP-025,Cascade Semitech,USA,Electronics,Power Supply Unit 450W,Field Services,74.77,152,11365.04,Net 30,True,False
PO-2024-15075,2024-02-05,2024-02-15,2024-02-15,SUP-028,Summit Components,USA,Electronics,PCB Assembly A-11,Retail Operations,56.82,281,15966.42,Net 45,True,False
PO-2024-15151,2024-02-05,2024-02-27,2024-02-28,SUP-028,Summit Components,USA,Electronics,Power Supply Unit 450W,Field Services,73.88,201,14849.88,Net 30,True,False
PO-2024-15157,2024-02-05,2024-03-05,2024-03-05,SUP-035,Pacific Rim Semitech,China,Electronics,Power Supply Unit 450W,Field Services,71.59,170,12170.3,Net 15,True,False
PO-2024-15173,2024-02-05,2024-03-10,2024-03-10,SUP-028,Summit Components,USA,Electronics,PCB Assembly A-11,Corporate,57.2,375,21450.0,Net 60,True,False
PO-2024-15053,2024-02-06,2024-03-07,2024-03-07,SUP-036,Golden Dragon Components,China,Electronics,Sensor Module SM-3,Corporate,26.56,635,16865.6,Net 45,True,False
PO-2024-15154,2024-02-06,2024-02-20,2024-02-20,SUP-034,Pacific Rim Circuits,China,Electronics,Connector Kit CK-8,Field Services,4.59,5217,23946.03,Net 15,True,False
PO-2024-15174,2024-02-06,2024-03-09,2024-03-09,SUP-036,Golden Dragon Components,China,Electronics,PCB Assembly A-11,Corporate,57.65,222,12798.3,Net 30,True,False
PO-2024-15146,2024-02-06,2024-02-22,2024-02-22,SUP-022,Redwood Components,USA,Electronics,Microcontroller MCU-9,R&D,8.21,2640,21674.4,Net 60,True,False
PO-2024-15143,2024-02-06,2024-02-28,2024-02-28,SUP-033,Busan Components,South Korea,Electronics,Connector Kit CK-8,Corporate,3.95,5548,21914.6,Net 30,True,False
PO-2024-15132,2024-02-06,2024-03-08,2024-03-17,SUP-032,Lotus Components,India,Electronics,Power Supply Unit 450W,Field Services,64.55,216,13942.8,Net 60,True,False
PO-2024-15131,2024-02-06,2024-03-02,2024-03-02,SUP-022,Redwood Components,USA,Electronics,PCB Assembly A-11,R&D,52.09,547,28493.23,Net 60,True,False
PO-2024-15106,2024-02-06,2024-02-29,2024-03-02,SUP-034,Pacific Rim Circuits,China,Electronics,PCB Assembly A-11,Corporate,57.34,398,22821.32,Net 45,True,False
PO-2024-15107,2024-02-06,2024-02-20,2024-02-20,SUP-024,Sterling Components,USA,Electronics,Connector Kit CK-8,Retail Operations,4.99,3223,16082.77,Net 15,True,False
PO-2024-15164,2024-02-07,2024-02-23,2024-02-26,SUP-028,Summit Components,USA,Electronics,Connector Kit CK-8,R&D,4.31,4505,19416.55,Net 30,True,False
PO-2024-15147,2024-02-07,2024-03-11,2024-03-11,SUP-036,Golden Dragon Components,China,Electronics,PCB Assembly A-11,Manufacturing,57.62,360,20743.2,Net 30,True,False
PO-2024-15092,2024-02-08,2024-03-13,2024-03-14,SUP-024,Sterling Components,USA,Electronics,Sensor Module SM-3,R&D,28.31,762,21572.22,Net 45,False,False
PO-2024-15117,2024-02-08,2024-02-19,2024-02-19,SUP-035,Pacific Rim Semitech,China,Electronics,Power Supply Unit 450W,R&D,63.88,91,5813.08,Net 60,True,False
PO-2024-15056,2024-02-08,2024-02-15,2024-02-15,SUP-035,Pacific Rim Semitech,China,Electronics,PCB Assembly A-11,Manufacturing,58.43,280,16360.4,Net 30,True,False
PO-2024-15126,2024-02-09,2024-03-07,2024-03-07,SUP-022,Redwood Components,USA,Electronics,PCB Assembly A-11,R&D,52.2,552,28814.4,Net 60,True,False
PO-2024-15136,2024-02-09,2024-03-11,2024-03-11,SUP-022,Redwood Components,USA,Electronics,Sensor Module SM-3,Corporate,26.88,576,15482.88,Net 45,True,False
PO-2024-15078,2024-02-09,2024-02-27,2024-02-27,SUP-034,Pacific Rim Circuits,China,Electronics,Sensor Module SM-3,R&D,26.47,463,12255.61,Net 30,True,False
PO-2024-15149,2024-02-09,2024-03-12,2024-03-12,SUP-025,Cascade Semitech,USA,Electronics,PCB Assembly A-11,Corporate,58.54,368,21542.72,Net 45,True,False
PO-2024-15152,2024-02-09,2024-03-05,2024-03-05,SUP-028,Summit Components,USA,Electronics,Connector Kit CK-8,Corporate,4.87,2262,11015.94,Net 30,True,False
PO-2024-15168,2024-02-09,2024-02-16,2024-02-16,SUP-032,Lotus Components,India,Electronics,Sensor Module SM-3,R&D,21.85,290,6336.5,Net 30,False,True
PO-2024-15116,2024-02-09,2024-03-06,2024-03-06,SUP-025,Cascade Semitech,USA,Electronics,Sensor Module SM-3,Manufacturing,25.89,605,15663.45,Net 60,False,False
PO-2024-15160,2024-02-10,2024-02-18,2024-03-04,SUP-029,Great Wall Components,China,Electronics,Sensor Module SM-3,Corporate,21.24,507,10768.68,Net 30,False,False
PO-2024-15130,2024-02-10,2024-03-12,2024-03-18,SUP-023,Schwarzwald Circuits,Germany,Electronics,Connector Kit CK-8,Field Services,4.35,2289,9957.15,Net 15,False,False
PO-2024-15159,2024-02-10,2024-03-12,2024-03-12,SUP-034,Pacific Rim Circuits,China,Electronics,PCB Assembly A-11,Field Services,53.38,494,26369.72,Net 30,False,False
PO-2024-15158,2024-02-10,2024-02-29,2024-02-29,SUP-033,Busan Components,South Korea,Electronics,PCB Assembly A-11,Field Services,53.21,228,12131.88,Net 30,True,False
PO-2024-15129,2024-02-10,2024-02-21,2024-02-21,SUP-026,Great Wall Circuits,China,Electronics,Connector Kit CK-8,Corporate,5.51,4562,25136.62,Net 45,True,False
PO-2024-15069,2024-02-10,2024-02-26,2024-02-26,SUP-025,Cascade Semitech,USA,Electronics,Microcontroller MCU-9,Retail Operations,8.79,2289,20120.31,Net 45,True,False
PO-2024-15084,2024-02-10,2024-02-19,2024-02-20,SUP-028,Summit Components,USA,Electronics,Sensor Module SM-3,Manufacturing,28.07,554,15550.78,Net 45,True,False
PO-2024-15083,2024-02-11,2024-02-17,2024-02-17,SUP-025,Cascade Semitech,USA,Electronics,Power Supply Unit 450W,Retail Operations,65.61,194,12728.34,Net 30,True,False
PO-2024-15079,2024-02-11,2024-03-15,2024-03-15,SUP-034,Pacific Rim Circuits,China,Electronics,Sensor Module SM-3,Manufacturing,26.66,494,13170.04,Net 30,True,False
PO-2024-15171,2024-02-11,2024-03-10,2024-03-10,SUP-033,Busan Components,South Korea,Electronics,Power Supply Unit 450W,Field Services,61.87,146,9033.02,Net 45,True,False
PO-2024-15070,2024-02-11,2024-03-10,2024-03-10,SUP-032,Lotus Components,India,Electronics,Microcontroller MCU-9,Retail Operations,7.17,3275,23481.75,Net 30,True,False
PO-2024-15101,2024-02-11,2024-02-20,2024-02-20,SUP-036,Golden Dragon Components,China,Electronics,Microcontroller MCU-9,R&D,9.42,892,8402.64,Net 30,True,False
PO-2024-15155,2024-02-11,2024-03-03,2024-03-03,SUP-025,Cascade Semitech,USA,Electronics,Power Supply Unit 450W,R&D,73.27,281,20588.87,Net 30,True,False
PO-2024-15071,2024-02-12,2024-03-07,2024-03-18,SUP-029,Great Wall Components,China,Electronics,Microcontroller MCU-9,Manufacturing,8.37,2619,21921.03,Net 60,True,False
PO-2024-15103,2024-02-12,2024-02-18,2024-02-18,SUP-022,Redwood Components,USA,Electronics,Sensor Module SM-3,Field Services,24.08,550,13244.0,Net 60,True,False
PO-2024-15051,2024-02-12,2024-02-24,2024-02-24,SUP-034,Pacific Rim Circuits,China,Electronics,Power Supply Unit 450W,R&D,69.89,127,8876.03,Net 30,False,False
PO-2024-15112,2024-02-13,2024-03-07,2024-03-21,SUP-029,Great Wall Components,China,Electronics,Sensor Module SM-3,Field Services,29.46,480,14140.8,Net 60,False,False
PO-2024-15109,2024-02-13,2024-03-04,2024-03-04,SUP-025,Cascade Semitech,USA,Electronics,Connector Kit CK-8,Field Services,4.82,2172,10469.04,Net 45,True,False
PO-2024-15081,2024-02-13,2024-03-18,2024-03-18,SUP-033,Busan Components,South Korea,Electronics,PCB Assembly A-11,Field Services,49.52,282,13964.64,Net 45,True,False
PO-2024-15135,2024-02-13,2024-02-24,2024-02-24,SUP-036,Golden Dragon Components,China,Electronics,Power Supply Unit 450W,R&D,69.59,222,15448.98,Net 30,True,False
PO-2024-15123,2024-02-13,2024-03-08,2024-03-08,SUP-034,Pacific Rim Circuits,China,Electronics,Microcontroller MCU-9,R&D,9.02,2336,21070.72,Net 30,True,False
PO-2024-15119,2024-02-14,2024-02-24,2024-02-24,SUP-025,Cascade Semitech,USA,Electronics,PCB Assembly A-11,Retail Operations,57.31,632,36219.92,Net 30,True,False
PO-2024-15066,2024-02-14,2024-02-22,2024-02-25,SUP-028,Summit Components,USA,Electronics,Connector Kit CK-8,Manufacturing,5.13,2219,11383.47,Net 60,False,False
PO-2024-15073,2024-02-14,2024-02-29,2024-02-29,SUP-026,Great Wall Circuits,China,Electronics,Power Supply Unit 450W,Retail Operations,76.73,137,10512.01,Net 30,True,False
PO-2024-15162,2024-02-15,2024-03-07,2024-03-07,SUP-035,Pacific Rim Semitech,China,Electronics,Sensor Module SM-3,Field Services,24.73,804,19882.92,Net 60,False,False
PO-2024-15145,2024-02-15,2024-02-22,2024-02-22,SUP-025,Cascade Semitech,USA,Electronics,Microcontroller MCU-9,Corporate,8.58,2763,23706.54,Net 60,True,False
PO-2024-15172,2024-02-15,2024-02-24,2024-03-10,SUP-029,Great Wall Components,China,Electronics,Power Supply Unit 450W,Corporate,82.51,188,15511.88,Net 30,True,False
PO-2024-15080,2024-02-15,2024-02-28,2024-03-01,SUP-036,Golden Dragon Components,China,Electronics,Power Supply Unit 450W,Field Services,71.24,161,11469.64,Net 60,True,False
PO-2024-15074,2024-02-15,2024-03-11,2024-03-11,SUP-024,Sterling Components,USA,Electronics,Microcontroller MCU-9,Manufacturing,8.23,2232,18369.36,Net 45,True,False
PO-2024-15169,2024-02-16,2024-03-08,2024-03-16,SUP-029,Great Wall Components,China,Electronics,Microcontroller MCU-9,Field Services,8.58,2934,25173.72,Net 30,True,True
PO-2024-15138,2024-02-16,2024-02-25,2024-02-25,SUP-032,Lotus Components,India,Electronics,Connector Kit CK-8,Retail Operations,3.93,2718,10681.74,Net 45,True,False
PO-2024-15076,2024-02-17,2024-02-22,2024-02-22,SUP-034,Pacific Rim Circuits,China,Electronics,Connector Kit CK-8,Corporate,4.62,2751,12709.62,Net 60,True,False
PO-2024-15125,2024-02-17,2024-03-08,2024-03-08,SUP-032,Lotus Components,India,Electronics,PCB Assembly A-11,Corporate,48.39,421,20372.19,Net 30,True,False
PO-2024-15102,2024-02-17,2024-03-19,2024-03-19,SUP-025,Cascade Semitech,USA,Electronics,PCB Assembly A-11,R&D,61.53,539,33164.67,Net 30,True,False
PO-2024-15176,2024-02-17,2024-02-25,2024-02-25,SUP-022,Redwood Components,USA,Electronics,Microcontroller MCU-9,Corporate,7.39,2312,17085.68,Net 30,True,False
PO-2024-15087,2024-02-17,2024-02-25,2024-02-25,SUP-032,Lotus Components,India,Electronics,Sensor Module SM-3,Corporate,22.9,408,9343.2,Net 60,True,False
PO-2024-15099,2024-02-17,2024-03-02,2024-03-02,SUP-025,Cascade Semitech,USA,Electronics,Power Supply Unit 450W,R&D,76.37,210,16037.7,Net 60,False,False
PO-2024-15090,2024-02-17,2024-03-07,2024-03-07,SUP-028,Summit Components,USA,Electronics,Microcontroller MCU-9,Retail Operations,8.35,2365,19747.75,Net 60,False,False
PO-2024-15086,2024-02-18,2024-02-23,2024-02-23,SUP-025,Cascade Semitech,USA,Electronics,Sensor Module SM-3,Field Services,24.41,665,16232.65,Net 30,False,False
PO-2024-15072,2024-02-18,2024-03-05,2024-03-05,SUP-025,Cascade Semitech,USA,Electronics,Connector Kit CK-8,R&D,4.8,2816,13516.8,Net 30,True,False
PO-2024-15161,2024-02-18,2024-03-14,2024-03-14,SUP-028,Summit Components,USA,Electronics,PCB Assembly A-11,R&D,58.23,349,20322.27,Net 30,False,False
PO-2024-15062,2024-02-19,2024-03-18,2024-03-30,SUP-029,Great Wall Components,China,Electronics,Microcontroller MCU-9,Field Services,6.81,2125,14471.25,Net 45,True,False
PO-2024-15148,2024-02-19,2024-03-16,2024-03-16,SUP-028,Summit Components,USA,Electronics,Microcontroller MCU-9,Field Services,8.82,2955,26063.1,Net 30,True,False
PO-2024-15089,2024-02-20,2024-02-29,2024-02-29,SUP-026,Great Wall Circuits,China,Electronics,Microcontroller MCU-9,R&D,8.6,2510,21586.0,Net 30,True,False
PO-2024-15134,2024-02-20,2024-03-13,2024-03-16,SUP-033,Busan Components,South Korea,Electronics,Sensor Module SM-3,R&D,23.1,185,4273.5,Net 45,True,False
PO-2024-15065,2024-02-20,2024-03-24,2024-03-24,SUP-028,Summit Components,USA,Electronics,Power Supply Unit 450W,Corporate,71.67,178,12757.26,Net 45,True,False
PO-2024-15124,2024-02-20,2024-03-24,2024-03-24,SUP-035,Pacific Rim Semitech,China,Electronics,PCB Assembly A-11,R&D,54.76,445,24368.2,Net 15,False,False
PO-2024-15108,2024-02-20,2024-03-05,2024-03-05,SUP-036,Golden Dragon Components,China,Electronics,Connector Kit CK-8,Manufacturing,4.75,543,2579.25,Net 45,True,False
PO-2024-15139,2024-02-20,2024-03-01,2024-03-03,SUP-028,Summit Components,USA,Electronics,PCB Assembly A-11,Field Services,55.97,266,14888.02,Net 30,True,False
PO-2024-15177,2024-02-21,2024-03-09,2024-03-12,SUP-025,Cascade Semitech,USA,Electronics,Microcontroller MCU-9,Field Services,8.04,2331,18741.24,Net 30,True,False
PO-2024-15061,2024-02-21,2024-03-18,2024-03-18,SUP-030,Sterling Semitech,USA,Electronics,Sensor Module SM-3,Field Services,25.3,660,16698.0,Net 45,True,False
PO-2024-15170,2024-02-22,2024-03-09,2024-03-09,SUP-032,Lotus Components,India,Electronics,PCB Assembly A-11,Retail Operations,46.05,325,14966.25,Net 30,True,False
PO-2024-15156,2024-02-22,2024-03-14,2024-03-27,SUP-029,Great Wall Components,China,Electronics,Connector Kit CK-8,R&D,4.25,2306,9800.5,Net 30,False,True
PO-2024-15137,2024-02-22,2024-03-08,2024-03-15,SUP-028,Summit Components,USA,Electronics,Microcontroller MCU-9,Corporate,8.28,1455,12047.4,Net 45,True,False
PO-2024-15096,2024-02-22,2024-03-01,2024-03-01,SUP-033,Busan Components,South Korea,Electronics,Microcontroller MCU-9,Manufacturing,7.46,3158,23558.68,Net 30,True,False
PO-2024-15058,2024-02-22,2024-03-14,2024-03-24,SUP-029,Great Wall Components,China,Electronics,Sensor Module SM-3,R&D,22.61,601,13588.61,Net 45,True,False
PO-2024-15115,2024-02-22,2024-03-14,2024-03-19,SUP-029,Great Wall Components,China,Electronics,Microcontroller MCU-9,Retail Operations,7.84,3549,27824.16,Net 30,False,False
PO-2024-15104,2024-02-23,2024-03-17,2024-03-17,SUP-022,Redwood Components,USA,Electronics,Connector Kit CK-8,Retail Operations,4.53,6096,27614.88,Net 60,True,False
PO-2024-15110,2024-02-23,2024-03-17,2024-03-30,SUP-029,Great Wall Components,China,Electronics,Connector Kit CK-8,Retail Operations,6.12,4435,27142.2,Net 30,True,False
PO-2024-15142,2024-02-23,2024-03-14,2024-03-14,SUP-036,Golden Dragon Components,China,Electronics,Microcontroller MCU-9,Manufacturing,8.6,1918,16494.8,Net 60,True,False
PO-2024-15165,2024-02-23,2024-02-28,2024-02-28,SUP-032,Lotus Components,India,Electronics,PCB Assembly A-11,Field Services,50.58,325,16438.5,Net 60,False,False
PO-2024-15163,2024-02-23,2024-02-28,2024-02-28,SUP-028,Summit Components,USA,Electronics,Microcontroller MCU-9,Retail Operations,8.88,3176,28202.88,Net 30,True,False
PO-2024-15166,2024-02-24,2024-03-19,2024-03-19,SUP-025,Cascade Semitech,USA,Electronics,Connector Kit CK-8,Field Services,4.83,2407,11625.81,Net 30,True,False
PO-2024-15121,2024-02-24,2024-03-05,2024-03-05,SUP-036,Golden Dragon Components,China,Electronics,Connector Kit CK-8,Manufacturing,4.95,2514,12444.3,Net 45,True,False
PO-2024-15120,2024-02-24,2024-03-24,2024-03-24,SUP-022,Redwood Components,USA,Electronics,Power Supply Unit 450W,R&D,66.11,143,9453.73,Net 30,True,False
PO-2024-15122,2024-02-25,2024-03-07,2024-03-07,SUP-025,Cascade Semitech,USA,Electronics,Connector Kit CK-8,Field Services,4.85,3223,15631.55,Net 30,False,False
PO-2024-15082,2024-02-25,2024-03-08,2024-03-08,SUP-022,Redwood Components,USA,Electronics,Power Supply Unit 450W,Manufacturing,68.11,181,12327.91,Net 45,True,False
PO-2024-15098,2024-02-25,2024-03-14,2024-03-14,SUP-033,Busan Components,South Korea,Electronics,Sensor Module SM-3,Field Services,23.22,513,11911.86,Net 45,False,False
PO-2024-15127,2024-02-25,2024-03-04,2024-03-04,SUP-022,Redwood Components,USA,Electronics,Power Supply Unit 450W,Field Services,66.64,176,11728.64,Net 30,False,False
PO-2024-15068,2024-02-26,2024-03-11,2024-03-11,SUP-028,Summit Components,USA,Electronics,Sensor Module SM-3,Corporate,28.78,830,23887.4,Net 30,True,False
PO-2024-15064,2024-02-26,2024-03-02,2024-03-02,SUP-029,Great Wall Components,China,Electronics,Power Supply Unit 450W,Manufacturing,66.28,229,15178.12,Net 60,True,False
PO-2024-15133,2024-02-27,2024-03-07,2024-03-07,SUP-032,Lotus Components,India,Electronics,Power Supply Unit 450W,R&D,59.8,83,4963.4,Net 60,True,False
PO-2024-15111,2024-02-27,2024-03-24,2024-03-25,SUP-033,Busan Components,South Korea,Electronics,Microcontroller MCU-9,Retail Operations,7.94,1468,11655.92,Net 30,True,False
PO-2024-15085,2024-02-27,2024-03-13,2024-03-16,SUP-027,Golden Dragon Circuits,China,Electronics,Sensor Module SM-3,R&D,26.93,573,15430.89,Net 45,True,False
PO-2024-15088,2024-02-27,2024-03-19,2024-03-20,SUP-022,Redwood Components,USA,Electronics,Connector Kit CK-8,Field Services,4.39,3615,15869.85,Net 60,True,False
PO-2024-15052,2024-02-27,2024-03-14,2024-03-14,SUP-033,Busan Components,South Korea,Electronics,Sensor Module SM-3,R&D,24.96,608,15175.68,Net 30,False,False
PO-2024-15060,2024-02-27,2024-04-01,2024-04-01,SUP-036,Golden Dragon Components,China,Electronics,Power Supply Unit 450W,Field Services,73.59,161,11847.99,Net 30,True,False
PO-2024-15097,2024-02-27,2024-03-14,2024-03-14,SUP-034,Pacific Rim Circuits,China,Electronics,Sensor Module SM-3,Manufacturing,25.48,735,18727.8,Net 30,True,False
PO-2024-15095,2024-02-28,2024-03-30,2024-03-30,SUP-025,Cascade Semitech,USA,Electronics,Microcontroller MCU-9,Field Services,9.09,1825,16589.25,Net 45,True,False
PO-2024-15055,2024-02-28,2024-03-08,2024-03-08,SUP-028,Summit Components,USA,Electronics,PCB Assembly A-11,Field Services,58.44,419,24486.36,Net 45,True,False
PO-2024-15140,2024-02-28,2024-03-24,2024-03-24,SUP-034,Pacific Rim Circuits,China,Electronics,Power Supply Unit 450W,Manufacturing,66.5,90,5985.0,Net 15,True,False
PO-2024-15141,2024-02-28,2024-03-15,2024-03-16,SUP-024,Sterling Components,USA,Electronics,Power Supply Unit 450W,Corporate,76.72,225,17262.0,Net 60,True,False
PO-2024-15153,2024-02-28,2024-03-06,2024-03-06,SUP-025,Cascade Semitech,USA,Electronics,PCB Assembly A-11,Retail Operations,58.15,389,22620.35,Net 30,True,False
PO-2024-15113,2024-02-29,2024-03-31,2024-04-13,SUP-029,Great Wall Components,China,Electronics,Sensor Module SM-3,Retail Operations,21.94,562,12330.28,Net 45,True,False
PO-2024-15067,2024-02-29,2024-03-20,2024-03-20,SUP-022,Redwood Components,USA,Electronics,Power Supply Unit 450W,Corporate,65.66,134,8798.44,Net 45,True,False
PO-2024-15100,2024-02-29,2024-03-21,2024-03-25,SUP-024,Sterling Components,USA,Electronics,Sensor Module SM-3,Retail Operations,25.73,720,18525.6,Net 45,True,False
PO-2024-15054,2024-02-29,2024-03-23,2024-03-23,SUP-032,Lotus Components,India,Electronics,Sensor Module SM-3,R&D,21.21,732,15525.72,Net 60,True,False
PO-2024-16157,2024-03-01,2024-03-07,2024-03-07,SUP-028,Summit Components,USA,Electronics,Sensor Module SM-3,Manufacturing,24.74,425,10514.5,Net 60,True,False
PO-2024-16128,2024-03-01,2024-03-16,2024-03-16,SUP-028,Summit Components,USA,Electronics,Connector Kit CK-8,R&D,4.81,2140,10293.4,Net 30,True,False
PO-2024-16197,2024-03-01,2024-04-02,2024-04-04,SUP-025,Cascade Semitech,USA,Electronics,Connector Kit CK-8,R&D,5.26,3778,19872.28,Net 60,False,False
PO-2024-16207,2024-03-01,2024-03-28,2024-03-28,SUP-025,Cascade Semitech,USA,Electronics,Microcontroller MCU-9,Field Services,8.09,2829,22886.61,Net 45,True,False
PO-2024-16182,2024-03-01,2024-03-24,2024-03-24,SUP-033,Busan Components,South Korea,Electronics,Sensor Module SM-3,Manufacturing,20.71,444,9195.24,Net 45,False,False
PO-2024-16215,2024-03-02,2024-03-07,2024-03-07,SUP-028,Summit Components,USA,Electronics,PCB Assembly A-11,R&D,55.27,402,22218.54,Net 30,False,False
PO-2024-16240,2024-03-02,2024-03-08,2024-03-08,SUP-036,Golden Dragon Components,China,Electronics,Connector Kit CK-8,Corporate,5.49,3367,18484.83,Net 15,True,False
PO-2024-16237,2024-03-02,2024-03-19,2024-03-22,SUP-029,Great Wall Components,China,Electronics,PCB Assembly A-11,Retail Operations,59.38,274,16270.12,Net 45,True,False
PO-2024-16108,2024-03-02,2024-03-09,2024-03-09,SUP-022,Redwood Components,USA,Electronics,Microcontroller MCU-9,Manufacturing,8.48,3766,31935.68,Net 15,True,False
PO-2024-16113,2024-03-02,2024-03-14,2024-03-14,SUP-028,Summit Components,USA,Electronics,Sensor Module SM-3,Field Services,27.85,335,9329.75,Net 30,True,False
PO-2024-16121,2024-03-02,2024-03-18,2024-03-19,SUP-036,Golden Dragon Components,China,Electronics,Connector Kit CK-8,Retail Operations,4.99,2803,13986.97,Net 30,True,False
PO-2024-16129,2024-03-02,2024-03-13,2024-03-24,SUP-029,Great Wall Components,China,Electronics,PCB Assembly A-11,Corporate,67.99,279,18969.21,Net 30,True,False
PO-2024-16137,2024-03-02,2024-03-14,2024-03-14,SUP-028,Summit Components,USA,Electronics,PCB Assembly A-11,Manufacturing,56.92,417,23735.64,Net 45,True,False
PO-2024-16134,2024-03-03,2024-03-11,2024-03-11,SUP-022,Redwood Components,USA,Electronics,Connector Kit CK-8,Corporate,4.68,2761,12921.48,Net 30,True,False
PO-2024-16176,2024-03-03,2024-03-29,2024-03-29,SUP-034,Pacific Rim Circuits,China,Electronics,Sensor Module SM-3,Retail Operations,28.09,602,16910.18,Net 60,True,False
PO-2024-16174,2024-03-03,2024-03-14,2024-03-14,SUP-036,Golden Dragon Components,China,Electronics,Sensor Module SM-3,Field Services,27.34,531,14517.54,Net 45,True,False
PO-2024-16138,2024-03-03,2024-04-03,2024-04-03,SUP-028,Summit Components,USA,Electronics,Power Supply Unit 450W,R&D,70.1,196,13739.6,Net 45,True,False
PO-2024-16186,2024-03-03,2024-03-26,2024-03-26,SUP-032,Lotus Components,India,Electronics,PCB Assembly A-11,Corporate,53.28,265,14119.2,Net 15,True,False
PO-2024-16111,2024-03-03,2024-03-24,2024-03-24,SUP-030,Sterling Semitech,USA,Electronics,Microcontroller MCU-9,Field Services,8.1,3442,27880.2,Net 60,True,False
PO-2024-16202,2024-03-03,2024-03-16,2024-03-16,SUP-028,Summit Components,USA,Electronics,Power Supply Unit 450W,Manufacturing,79.52,129,10258.08,Net 45,True,False
PO-2024-16234,2024-03-04,2024-03-12,2024-03-14,SUP-027,Golden Dragon Circuits,China,Electronics,Microcontroller MCU-9,Manufacturing,8.93,2198,19628.14,Net 30,False,False
PO-2024-16135,2024-03-04,2024-04-02,2024-04-02,SUP-025,Cascade Semitech,USA,Electronics,Power Supply Unit 450W,R&D,74.34,72,5352.48,Net 45,True,False
PO-2024-16180,2024-03-04,2024-04-04,2024-04-04,SUP-025,Cascade Semitech,USA,Electronics,Microcontroller MCU-9,Corporate,7.89,2138,16868.82,Net 30,True,False
PO-2024-16196,2024-03-04,2024-03-24,2024-03-24,SUP-034,Pacific Rim Circuits,China,Electronics,Microcontroller MCU-9,R&D,8.11,3451,27987.61,Net 45,False,False
PO-2024-16117,2024-03-04,2024-03-18,2024-03-18,SUP-028,Summit Components,USA,Electronics,Microcontroller MCU-9,Corporate,8.46,2393,20244.78,Net 30,True,False
PO-2024-16211,2024-03-04,2024-03-27,2024-03-27,SUP-033,Busan Components,South Korea,Electronics,PCB Assembly A-11,R&D,52.35,449,23505.15,Net 30,True,False
PO-2024-16217,2024-03-04,2024-03-17,2024-03-17,SUP-036,Golden Dragon Components,China,Electronics,Power Supply Unit 450W,Field Services,73.77,172,12688.44,Net 45,True,False
PO-2024-16222,2024-03-05,2024-03-16,2024-03-16,SUP-028,Summit Components,USA,Electronics,Microcontroller MCU-9,Corporate,7.98,3451,27538.98,Net 60,True,False
PO-2024-16200,2024-03-05,2024-03-11,2024-03-11,SUP-034,Pacific Rim Circuits,China,Electronics,Sensor Module SM-3,R&D,26.46,919,24316.74,Net 15,False,False
PO-2024-16216,2024-03-05,2024-04-05,2024-04-05,SUP-022,Redwood Components,USA,Electronics,PCB Assembly A-11,Field Services,55.69,388,21607.72,Net 30,True,False
PO-2024-16107,2024-03-06,2024-03-19,2024-03-19,SUP-034,Pacific Rim Circuits,China,Electronics,PCB Assembly A-11,Field Services,51.68,367,18966.56,Net 45,False,False
PO-2024-16230,2024-03-06,2024-04-05,2024-04-18,SUP-029,Great Wall Components,China,Electronics,Power Supply Unit 450W,R&D,68.13,169,11513.97,Net 45,True,False
PO-2024-16116,2024-03-06,2024-03-28,2024-03-28,SUP-027,Golden Dragon Circuits,China,Electronics,Power Supply Unit 450W,Corporate,70.04,183,12817.32,Net 15,True,False
PO-2024-16175,2024-03-06,2024-03-11,2024-03-11,SUP-032,Lotus Components,India,Electronics,Power Supply Unit 450W,Corporate,59.21,148,8763.08,Net 30,True,False
PO-2024-16145,2024-03-06,2024-03-18,2024-03-18,SUP-023,Schwarzwald Circuits,Germany,Electronics,Power Supply Unit 450W,Manufacturing,67.32,122,8213.04,Net 30,True,False
PO-2024-16188,2024-03-06,2024-03-18,2024-03-18,SUP-028,Summit Components,USA,Electronics,Power Supply Unit 450W,R&D,72.6,129,9365.4,Net 45,True,False
PO-2024-16210,2024-03-06,2024-03-26,2024-03-26,SUP-023,Schwarzwald Circuits,Germany,Electronics,Connector Kit CK-8,Manufacturing,4.21,3781,15918.01,Net 60,True,False
PO-2024-16152,2024-03-07,2024-04-10,2024-04-10,SUP-024,Sterling Components,USA,Electronics,Power Supply Unit 450W,R&D,79.6,272,21651.2,Net 15,False,False
PO-2024-16213,2024-03-07,2024-03-28,2024-04-03,SUP-029,Great Wall Components,China,Electronics,Microcontroller MCU-9,Field Services,8.76,1644,14401.44,Net 30,True,False
PO-2024-16169,2024-03-07,2024-03-20,2024-03-20,SUP-028,Summit Components,USA,Electronics,Sensor Module SM-3,Corporate,26.41,926,24455.66,Net 30,True,False
PO-2024-16150,2024-03-07,2024-03-23,2024-03-23,SUP-025,Cascade Semitech,USA,Electronics,Microcontroller MCU-9,R&D,9.09,2281,20734.29,Net 45,False,False
PO-2024-16148,2024-03-07,2024-04-08,2024-04-08,SUP-033,Busan Components,South Korea,Electronics,Sensor Module SM-3,Field Services,22.12,437,9666.44,Net 45,False,False
PO-2024-16225,2024-03-07,2024-04-02,2024-04-02,SUP-024,Sterling Components,USA,Electronics,Sensor Module SM-3,R&D,28.86,961,27734.46,Net 45,True,False
PO-2024-16226,2024-03-07,2024-03-22,2024-03-22,SUP-028,Summit Components,USA,Electronics,Connector Kit CK-8,Manufacturing,4.74,4838,22932.12,Net 45,True,False
PO-2024-16139,2024-03-07,2024-03-14,2024-03-14,SUP-022,Redwood Components,USA,Electronics,PCB Assembly A-11,Retail Operations,50.86,212,10782.32,Net 30,False,False
PO-2024-16136,2024-03-08,2024-03-27,2024-03-27,SUP-036,Golden Dragon Components,China,Electronics,Sensor Module SM-3,R&D,26.8,728,19510.4,Net 60,True,False
PO-2024-16189,2024-03-08,2024-04-04,2024-04-04,SUP-025,Cascade Semitech,USA,Electronics,PCB Assembly A-11,Manufacturing,57.66,296,17067.36,Net 60,True,False
PO-2024-16159,2024-03-08,2024-03-27,2024-03-27,SUP-032,Lotus Components,India,Electronics,PCB Assembly A-11,Manufacturing,49.0,558,27342.0,Net 30,True,False
PO-2024-16178,2024-03-08,2024-04-11,2024-04-11,SUP-035,Pacific Rim Semitech,China,Electronics,Microcontroller MCU-9,Corporate,8.75,1224,10710.0,Net 15,True,False
PO-2024-16185,2024-03-09,2024-03-22,2024-03-22,SUP-028,Summit Components,USA,Electronics,PCB Assembly A-11,Field Services,59.67,498,29715.66,Net 60,True,False
PO-2024-16191,2024-03-09,2024-04-08,2024-04-26,SUP-029,Great Wall Components,China,Electronics,Connector Kit CK-8,Corporate,4.68,4289,20072.52,Net 45,True,False
PO-2024-16239,2024-03-09,2024-04-06,2024-04-06,SUP-032,Lotus Components,India,Electronics,Connector Kit CK-8,Retail Operations,4.21,2251,9476.71,Net 30,True,False
PO-2024-16120,2024-03-09,2024-03-17,2024-03-21,SUP-036,Golden Dragon Components,China,Electronics,Power Supply Unit 450W,Manufacturing,79.75,17,1355.75,Net 45,False,False
PO-2024-16110,2024-03-09,2024-04-08,2024-04-08,SUP-033,Busan Components,South Korea,Electronics,Sensor Module SM-3,R&D,23.15,395,9144.25,Net 15,False,False
PO-2024-16204,2024-03-10,2024-04-10,2024-04-14,SUP-036,Golden Dragon Components,China,Electronics,Microcontroller MCU-9,R&D,9.49,2724,25850.76,Net 30,True,False
PO-2024-16181,2024-03-10,2024-03-15,2024-03-15,SUP-024,Sterling Components,USA,Electronics,PCB Assembly A-11,Corporate,60.19,320,19260.8,Net 45,True,False
PO-2024-16144,2024-03-10,2024-03-16,2024-03-16,SUP-028,Summit Components,USA,Electronics,Power Supply Unit 450W,Corporate,71.24,209,14889.16,Net 30,True,False
PO-2024-16125,2024-03-11,2024-04-03,2024-04-03,SUP-028,Summit Components,USA,Electronics,Power Supply Unit 450W,Field Services,73.69,224,16506.56,Net 45,True,False
PO-2024-16221,2024-03-11,2024-03-25,2024-03-25,SUP-024,Sterling Components,USA,Electronics,Connector Kit CK-8,Field Services,5.08,3478,17668.24,Net 30,True,False
PO-2024-16223,2024-03-11,2024-04-10,2024-04-14,SUP-036,Golden Dragon Components,China,Electronics,Connector Kit CK-8,Manufacturing,5.11,3654,18671.94,Net 30,True,True
PO-2024-16167,2024-03-12,2024-03-23,2024-03-23,SUP-034,Pacific Rim Circuits,China,Electronics,Connector Kit CK-8,Corporate,4.67,1556,7266.52,Net 45,True,False
PO-2024-16160,2024-03-12,2024-03-17,2024-03-19,SUP-028,Summit Components,USA,Electronics,Power Supply Unit 450W,R&D,78.53,158,12407.74,Net 60,True,False
PO-2024-16209,2024-03-12,2024-03-27,2024-03-27,SUP-028,Summit Components,USA,Electronics,Power Supply Unit 450W,Field Services,71.83,161,11564.63,Net 45,True,False
PO-2024-16214,2024-03-12,2024-03-28,2024-03-28,SUP-028,Summit Components,USA,Electronics,Power Supply Unit 450W,R&D,73.07,166,12129.62,Net 30,True,False
PO-2024-16153,2024-03-12,2024-03-30,2024-03-30,SUP-035,Pacific Rim Semitech,China,Electronics,Connector Kit CK-8,Retail Operations,5.02,3691,18528.82,Net 45,True,False
PO-2024-16231,2024-03-13,2024-03-19,2024-03-19,SUP-028,Summit Components,USA,Electronics,PCB Assembly A-11,Field Services,56.31,467,26296.77,Net 15,True,False
PO-2024-16109,2024-03-13,2024-04-05,2024-04-05,SUP-034,Pacific Rim Circuits,China,Electronics,Sensor Module SM-3,Corporate,27.79,539,14978.81,Net 30,True,False
PO-2024-16205,2024-03-13,2024-03-30,2024-03-30,SUP-028,Summit Components,USA,Electronics,PCB Assembly A-11,Manufacturing,59.52,748,44520.96,Net 30,True,False
PO-2024-16161,2024-03-13,2024-03-30,2024-03-30,SUP-032,Lotus Components,India,Electronics,Microcontroller MCU-9,Field Services,6.89,2218,15282.02,Net 30,True,False
PO-2024-16162,2024-03-14,2024-04-15,2024-04-15,SUP-033,Busan Components,South Korea,Electronics,Power Supply Unit 450W,Retail Operations,61.82,125,7727.5,Net 45,True,False
PO-2024-16170,2024-03-14,2024-04-07,2024-04-12,SUP-034,Pacific Rim Circuits,China,Electronics,PCB Assembly A-11,R&D,55.77,340,18961.8,Net 60,False,False
PO-2024-16235,2024-03-14,2024-04-11,2024-04-11,SUP-033,Busan Components,South Korea,Electronics,Microcontroller MCU-9,Manufacturing,7.57,2009,15208.13,Net 30,True,False
PO-2024-16190,2024-03-14,2024-04-02,2024-04-02,SUP-024,Sterling Components,USA,Electronics,Microcontroller MCU-9,Manufacturing,8.34,3606,30074.04,Net 60,True,False
PO-2024-16228,2024-03-14,2024-04-05,2024-04-05,SUP-032,Lotus Components,India,Electronics,Power Supply Unit 450W,Retail Operations,59.43,270,16046.1,Net 30,True,False
PO-2024-16143,2024-03-14,2024-04-02,2024-04-02,SUP-036,Golden Dragon Components,China,Electronics,PCB Assembly A-11,Field Services,61.89,391,24198.99,Net 30,True,False
PO-2024-16163,2024-03-14,2024-03-29,2024-03-29,SUP-034,Pacific Rim Circuits,China,Electronics,Microcontroller MCU-9,R&D,7.69,1845,14188.05,Net 60,True,False
PO-2024-16232,2024-03-15,2024-04-13,2024-04-13,SUP-028,Summit Components,USA,Electronics,Connector Kit CK-8,R&D,4.71,2762,13009.02,Net 15,True,False
PO-2024-16147,2024-03-15,2024-04-14,2024-04-14,SUP-032,Lotus Components,India,Electronics,PCB Assembly A-11,Manufacturing,47.36,417,19749.12,Net 30,True,False
PO-2024-16172,2024-03-15,2024-04-09,2024-04-09,SUP-033,Busan Components,South Korea,Electronics,Power Supply Unit 450W,Corporate,60.88,130,7914.4,Net 30,True,False
PO-2024-16199,2024-03-15,2024-04-16,2024-04-16,SUP-022,Redwood Components,USA,Electronics,PCB Assembly A-11,R&D,59.18,599,35448.82,Net 30,False,False
PO-2024-16118,2024-03-15,2024-04-01,2024-04-02,SUP-033,Busan Components,South Korea,Electronics,PCB Assembly A-11,Retail Operations,50.52,212,10710.24,Net 30,True,False
PO-2024-16233,2024-03-15,2024-04-02,2024-04-02,SUP-025,Cascade Semitech,USA,Electronics,Power Supply Unit 450W,Field Services,70.19,245,17196.55,Net 30,False,False
PO-2024-16140,2024-03-16,2024-04-02,2024-04-02,SUP-022,Redwood Components,USA,Electronics,Sensor Module SM-3,Field Services,25.72,668,17180.96,Net 30,True,False
PO-2024-16224,2024-03-16,2024-04-07,2024-04-07,SUP-032,Lotus Components,India,Electronics,PCB Assembly A-11,R&D,48.09,535,25728.15,Net 60,True,False
PO-2024-16166,2024-03-16,2024-03-22,2024-03-22,SUP-034,Pacific Rim Circuits,China,Electronics,Power Supply Unit 450W,Retail Operations,71.61,159,11385.99,Net 60,True,False
PO-2024-16227,2024-03-16,2024-04-08,2024-04-08,SUP-033,Busan Components,South Korea,Electronics,Connector Kit CK-8,Retail Operations,4.05,3959,16033.95,Net 30,True,False
PO-2024-16168,2024-03-17,2024-04-13,2024-04-13,SUP-036,Golden Dragon Components,China,Electronics,Connector Kit CK-8,Retail Operations,4.86,892,4335.12,Net 45,True,False
PO-2024-16112,2024-03-17,2024-04-14,2024-04-14,SUP-028,Summit Components,USA,Electronics,Microcontroller MCU-9,Field Services,8.83,4045,35717.35,Net 60,True,False
PO-2024-16164,2024-03-18,2024-04-04,2024-04-04,SUP-022,Redwood Components,USA,Electronics,Power Supply Unit 450W,R&D,64.41,143,9210.63,Net 30,True,False
PO-2024-16242,2024-03-18,2024-04-21,2024-04-21,SUP-034,Pacific Rim Circuits,China,Electronics,PCB Assembly A-11,Field Services,57.66,332,19143.12,Net 45,True,False
PO-2024-16241,2024-03-19,2024-04-02,2024-04-02,SUP-035,Pacific Rim Semitech,China,Electronics,PCB Assembly A-11,Field Services,55.86,80,4468.8,Net 30,False,False
PO-2024-16212,2024-03-19,2024-03-31,2024-03-31,SUP-025,Cascade Semitech,USA,Electronics,PCB Assembly A-11,R&D,59.74,508,30347.92,Net 30,True,False
PO-2024-16131,2024-03-19,2024-03-26,2024-03-26,SUP-025,Cascade Semitech,USA,Electronics,Microcontroller MCU-9,Field Services,8.16,2499,20391.84,Net 15,False,False
PO-2024-16132,2024-03-20,2024-04-17,2024-04-17,SUP-035,Pacific Rim Semitech,China,Electronics,Microcontroller MCU-9,Manufacturing,8.45,3947,33352.15,Net 30,True,False
PO-2024-16123,2024-03-20,2024-03-29,2024-03-29,SUP-032,Lotus Components,India,Electronics,Power Supply Unit 450W,Manufacturing,64.04,211,13512.44,Net 30,False,False
PO-2024-16119,2024-03-20,2024-03-27,2024-03-27,SUP-024,Sterling Components,USA,Electronics,PCB Assembly A-11,Retail Operations,60.16,273,16423.68,Net 45,True,False
PO-2024-16149,2024-03-21,2024-04-23,2024-04-23,SUP-028,Summit Components,USA,Electronics,Power Supply Unit 450W,R&D,76.16,184,14013.44,Net 30,True,False
PO-2024-16206,2024-03-21,2024-04-12,2024-04-12,SUP-028,Summit Components,USA,Electronics,Power Supply Unit 450W,Corporate,72.01,230,16562.3,Net 15,True,False
PO-2024-16115,2024-03-21,2024-04-07,2024-04-07,SUP-024,Sterling Components,USA,Electronics,Power Supply Unit 450W,Field Services,74.99,158,11848.42,Net 30,False,False
PO-2024-16126,2024-03-22,2024-03-27,2024-03-27,SUP-025,Cascade Semitech,USA,Electronics,Power Supply Unit 450W,Manufacturing,68.35,146,9979.1,Net 60,True,False
PO-2024-16229,2024-03-22,2024-04-09,2024-04-09,SUP-028,Summit Components,USA,Electronics,Microcontroller MCU-9,Field Services,8.51,3146,26772.46,Net 45,True,False
PO-2024-16184,2024-03-22,2024-04-05,2024-04-05,SUP-028,Summit Components,USA,Electronics,Connector Kit CK-8,Manufacturing,4.35,2825,12288.75,Net 15,True,False
PO-2024-16151,2024-03-23,2024-04-03,2024-04-03,SUP-025,Cascade Semitech,USA,Electronics,Connector Kit CK-8,Retail Operations,4.94,886,4376.84,Net 45,True,False
PO-2024-16198,2024-03-23,2024-04-15,2024-04-15,SUP-025,Cascade Semitech,USA,Electronics,Microcontroller MCU-9,Manufacturing,9.01,2447,22047.47,Net 60,True,False
PO-2024-16179,2024-03-23,2024-04-02,2024-04-04,SUP-028,Summit Components,USA,Electronics,Power Supply Unit 450W,Field Services,65.07,179,11647.53,Net 30,True,False
PO-2024-16203,2024-03-24,2024-04-16,2024-04-16,SUP-036,Golden Dragon Components,China,Electronics,Power Supply Unit 450W,Retail Operations,70.34,134,9425.56,Net 30,True,False
PO-2024-16183,2024-03-24,2024-04-25,2024-04-25,SUP-028,Summit Components,USA,Electronics,Sensor Module SM-3,R&D,25.77,846,21801.42,Net 30,True,False
PO-2024-16194,2024-03-24,2024-04-18,2024-04-18,SUP-032,Lotus Components,India,Electronics,PCB Assembly A-11,Retail Operations,47.7,129,6153.3,Net 30,True,False
PO-2024-16193,2024-03-24,2024-04-20,2024-04-20,SUP-022,Redwood Components,USA,Electronics,Microcontroller MCU-9,Retail Operations,7.98,2697,21522.06,Net 30,True,False
PO-2024-16187,2024-03-26,2024-04-27,2024-04-27,SUP-033,Busan Components,South Korea,Electronics,PCB Assembly A-11,R&D,50.89,291,14808.99,Net 15,False,False
PO-2024-16156,2024-03-26,2024-04-19,2024-04-19,SUP-034,Pacific Rim Circuits,China,Electronics,Microcontroller MCU-9,Corporate,7.93,4486,35573.98,Net 30,False,False
PO-2024-16171,2024-03-26,2024-04-17,2024-04-17,SUP-022,Redwood Components,USA,Electronics,Microcontroller MCU-9,Field Services,7.69,1951,15003.19,Net 45,False,False
PO-2024-16127,2024-03-26,2024-04-03,2024-04-03,SUP-025,Cascade Semitech,USA,Electronics,PCB Assembly A-11,Retail Operations,58.34,371,21644.14,Net 15,True,False
PO-2024-16142,2024-03-27,2024-04-08,2024-04-08,SUP-028,Summit Components,USA,Electronics,Sensor Module SM-3,Retail Operations,26.3,71,1867.3,Net 15,True,False
PO-2024-16201,2024-03-27,2024-04-21,2024-04-25,SUP-028,Summit Components,USA,Electronics,Sensor Module SM-3,Manufacturing,28.09,296,8314.64,Net 45,True,False
PO-2024-16218,2024-03-27,2024-04-04,2024-04-04,SUP-033,Busan Components,South Korea,Electronics,Sensor Module SM-3,Retail Operations,23.07,717,16541.19,Net 30,True,False
PO-2024-16173,2024-03-28,2024-04-07,2024-04-07,SUP-028,Summit Components,USA,Electronics,Power Supply Unit 450W,R&D,73.61,219,16120.59,Net 30,False,False
PO-2024-16158,2024-03-28,2024-04-24,2024-04-24,SUP-027,Golden Dragon Circuits,China,Electronics,Microcontroller MCU-9,Corporate,9.1,1254,11411.4,Net 45,True,False
PO-2024-16155,2024-03-28,2024-04-29,2024-04-29,SUP-025,Cascade Semitech,USA,Electronics,Connector Kit CK-8,Manufacturing,4.73,3115,14733.95,Net 30,True,False
PO-2024-16220,2024-03-28,2024-04-13,2024-04-13,SUP-035,Pacific Rim Semitech,China,Electronics,Power Supply Unit 450W,Manufacturing,65.89,124,8170.36,Net 15,True,False
PO-2024-16243,2024-03-28,2024-04-28,2024-04-29,SUP-034,Pacific Rim Circuits,China,Electronics,PCB Assembly A-11,Retail Operations,57.06,396,22595.76,Net 15,True,False
PO-2024-16219,2024-03-28,2024-04-20,2024-04-20,SUP-022,Redwood Components,USA,Electronics,PCB Assembly A-11,Corporate,52.02,425,22108.5,Net 60,True,False
PO-2024-16141,2024-03-29,2024-04-15,2024-04-15,SUP-025,Cascade Semitech,USA,Electronics,Sensor Module SM-3,Manufacturing,25.04,848,21233.92,Net 60,True,False
PO-2024-16130,2024-03-29,2024-04-11,2024-04-12,SUP-033,Busan Components,South Korea,Electronics,Power Supply Unit 450W,Corporate,59.74,203,12127.22,Net 30,True,False
PO-2024-16124,2024-03-29,2024-04-05,2024-04-24,SUP-029,Great Wall Components,China,Electronics,Power Supply Unit 450W,Field Services,67.43,55,3708.65,Net 30,True,False
PO-2024-16122,2024-03-29,2024-04-08,2024-04-08,SUP-028,Summit Components,USA,Electronics,Connector Kit CK-8,Field Services,4.86,2882,14006.52,Net 45,False,False
PO-2024-16195,2024-03-29,2024-04-16,2024-04-16,SUP-032,Lotus Components,India,Electronics,Power Supply Unit 450W,Manufacturing,61.47,223,13707.81,Net 60,True,False
PO-2024-16192,2024-03-29,2024-04-19,2024-04-19,SUP-034,Pacific Rim Circuits,China,Electronics,Microcontroller MCU-9,Manufacturing,8.9,2403,21386.7,Net 30,True,False
PO-2024-16177,2024-03-29,2024-04-03,2024-04-03,SUP-036,Golden Dragon Components,China,Electronics,PCB Assembly A-11,Corporate,57.99,382,22152.18,Net 45,True,False
PO-2024-16236,2024-03-29,2024-04-17,2024-04-17,SUP-036,Golden Dragon Components,China,Electronics,Connector Kit CK-8,Manufacturing,4.81,3325,15993.25,Net 45,True,False
PO-2024-16238,2024-03-29,2024-04-09,2024-04-09,SUP-022,Redwood Components,USA,Electronics,Sensor Module SM-3,Retail Operations,24.71,767,18952.57,Net 30,True,False
PO-2024-16208,2024-03-30,2024-04-24,2024-05-17,SUP-029,Great Wall Components,China,Electronics,Connector Kit CK-8,R&D,5.63,2009,11310.67,Net 45,True,False
PO-2024-16114,2024-03-30,2024-04-30,2024-04-30,SUP-032,Lotus Components,India,Electronics,Microcontroller MCU-9,R&D,7.39,2850,21061.5,Net 30,True,False
PO-2024-16133,2024-03-30,2024-04-19,2024-04-19,SUP-025,Cascade Semitech,USA,Electronics,Connector Kit CK-8,Corporate,5.13,2867,14707.71,Net 15,True,False
PO-2024-16146,2024-03-31,2024-04-24,2024-04-24,SUP-036,Golden Dragon Components,China,Electronics,Connector Kit CK-8,Manufacturing,4.69,3622,16987.18,Net 45,True,False
PO-2024-16154,2024-03-31,2024-05-03,2024-05-03,SUP-027,Golden Dragon Circuits,China,Electronics,Power Supply Unit 450W,Field Services,72.86,97,7067.42,Net 45,True,False
PO-2024-16165,2024-03-31,2024-04-24,2024-04-24,SUP-025,Cascade Semitech,USA,Electronics,PCB Assembly A-11,R&D,58.55,403,23595.65,Net 15,True,False
PO-2024-17345,2024-04-01,2024-05-05,2024-05-05,SUP-032,Lotus Components,India,Electronics,Power Supply Unit 450W,Corporate,64.72,133,8607.76,Net 60,True,False
PO-2024-17331,2024-04-01,2024-04-25,2024-04-25,SUP-034,Pacific Rim Circuits,China,Electronics,Microcontroller MCU-9,Retail Operations,8.03,2282,18324.46,Net 30,True,False
PO-2024-17243,2024-04-01,2024-04-18,2024-04-18,SUP-036,Golden Dragon Components,China,Electronics,Microcontroller MCU-9,Manufacturing,9.33,5069,47293.77,Net 45,True,False
PO-2024-17258,2024-04-01,2024-05-04,2024-05-04,SUP-025,Cascade Semitech,USA,Electronics,Microcontroller MCU-9,Corporate,8.72,1816,15835.52,Net 45,True,False
PO-2024-17291,2024-04-01,2024-04-22,2024-04-22,SUP-028,Summit Components,USA,Electronics,Connector Kit CK-8,Corporate,5.18,3233,16746.94,Net 60,True,False
PO-2024-17303,2024-04-01,2024-04-19,2024-04-21,SUP-032,Lotus Components,India,Electronics,Sensor Module SM-3,Field Services,24.61,608,14962.88,Net 30,True,False
PO-2024-17273,2024-04-01,2024-04-09,2024-04-09,SUP-027,Golden Dragon Circuits,China,Electronics,Power Supply Unit 450W,Corporate,71.73,125,8966.25,Net 30,True,False
PO-2024-17244,2024-04-02,2024-04-26,2024-04-26,SUP-032,Lotus Components,India,Electronics,Sensor Module SM-3,Manufacturing,24.7,595,14696.5,Net 30,True,False
PO-2024-17288,2024-04-02,2024-05-03,2024-05-05,SUP-032,Lotus Components,India,Electronics,Connector Kit CK-8,Corporate,4.52,1,4.52,Net 30,True,False
PO-2024-17290,2024-04-02,2024-04-22,2024-04-22,SUP-032,Lotus Components,India,Electronics,Sensor Module SM-3,Retail Operations,23.42,451,10562.42,Net 30,True,False
PO-2024-17324,2024-04-02,2024-05-06,2024-05-06,SUP-032,Lotus Components,India,Electronics,Connector Kit CK-8,R&D,4.06,1914,7770.84,Net 45,True,False
PO-2024-17336,2024-04-02,2024-04-07,2024-04-07,SUP-033,Busan Components,South Korea,Electronics,Connector Kit CK-8,R&D,4.52,2638,11923.76,Net 15,False,False
PO-2024-17343,2024-04-02,2024-04-07,2024-04-07,SUP-032,Lotus Components,India,Electronics,Microcontroller MCU-9,Retail Operations,6.82,2207,15051.74,Net 30,True,False
PO-2024-17265,2024-04-03,2024-04-28,2024-04-28,SUP-033,Busan Components,South Korea,Electronics,PCB Assembly A-11,Corporate,49.15,295,14499.25,Net 30,True,False
PO-2024-17332,2024-04-03,2024-04-30,2024-04-30,SUP-035,Pacific Rim Semitech,China,Electronics,Connector Kit CK-8,Retail Operations,4.66,1298,6048.68,Net 45,True,False
PO-2024-17305,2024-04-04,2024-05-04,2024-05-04,SUP-024,Sterling Components,USA,Electronics,Connector Kit CK-8,R&D,5.01,3172,15891.72,Net 30,False,False
PO-2024-17338,2024-04-04,2024-04-09,2024-04-12,SUP-033,Busan Components,South Korea,Electronics,Connector Kit CK-8,R&D,4.48,4298,19255.04,Net 45,False,False
PO-2024-17271,2024-04-04,2024-04-26,2024-04-26,SUP-028,Summit Components,USA,Electronics,PCB Assembly A-11,Retail Operations,58.68,149,8743.32,Net 30,True,False
PO-2024-17253,2024-04-04,2024-05-02,2024-05-02,SUP-028,Summit Components,USA,Electronics,Power Supply Unit 450W,R&D,77.88,145,11292.6,Net 45,True,False
PO-2024-17295,2024-04-04,2024-04-09,2024-04-09,SUP-033,Busan Components,South Korea,Electronics,Connector Kit CK-8,Field Services,4.11,2830,11631.3,Net 45,True,False
PO-2024-17286,2024-04-05,2024-04-27,2024-04-27,SUP-032,Lotus Components,India,Electronics,PCB Assembly A-11,Manufacturing,55.53,595,33040.35,Net 45,True,False
PO-2024-17293,2024-04-05,2024-05-08,2024-05-08,SUP-035,Pacific Rim Semitech,China,Electronics,Connector Kit CK-8,R&D,4.97,1689,8394.33,Net 15,True,False
PO-2024-17309,2024-04-05,2024-04-10,2024-04-10,SUP-028,Summit Components,USA,Electronics,PCB Assembly A-11,Corporate,63.28,324,20502.72,Net 45,True,False
PO-2024-17310,2024-04-06,2024-04-14,2024-04-14,SUP-034,Pacific Rim Circuits,China,Electronics,PCB Assembly A-11,Corporate,53.99,340,18356.6,Net 60,False,False
PO-2024-17301,2024-04-06,2024-05-10,2024-05-10,SUP-033,Busan Components,South Korea,Electronics,Power Supply Unit 450W,Corporate,64.21,24,1541.04,Net 30,True,False
PO-2024-17300,2024-04-06,2024-04-30,2024-04-30,SUP-028,Summit Components,USA,Electronics,Sensor Module SM-3,Manufacturing,26.72,685,18303.2,Net 45,True,False
PO-2024-17330,2024-04-07,2024-04-23,2024-04-23,SUP-033,Busan Components,South Korea,Electronics,Power Supply Unit 450W,Corporate,60.69,116,7040.04,Net 30,True,False
PO-2024-17259,2024-04-07,2024-05-06,2024-05-06,SUP-032,Lotus Components,India,Electronics,Sensor Module SM-3,Corporate,23.32,745,17373.4,Net 60,True,False
PO-2024-17316,2024-04-07,2024-05-02,2024-05-02,SUP-028,Summit Components,USA,Electronics,Microcontroller MCU-9,R&D,8.4,3439,28887.6,Net 60,True,False
PO-2024-17266,2024-04-07,2024-04-18,2024-04-18,SUP-036,Golden Dragon Components,China,Electronics,Sensor Module SM-3,Retail Operations,28.24,851,24032.24,Net 60,True,False
PO-2024-17319,2024-04-07,2024-04-28,2024-04-28,SUP-033,Busan Components,South Korea,Electronics,Power Supply Unit 450W,R&D,57.87,177,10242.99,Net 45,False,False
PO-2024-17274,2024-04-08,2024-04-29,2024-04-29,SUP-032,Lotus Components,India,Electronics,Microcontroller MCU-9,R&D,7.14,1691,12073.74,Net 30,False,False
PO-2024-17347,2024-04-08,2024-05-08,2024-05-08,SUP-025,Cascade Semitech,USA,Electronics,Connector Kit CK-8,R&D,5.09,4265,21708.85,Net 45,False,False
PO-2024-17276,2024-04-08,2024-05-02,2024-05-02,SUP-025,Cascade Semitech,USA,Electronics,Power Supply Unit 450W,Manufacturing,75.4,110,8294.0,Net 15,True,False
PO-2024-17349,2024-04-08,2024-04-25,2024-04-25,SUP-024,Sterling Components,USA,Electronics,PCB Assembly A-11,Field Services,60.59,248,15026.32,Net 45,False,False
PO-2024-17322,2024-04-08,2024-05-10,2024-05-10,SUP-025,Cascade Semitech,USA,Electronics,Power Supply Unit 450W,Field Services,71.43,170,12143.1,Net 15,True,False
PO-2024-17304,2024-04-09,2024-05-10,2024-05-10,SUP-028,Summit Components,USA,Electronics,Connector Kit CK-8,R&D,5.2,2916,15163.2,Net 45,True,False
PO-2024-17239,2024-04-09,2024-05-11,2024-05-11,SUP-033,Busan Components,South Korea,Electronics,Microcontroller MCU-9,Corporate,7.67,2025,15531.75,Net 45,True,False
PO-2024-17355,2024-04-11,2024-04-27,2024-04-27,SUP-028,Summit Components,USA,Electronics,Power Supply Unit 450W,Retail Operations,76.5,172,13158.0,Net 15,False,False
PO-2024-17237,2024-04-11,2024-05-11,2024-05-11,SUP-032,Lotus Components,India,Electronics,Microcontroller MCU-9,Field Services,6.83,753,5142.99,Net 45,True,False
PO-2024-17328,2024-04-11,2024-05-11,2024-05-11,SUP-032,Lotus Components,India,Electronics,Microcontroller MCU-9,R&D,7.87,2118,16668.66,Net 30,False,False
PO-2024-17249,2024-04-12,2024-05-02,2024-05-02,SUP-032,Lotus Components,India,Electronics,Power Supply Unit 450W,R&D,62.77,121,7595.17,Net 45,True,False
PO-2024-17298,2024-04-12,2024-04-26,2024-04-26,SUP-022,Redwood Components,USA,Electronics,PCB Assembly A-11,Corporate,56.19,372,20902.68,Net 30,True,False
PO-2024-17260,2024-04-12,2024-05-13,2024-05-14,SUP-028,Summit Components,USA,Electronics,Connector Kit CK-8,Manufacturing,4.72,3744,17671.68,Net 30,True,False
PO-2024-17299,2024-04-12,2024-05-05,2024-05-05,SUP-028,Summit Components,USA,Electronics,Sensor Module SM-3,Retail Operations,26.86,722,19392.92,Net 45,True,False
PO-2024-17326,2024-04-12,2024-05-08,2024-05-11,SUP-028,Summit Components,USA,Electronics,Power Supply Unit 450W,Retail Operations,74.84,124,9280.16,Net 60,True,False
PO-2024-17242,2024-04-12,2024-05-10,2024-05-10,SUP-028,Summit Components,USA,Electronics,Connector Kit CK-8,Retail Operations,4.88,2708,13215.04,Net 45,True,False
PO-2024-17282,2024-04-13,2024-05-09,2024-05-09,SUP-033,Busan Components,South Korea,Electronics,Sensor Module SM-3,Field Services,23.69,277,6562.13,Net 15,True,False
PO-2024-17362,2024-04-13,2024-05-10,2024-05-10,SUP-025,Cascade Semitech,USA,Electronics,Microcontroller MCU-9,R&D,8.1,2911,23579.1,Net 45,True,False
PO-2024-17364,2024-04-13,2024-05-16,2024-05-16,SUP-025,Cascade Semitech,USA,Electronics,Connector Kit CK-8,Retail Operations,5.25,2025,10631.25,Net 30,True,False
PO-2024-17254,2024-04-13,2024-05-13,2024-05-13,SUP-022,Redwood Components,USA,Electronics,Connector Kit CK-8,Field Services,4.65,4485,20855.25,Net 45,True,False
PO-2024-17292,2024-04-13,2024-04-19,2024-04-19,SUP-026,Great Wall Circuits,China,Electronics,Connector Kit CK-8,Manufacturing,5.54,3812,21118.48,Net 30,True,False
PO-2024-17323,2024-04-13,2024-05-13,2024-05-14,SUP-034,Pacific Rim Circuits,China,Electronics,PCB Assembly A-11,Retail Operations,56.02,316,17702.32,Net 45,True,False
PO-2024-17302,2024-04-14,2024-04-21,2024-04-21,SUP-028,Summit Components,USA,Electronics,PCB Assembly A-11,Corporate,61.91,424,26249.84,Net 45,True,False
PO-2024-17283,2024-04-14,2024-05-06,2024-05-06,SUP-032,Lotus Components,India,Electronics,Microcontroller MCU-9,Corporate,7.61,3903,29701.83,Net 45,True,False
PO-2024-17250,2024-04-14,2024-05-03,2024-05-14,SUP-029,Great Wall Components,China,Electronics,Microcontroller MCU-9,Manufacturing,6.15,2110,12976.5,Net 45,True,True
PO-2024-17279,2024-04-15,2024-05-19,2024-05-19,SUP-025,Cascade Semitech,USA,Electronics,PCB Assembly A-11,R&D,59.66,653,38957.98,Net 30,True,False
PO-2024-17360,2024-04-15,2024-04-27,2024-05-01,SUP-025,Cascade Semitech,USA,Electronics,PCB Assembly A-11,R&D,55.58,356,19786.48,Net 60,True,False
PO-2024-17284,2024-04-16,2024-05-19,2024-05-19,SUP-023,Schwarzwald Circuits,Germany,Electronics,Microcontroller MCU-9,R&D,8.09,2785,22530.65,Net 60,True,False
PO-2024-17280,2024-04-16,2024-05-18,2024-05-18,SUP-028,Summit Components,USA,Electronics,Connector Kit CK-8,R&D,5.02,2383,11962.66,Net 30,True,False
PO-2024-17314,2024-04-16,2024-05-06,2024-05-06,SUP-028,Summit Components,USA,Electronics,Microcontroller MCU-9,R&D,9.11,3344,30463.84,Net 45,True,False
PO-2024-17248,2024-04-16,2024-05-06,2024-05-08,SUP-033,Busan Components,South Korea,Electronics,PCB Assembly A-11,Retail Operations,51.08,518,26459.44,Net 30,True,False
PO-2024-17238,2024-04-17,2024-05-12,2024-05-12,SUP-023,Schwarzwald Circuits,Germany,Electronics,Sensor Module SM-3,Manufacturing,21.9,832,18220.8,Net 30,True,False
PO-2024-17240,2024-04-17,2024-05-17,2024-05-17,SUP-025,Cascade Semitech,USA,Electronics,Power Supply Unit 450W,Field Services,77.9,146,11373.4,Net 30,True,False
PO-2024-17352,2024-04-17,2024-05-12,2024-05-12,SUP-022,Redwood Components,USA,Electronics,Sensor Module SM-3,Manufacturing,26.12,667,17422.04,Net 45,True,False
PO-2024-17361,2024-04-17,2024-05-16,2024-05-16,SUP-034,Pacific Rim Circuits,China,Electronics,Connector Kit CK-8,Corporate,4.82,297,1431.54,Net 30,True,False
PO-2024-17268,2024-04-17,2024-05-10,2024-05-10,SUP-036,Golden Dragon Components,China,Electronics,Connector Kit CK-8,Manufacturing,5.12,4283,21928.96,Net 30,True,False
PO-2024-17335,2024-04-18,2024-05-09,2024-05-09,SUP-028,Summit Components,USA,Electronics,Microcontroller MCU-9,R&D,8.22,2782,22868.04,Net 45,True,False
PO-2024-17317,2024-04-18,2024-04-23,2024-04-23,SUP-025,Cascade Semitech,USA,Electronics,Microcontroller MCU-9,Corporate,7.98,2340,18673.2,Net 45,True,False
PO-2024-17327,2024-04-18,2024-05-05,2024-05-06,SUP-036,Golden Dragon Components,China,Electronics,Microcontroller MCU-9,R&D,8.56,2103,18001.68,Net 60,True,False
PO-2024-17255,2024-04-18,2024-05-12,2024-05-16,SUP-028,Summit Components,USA,Electronics,Sensor Module SM-3,Manufacturing,27.63,337,9311.31,Net 30,True,False
PO-2024-17246,2024-04-18,2024-05-18,2024-05-20,SUP-033,Busan Components,South Korea,Electronics,Sensor Module SM-3,R&D,25.44,460,11702.4,Net 60,False,False
PO-2024-17342,2024-04-19,2024-04-24,2024-04-24,SUP-022,Redwood Components,USA,Electronics,Power Supply Unit 450W,R&D,58.83,182,10707.06,Net 30,True,False
PO-2024-17312,2024-04-19,2024-04-27,2024-04-27,SUP-028,Summit Components,USA,Electronics,Connector Kit CK-8,R&D,5.13,3375,17313.75,Net 30,True,False
PO-2024-17333,2024-04-19,2024-05-01,2024-05-01,SUP-036,Golden Dragon Components,China,Electronics,Power Supply Unit 450W,Manufacturing,76.47,49,3747.03,Net 60,True,False
PO-2024-17294,2024-04-19,2024-04-30,2024-04-30,SUP-034,Pacific Rim Circuits,China,Electronics,Sensor Module SM-3,Retail Operations,26.32,441,11607.12,Net 45,True,False
PO-2024-17245,2024-04-19,2024-05-21,2024-05-21,SUP-034,Pacific Rim Circuits,China,Electronics,Sensor Module SM-3,R&D,27.08,629,17033.32,Net 30,False,False
PO-2024-17247,2024-04-19,2024-05-05,2024-05-05,SUP-033,Busan Components,South Korea,Electronics,Microcontroller MCU-9,Corporate,7.67,3846,29498.82,Net 45,True,False
PO-2024-17306,2024-04-20,2024-04-28,2024-04-28,SUP-028,Summit Components,USA,Electronics,Microcontroller MCU-9,Field Services,9.12,1766,16105.92,Net 15,True,False
PO-2024-17287,2024-04-20,2024-05-01,2024-05-03,SUP-032,Lotus Components,India,Electronics,Microcontroller MCU-9,Manufacturing,7.46,2646,19739.16,Net 30,True,False
PO-2024-17353,2024-04-20,2024-05-12,2024-05-12,SUP-034,Pacific Rim Circuits,China,Electronics,Microcontroller MCU-9,Field Services,8.0,3876,31008.0,Net 30,True,False
PO-2024-17263,2024-04-20,2024-05-17,2024-05-17,SUP-034,Pacific Rim Circuits,China,Electronics,PCB Assembly A-11,Retail Operations,57.85,376,21751.6,Net 60,True,False
PO-2024-17350,2024-04-20,2024-05-10,2024-05-10,SUP-036,Golden Dragon Components,China,Electronics,Microcontroller MCU-9,Retail Operations,8.42,3552,29907.84,Net 60,True,False
PO-2024-17320,2024-04-20,2024-05-10,2024-05-10,SUP-032,Lotus Components,India,Electronics,Power Supply Unit 450W,R&D,66.08,143,9449.44,Net 15,True,False
PO-2024-17289,2024-04-20,2024-05-16,2024-05-16,SUP-032,Lotus Components,India,Electronics,Sensor Module SM-3,Manufacturing,23.47,688,16147.36,Net 60,True,False
PO-2024-17344,2024-04-21,2024-05-06,2024-05-06,SUP-034,Pacific Rim Circuits,China,Electronics,Sensor Module SM-3,Corporate,26.86,126,3384.36,Net 30,True,False
PO-2024-17275,2024-04-21,2024-05-20,2024-05-20,SUP-028,Summit Components,USA,Electronics,Microcontroller MCU-9,Retail Operations,8.77,2881,25266.37,Net 45,True,False
PO-2024-17337,2024-04-22,2024-05-23,2024-05-23,SUP-034,Pacific Rim Circuits,China,Electronics,Power Supply Unit 450W,Retail Operations,76.71,158,12120.18,Net 15,True,False
PO-2024-17251,2024-04-22,2024-05-23,2024-05-23,SUP-028,Summit Components,USA,Electronics,PCB Assembly A-11,Field Services,61.35,233,14294.55,Net 30,False,False
PO-2024-17351,2024-04-22,2024-05-20,2024-05-20,SUP-035,Pacific Rim Semitech,China,Electronics,Connector Kit CK-8,Retail Operations,4.81,3877,18648.37,Net 45,True,False
PO-2024-17321,2024-04-22,2024-05-26,2024-06-13,SUP-029,Great Wall Components,China,Electronics,Power Supply Unit 450W,R&D,73.24,159,11645.16,Net 15,True,False
PO-2024-17278,2024-04-23,2024-05-26,2024-06-05,SUP-029,Great Wall Components,China,Electronics,Sensor Module SM-3,Manufacturing,29.91,594,17766.54,Net 45,True,False
PO-2024-17325,2024-04-23,2024-05-05,2024-05-05,SUP-032,Lotus Components,India,Electronics,PCB Assembly A-11,R&D,50.93,368,18742.24,Net 30,True,False
PO-2024-17340,2024-04-23,2024-05-23,2024-05-23,SUP-036,Golden Dragon Components,China,Electronics,Power Supply Unit 450W,Corporate,79.36,112,8888.32,Net 45,True,False
PO-2024-17354,2024-04-23,2024-05-02,2024-05-02,SUP-032,Lotus Components,India,Electronics,Power Supply Unit 450W,Corporate,67.01,64,4288.64,Net 60,True,False
PO-2024-17269,2024-04-24,2024-05-21,2024-05-21,SUP-033,Busan Components,South Korea,Electronics,Power Supply Unit 450W,Retail Operations,66.09,136,8988.24,Net 45,True,False
PO-2024-17307,2024-04-24,2024-05-23,2024-05-23,SUP-028,Summit Components,USA,Electronics,Microcontroller MCU-9,Manufacturing,8.6,2358,20278.8,Net 30,True,False
PO-2024-17308,2024-04-24,2024-04-30,2024-04-30,SUP-025,Cascade Semitech,USA,Electronics,Microcontroller MCU-9,Retail Operations,8.3,954,7918.2,Net 30,True,False
PO-2024-17313,2024-04-24,2024-05-22,2024-05-22,SUP-022,Redwood Components,USA,Electronics,PCB Assembly A-11,Field Services,52.94,154,8152.76,Net 30,True,False
PO-2024-17277,2024-04-25,2024-04-30,2024-04-30,SUP-034,Pacific Rim Circuits,China,Electronics,PCB Assembly A-11,R&D,56.42,419,23639.98,Net 30,False,False
PO-2024-17281,2024-04-25,2024-05-20,2024-05-20,SUP-025,Cascade Semitech,USA,Electronics,Sensor Module SM-3,Retail Operations,26.76,675,18063.0,Net 45,True,False
PO-2024-17311,2024-04-25,2024-05-25,2024-05-25,SUP-033,Busan Components,South Korea,Electronics,Sensor Module SM-3,Manufacturing,24.52,567,13902.84,Net 60,True,False
PO-2024-17339,2024-04-25,2024-05-12,2024-05-12,SUP-028,Summit Components,USA,Electronics,PCB Assembly A-11,Field Services,57.94,215,12457.1,Net 30,True,False
PO-2024-17264,2024-04-25,2024-04-30,2024-04-30,SUP-028,Summit Components,USA,Electronics,Connector Kit CK-8,Manufacturing,5.12,2471,12651.52,Net 60,True,False
PO-2024-17261,2024-04-25,2024-05-16,2024-05-16,SUP-036,Golden Dragon Components,China,Electronics,Sensor Module SM-3,R&D,26.88,623,16746.24,Net 15,True,False
PO-2024-17241,2024-04-25,2024-05-01,2024-05-01,SUP-022,Redwood Components,USA,Electronics,Power Supply Unit 450W,R&D,63.75,152,9690.0,Net 45,True,False
PO-2024-17270,2024-04-26,2024-05-29,2024-05-29,SUP-032,Lotus Components,India,Electronics,Microcontroller MCU-9,R&D,6.63,4030,26718.9,Net 60,False,False
PO-2024-17359,2024-04-27,2024-05-29,2024-06-18,SUP-029,Great Wall Components,China,Electronics,Power Supply Unit 450W,Manufacturing,65.79,177,11644.83,Net 30,True,False
PO-2024-17252,2024-04-27,2024-05-14,2024-05-14,SUP-022,Redwood Components,USA,Electronics,Connector Kit CK-8,Manufacturing,4.73,1976,9346.48,Net 60,True,False
PO-2024-17272,2024-04-27,2024-05-09,2024-05-09,SUP-032,Lotus Components,India,Electronics,Microcontroller MCU-9,Corporate,7.4,3128,23147.2,Net 45,True,False
PO-2024-17285,2024-04-27,2024-05-15,2024-05-15,SUP-022,Redwood Components,USA,Electronics,Power Supply Unit 450W,Corporate,67.24,161,10825.64,Net 45,True,False
PO-2024-17356,2024-04-27,2024-05-27,2024-05-27,SUP-022,Redwood Components,USA,Electronics,Power Supply Unit 450W,R&D,70.27,277,19464.79,Net 45,True,False
PO-2024-17346,2024-04-28,2024-05-16,2024-05-16,SUP-034,Pacific Rim Circuits,China,Electronics,Sensor Module SM-3,Manufacturing,27.82,696,19362.72,Net 30,True,False
PO-2024-17257,2024-04-28,2024-05-06,2024-05-06,SUP-025,Cascade Semitech,USA,Electronics,Microcontroller MCU-9,Corporate,9.25,626,5790.5,Net 30,True,False
PO-2024-17256,2024-04-29,2024-05-17,2024-05-17,SUP-033,Busan Components,South Korea,Electronics,Connector Kit CK-8,R&D,4.47,2166,9682.02,Net 30,True,False
PO-2024-17296,2024-04-29,2024-05-30,2024-05-30,SUP-036,Golden Dragon Components,China,Electronics,Sensor Module SM-3,Field Services,27.38,958,26230.04,Net 15,False,False
PO-2024-17358,2024-04-29,2024-05-05,2024-05-05,SUP-034,Pacific Rim Circuits,China,Electronics,PCB Assembly A-11,R&D,57.75,543,31358.25,Net 60,True,False
PO-2024-17357,2024-04-29,2024-05-29,2024-05-29,SUP-036,Golden Dragon Components,China,Electronics,Connector Kit CK-8,Retail Operations,5.36,3051,16353.36,Net 15,True,False
PO-2024-17334,2024-04-29,2024-05-31,2024-06-04,SUP-029,Great Wall Components,China,Electronics,Connector Kit CK-8,Manufacturing,5.02,2494,12519.88,Net 30,False,False
PO-2024-17315,2024-04-29,2024-06-02,2024-06-02,SUP-035,Pacific Rim Semitech,China,Electronics,PCB Assembly A-11,Field Services,56.43,327,18452.61,Net 45,False,False
PO-2024-17297,2024-04-30,2024-05-19,2024-05-19,SUP-027,Golden Dragon Circuits,China,Electronics,PCB Assembly A-11,Corporate,54.77,345,18895.65,Net 60,True,False
PO-2024-17267,2024-04-30,2024-05-13,2024-05-13,SUP-028,Summit Components,USA,Electronics,PCB Assembly A-11,Field Services,57.05,454,25900.7,Net 15,True,False
PO-2024-17318,2024-04-30,2024-05-29,2024-05-29,SUP-028,Summit Components,USA,Electronics,Power Supply Unit 450W,Manufacturing,73.66,40,2946.4,Net 30,True,False
PO-2024-17262,2024-04-30,2024-06-02,2024-06-02,SUP-022,Redwood Components,USA,Electronics,Microcontroller MCU-9,Retail Operations,7.85,2783,21846.55,Net 45,False,False
PO-2024-17329,2024-04-30,2024-05-26,2024-05-26,SUP-028,Summit Components,USA,Electronics,Sensor Module SM-3,Field Services,30.05,874,26263.7,Net 45,False,False
PO-2024-17341,2024-04-30,2024-05-14,2024-05-14,SUP-036,Golden Dragon Components,China,Electronics,Sensor Module SM-3,Retail Operations,25.9,471,12198.9,Net 60,False,False
PO-2024-17348,2024-04-30,2024-05-08,2024-05-08,SUP-034,Pacific Rim Circuits,China,Electronics,Power Supply Unit 450W,Manufacturing,79.47,166,13192.02,Net 45,True,False
PO-2024-17363,2024-04-30,2024-05-29,2024-05-29,SUP-025,Cascade Semitech,USA,Electronics,Microcontroller MCU-9,Corporate,8.57,1382,11843.74,Net 15,True,False
PO-2024-18279,2024-05-01,2024-05-07,2024-05-07,SUP-028,Summit Components,USA,Electronics,Connector Kit CK-8,Manufacturing,4.9,1730,8477.0,Net 45,False,False
PO-2024-18325,2024-05-01,2024-05-26,2024-05-29,SUP-025,Cascade Semitech,USA,Electronics,Sensor Module SM-3,Field Services,25.78,463,11936.14,Net 45,True,False
PO-2024-18377,2024-05-01,2024-05-22,2024-05-22,SUP-034,Pacific Rim Circuits,China,Electronics,Sensor Module SM-3,Manufacturing,27.72,519,14386.68,Net 45,True,False
PO-2024-18388,2024-05-01,2024-05-30,2024-06-12,SUP-029,Great Wall Components,China,Electronics,Microcontroller MCU-9,R&D,7.81,1353,10566.93,Net 30,True,False
PO-2024-18381,2024-05-01,2024-05-07,2024-05-07,SUP-032,Lotus Components,India,Electronics,PCB Assembly A-11,R&D,50.47,434,21903.98,Net 30,True,False
PO-2024-18378,2024-05-01,2024-05-31,2024-05-31,SUP-022,Redwood Components,USA,Electronics,PCB Assembly A-11,Manufacturing,59.14,675,39919.5,Net 60,True,False
PO-2024-18291,2024-05-02,2024-06-05,2024-06-05,SUP-032,Lotus Components,India,Electronics,Power Supply Unit 450W,Retail Operations,69.26,183,12674.58,Net 30,True,False
PO-2024-18327,2024-05-03,2024-05-29,2024-05-29,SUP-026,Great Wall Circuits,China,Electronics,Microcontroller MCU-9,Retail Operations,8.97,2660,23860.2,Net 45,True,False
PO-2024-18335,2024-05-03,2024-05-21,2024-05-21,SUP-036,Golden Dragon Components,China,Electronics,Sensor Module SM-3,R&D,26.82,730,19578.6,Net 60,True,False
PO-2024-18394,2024-05-03,2024-05-11,2024-05-11,SUP-025,Cascade Semitech,USA,Electronics,Microcontroller MCU-9,Manufacturing,8.29,1675,13885.75,Net 30,True,False
PO-2024-18303,2024-05-03,2024-05-15,2024-05-17,SUP-032,Lotus Components,India,Electronics,Sensor Module SM-3,Field Services,23.74,835,19822.9,Net 45,True,False
PO-2024-18313,2024-05-04,2024-05-12,2024-05-12,SUP-036,Golden Dragon Components,China,Electronics,PCB Assembly A-11,Manufacturing,64.78,206,13344.68,Net 30,True,False
PO-2024-18356,2024-05-04,2024-06-05,2024-06-05,SUP-025,Cascade Semitech,USA,Electronics,Power Supply Unit 450W,Corporate,77.47,167,12937.49,Net 45,True,False
PO-2024-18352,2024-05-04,2024-05-14,2024-05-14,SUP-024,Sterling Components,USA,Electronics,Connector Kit CK-8,Field Services,5.28,3490,18427.2,Net 30,False,False
PO-2024-18274,2024-05-04,2024-06-02,2024-06-02,SUP-028,Summit Components,USA,Electronics,Power Supply Unit 450W,Field Services,78.13,150,11719.5,Net 30,False,False
PO-2024-18350,2024-05-04,2024-05-11,2024-05-11,SUP-032,Lotus Components,India,Electronics,Power Supply Unit 450W,R&D,59.41,121,7188.61,Net 45,True,True
PO-2024-18343,2024-05-04,2024-05-16,2024-05-16,SUP-032,Lotus Components,India,Electronics,Connector Kit CK-8,Field Services,4.07,1617,6581.19,Net 30,True,False
PO-2024-18341,2024-05-04,2024-05-20,2024-05-20,SUP-028,Summit Components,USA,Electronics,Connector Kit CK-8,Manufacturing,4.78,2747,13130.66,Net 30,True,False
PO-2024-18336,2024-05-04,2024-05-10,2024-05-10,SUP-034,Pacific Rim Circuits,China,Electronics,PCB Assembly A-11,R&D,58.26,186,10836.36,Net 30,False,False
PO-2024-18330,2024-05-04,2024-06-07,2024-06-07,SUP-028,Summit Components,USA,Electronics,Microcontroller MCU-9,Retail Operations,8.68,2706,23488.08,Net 30,True,False
PO-2024-18361,2024-05-05,2024-05-17,2024-05-18,SUP-032,Lotus Components,India,Electronics,Sensor Module SM-3,R&D,24.21,936,22660.56,Net 60,True,False
PO-2024-18310,2024-05-05,2024-05-26,2024-05-26,SUP-028,Summit Components,USA,Electronics,Connector Kit CK-8,Field Services,5.02,1398,7017.96,Net 45,True,False
PO-2024-18324,2024-05-05,2024-05-24,2024-05-31,SUP-029,Great Wall Components,China,Electronics,Sensor Module SM-3,Corporate,33.67,589,19831.63,Net 30,True,False
PO-2024-18386,2024-05-05,2024-05-24,2024-05-24,SUP-028,Summit Components,USA,Electronics,Microcontroller MCU-9,Field Services,8.83,2317,20459.11,Net 60,False,False
PO-2024-18276,2024-05-05,2024-06-01,2024-06-01,SUP-027,Golden Dragon Circuits,China,Electronics,PCB Assembly A-11,Field Services,56.05,426,23877.3,Net 15,True,False
PO-2024-18338,2024-05-05,2024-05-26,2024-06-08,SUP-029,Great Wall Components,China,Electronics,Microcontroller MCU-9,R&D,8.06,3101,24994.06,Net 45,True,False
PO-2024-18275,2024-05-06,2024-05-14,2024-05-14,SUP-028,Summit Components,USA,Electronics,Sensor Module SM-3,Corporate,26.78,188,5034.64,Net 45,True,False
PO-2024-18364,2024-05-06,2024-06-01,2024-06-02,SUP-022,Redwood Components,USA,Electronics,Microcontroller MCU-9,R&D,7.45,1550,11547.5,Net 15,False,False
PO-2024-18345,2024-05-06,2024-06-09,2024-06-09,SUP-034,Pacific Rim Circuits,China,Electronics,Power Supply Unit 450W,Field Services,72.87,185,13480.95,Net 45,True,False
PO-2024-18329,2024-05-06,2024-06-04,2024-06-04,SUP-025,Cascade Semitech,USA,Electronics,Connector Kit CK-8,Field Services,4.88,1713,8359.44,Net 15,True,False
PO-2024-18300,2024-05-06,2024-05-24,2024-05-25,SUP-034,Pacific Rim Circuits,China,Electronics,Connector Kit CK-8,R&D,4.9,1034,5066.6,Net 30,True,False
PO-2024-18315,2024-05-07,2024-05-31,2024-05-31,SUP-023,Schwarzwald Circuits,Germany,Electronics,Sensor Module SM-3,Field Services,23.28,805,18740.4,Net 45,False,True
PO-2024-18293,2024-05-07,2024-06-01,2024-06-01,SUP-036,Golden Dragon Components,China,Electronics,Microcontroller MCU-9,Manufacturing,8.29,3142,26047.18,Net 45,True,False
PO-2024-18318,2024-05-07,2024-05-28,2024-05-28,SUP-024,Sterling Components,USA,Electronics,Microcontroller MCU-9,Field Services,8.75,2233,19538.75,Net 30,False,False
PO-2024-18304,2024-05-08,2024-06-07,2024-06-07,SUP-028,Summit Components,USA,Electronics,Sensor Module SM-3,Retail Operations,29.35,518,15203.3,Net 30,True,False
PO-2024-18397,2024-05-08,2024-05-14,2024-05-14,SUP-032,Lotus Components,India,Electronics,Sensor Module SM-3,Retail Operations,23.92,343,8204.56,Net 60,True,False
PO-2024-18380,2024-05-08,2024-05-27,2024-05-27,SUP-032,Lotus Components,India,Electronics,Microcontroller MCU-9,Corporate,7.59,4446,33745.14,Net 45,True,False
PO-2024-18322,2024-05-08,2024-05-19,2024-05-19,SUP-032,Lotus Components,India,Electronics,PCB Assembly A-11,Field Services,51.44,320,16460.8,Net 30,False,False
PO-2024-18332,2024-05-09,2024-05-30,2024-05-30,SUP-033,Busan Components,South Korea,Electronics,Microcontroller MCU-9,Corporate,7.33,2635,19314.55,Net 30,True,False
PO-2024-18278,2024-05-09,2024-05-21,2024-05-21,SUP-035,Pacific Rim Semitech,China,Electronics,PCB Assembly A-11,Manufacturing,58.72,530,31121.6,Net 30,True,False
PO-2024-18282,2024-05-09,2024-06-01,2024-06-01,SUP-024,Sterling Components,USA,Electronics,Sensor Module SM-3,R&D,26.98,643,17348.14,Net 30,True,False
PO-2024-18353,2024-05-10,2024-05-22,2024-05-22,SUP-028,Summit Components,USA,Electronics,Connector Kit CK-8,Retail Operations,4.9,2790,13671.0,Net 45,True,False
PO-2024-18290,2024-05-10,2024-05-26,2024-06-06,SUP-029,Great Wall Components,China,Electronics,Microcontroller MCU-9,Field Services,6.97,2804,19543.88,Net 60,True,False
PO-2024-18307,2024-05-10,2024-05-20,2024-05-20,SUP-034,Pacific Rim Circuits,China,Electronics,Microcontroller MCU-9,Manufacturing,8.23,2443,20105.89,Net 30,True,False
PO-2024-18289,2024-05-11,2024-06-03,2024-06-03,SUP-036,Golden Dragon Components,China,Electronics,Microcontroller MCU-9,Field Services,8.75,3352,29330.0,Net 45,True,False
PO-2024-18393,2024-05-11,2024-06-05,2024-06-05,SUP-024,Sterling Components,USA,Electronics,Connector Kit CK-8,Manufacturing,4.64,2870,13316.8,Net 15,True,False
PO-2024-18344,2024-05-11,2024-05-31,2024-05-31,SUP-035,Pacific Rim Semitech,China,Electronics,Power Supply Unit 450W,Manufacturing,71.84,209,15014.56,Net 45,True,False
PO-2024-18270,2024-05-12,2024-06-04,2024-06-04,SUP-028,Summit Components,USA,Electronics,Power Supply Unit 450W,Retail Operations,75.6,133,10054.8,Net 15,True,False
PO-2024-18346,2024-05-12,2024-06-15,2024-06-15,SUP-034,Pacific Rim Circuits,China,Electronics,Microcontroller MCU-9,Retail Operations,7.99,1701,13590.99,Net 45,True,False
PO-2024-18379,2024-05-12,2024-06-04,2024-06-04,SUP-024,Sterling Components,USA,Electronics,Power Supply Unit 450W,Field Services,70.2,100,7020.0,Net 15,True,False
PO-2024-18366,2024-05-12,2024-05-27,2024-05-27,SUP-025,Cascade Semitech,USA,Electronics,Microcontroller MCU-9,Field Services,9.56,2063,19722.28,Net 30,True,False
PO-2024-18367,2024-05-12,2024-05-18,2024-05-18,SUP-025,Cascade Semitech,USA,Electronics,Connector Kit CK-8,Corporate,5.02,2929,14703.58,Net 30,True,False
PO-2024-18321,2024-05-13,2024-06-03,2024-06-03,SUP-033,Busan Components,South Korea,Electronics,Sensor Module SM-3,Corporate,24.02,671,16117.42,Net 15,True,False
PO-2024-18391,2024-05-13,2024-06-02,2024-06-02,SUP-028,Summit Components,USA,Electronics,Sensor Module SM-3,Field Services,27.6,625,17250.0,Net 45,True,False
PO-2024-18284,2024-05-13,2024-06-02,2024-06-05,SUP-028,Summit Components,USA,Electronics,Sensor Module SM-3,Field Services,26.15,444,11610.6,Net 30,True,False
PO-2024-18385,2024-05-14,2024-06-10,2024-06-10,SUP-022,Redwood Components,USA,Electronics,PCB Assembly A-11,R&D,56.26,489,27511.14,Net 60,True,False
PO-2024-18302,2024-05-14,2024-06-08,2024-06-08,SUP-036,Golden Dragon Components,China,Electronics,Power Supply Unit 450W,R&D,73.48,141,10360.68,Net 45,True,False
PO-2024-18299,2024-05-14,2024-05-25,2024-05-25,SUP-036,Golden Dragon Components,China,Electronics,Power Supply Unit 450W,Retail Operations,85.62,155,13271.1,Net 45,True,False
PO-2024-18297,2024-05-15,2024-05-21,2024-05-21,SUP-025,Cascade Semitech,USA,Electronics,Sensor Module SM-3,Field Services,26.88,689,18520.32,Net 30,True,False
PO-2024-18372,2024-05-15,2024-05-26,2024-05-26,SUP-025,Cascade Semitech,USA,Electronics,Connector Kit CK-8,Corporate,4.93,3523,17368.39,Net 30,True,False
PO-2024-18269,2024-05-15,2024-05-27,2024-05-27,SUP-034,Pacific Rim Circuits,China,Electronics,Connector Kit CK-8,R&D,4.76,5678,27027.28,Net 45,False,False
PO-2024-18354,2024-05-15,2024-06-03,2024-06-03,SUP-024,Sterling Components,USA,Electronics,Sensor Module SM-3,R&D,26.77,715,19140.55,Net 30,False,False
PO-2024-18337,2024-05-15,2024-05-30,2024-05-30,SUP-029,Great Wall Components,China,Electronics,Power Supply Unit 450W,Field Services,97.95,110,10774.5,Net 30,True,False
PO-2024-18316,2024-05-15,2024-05-26,2024-05-26,SUP-028,Summit Components,USA,Electronics,PCB Assembly A-11,Corporate,60.99,460,28055.4,Net 45,True,False
PO-2024-18389,2024-05-16,2024-05-30,2024-05-30,SUP-025,Cascade Semitech,USA,Electronics,Sensor Module SM-3,Manufacturing,28.44,242,6882.48,Net 30,True,False
PO-2024-18365,2024-05-16,2024-05-29,2024-06-03,SUP-036,Golden Dragon Components,China,Electronics,PCB Assembly A-11,Corporate,60.59,354,21448.86,Net 45,True,False
PO-2024-18301,2024-05-16,2024-06-17,2024-06-17,SUP-034,Pacific Rim Circuits,China,Electronics,Power Supply Unit 450W,Corporate,74.65,161,12018.65,Net 30,True,False
PO-2024-18368,2024-05-17,2024-06-01,2024-06-01,SUP-022,Redwood Components,USA,Electronics,PCB Assembly A-11,R&D,52.56,501,26332.56,Net 45,False,False
PO-2024-18271,2024-05-17,2024-05-24,2024-05-24,SUP-034,Pacific Rim Circuits,China,Electronics,Power Supply Unit 450W,Corporate,74.36,181,13459.16,Net 15,True,False
PO-2024-18375,2024-05-17,2024-05-23,2024-05-23,SUP-025,Cascade Semitech,USA,Electronics,Microcontroller MCU-9,Manufacturing,9.06,2248,20366.88,Net 45,True,False
PO-2024-18351,2024-05-18,2024-06-15,2024-06-15,SUP-030,Sterling Semitech,USA,Electronics,PCB Assembly A-11,Corporate,54.44,494,26893.36,Net 30,True,False
PO-2024-18314,2024-05-19,2024-06-14,2024-06-19,SUP-034,Pacific Rim Circuits,China,Electronics,Microcontroller MCU-9,Corporate,7.78,1732,13474.96,Net 45,True,False
PO-2024-18382,2024-05-19,2024-05-29,2024-05-29,SUP-036,Golden Dragon Components,China,Electronics,Sensor Module SM-3,Manufacturing,26.93,476,12818.68,Net 30,True,False
PO-2024-18396,2024-05-20,2024-05-31,2024-05-31,SUP-025,Cascade Semitech,USA,Electronics,Microcontroller MCU-9,Manufacturing,8.96,2453,21978.88,Net 45,True,False
PO-2024-18272,2024-05-20,2024-06-01,2024-06-01,SUP-032,Lotus Components,India,Electronics,PCB Assembly A-11,Manufacturing,44.86,441,19783.26,Net 45,True,False
PO-2024-18369,2024-05-20,2024-06-10,2024-06-10,SUP-028,Summit Components,USA,Electronics,Sensor Module SM-3,Field Services,29.99,385,11546.15,Net 45,False,False
PO-2024-18292,2024-05-20,2024-06-01,2024-06-05,SUP-032,Lotus Components,India,Electronics,Connector Kit CK-8,Field Services,4.5,3718,16731.0,Net 60,True,False
PO-2024-18362,2024-05-21,2024-06-14,2024-06-14,SUP-028,Summit Components,USA,Electronics,PCB Assembly A-11,Corporate,59.3,327,19391.1,Net 45,True,False
PO-2024-18331,2024-05-21,2024-06-18,2024-06-18,SUP-028,Summit Components,USA,Electronics,PCB Assembly A-11,Corporate,52.93,290,15349.7,Net 30,True,False
PO-2024-18328,2024-05-21,2024-06-24,2024-06-24,SUP-028,Summit Components,USA,Electronics,Connector Kit CK-8,Field Services,4.9,2486,12181.4,Net 30,False,False
PO-2024-18333,2024-05-21,2024-06-09,2024-06-09,SUP-025,Cascade Semitech,USA,Electronics,Power Supply Unit 450W,R&D,74.05,156,11551.8,Net 30,True,False
PO-2024-18348,2024-05-22,2024-06-20,2024-06-20,SUP-032,Lotus Components,India,Electronics,Power Supply Unit 450W,Manufacturing,63.32,212,13423.84,Net 30,True,False
PO-2024-18347,2024-05-22,2024-05-30,2024-05-30,SUP-036,Golden Dragon Components,China,Electronics,Microcontroller MCU-9,R&D,8.97,1819,16316.43,Net 45,True,False
PO-2024-18285,2024-05-22,2024-06-22,2024-06-22,SUP-028,Summit Components,USA,Electronics,Microcontroller MCU-9,R&D,8.49,2372,20138.28,Net 30,True,False
PO-2024-18311,2024-05-22,2024-06-19,2024-06-19,SUP-025,Cascade Semitech,USA,Electronics,Microcontroller MCU-9,Retail Operations,8.76,1648,14436.48,Net 30,True,False
PO-2024-18286,2024-05-22,2024-06-03,2024-06-03,SUP-032,Lotus Components,India,Electronics,Connector Kit CK-8,Manufacturing,4.14,1555,6437.7,Net 45,True,False
PO-2024-18387,2024-05-22,2024-06-04,2024-06-04,SUP-032,Lotus Components,India,Electronics,Connector Kit CK-8,R&D,4.09,2933,11995.97,Net 45,True,False
PO-2024-18326,2024-05-22,2024-06-11,2024-06-11,SUP-027,Golden Dragon Circuits,China,Electronics,Sensor Module SM-3,R&D,26.86,717,19258.62,Net 45,False,False
PO-2024-18339,2024-05-23,2024-05-31,2024-05-31,SUP-028,Summit Components,USA,Electronics,Sensor Module SM-3,Retail Operations,27.54,707,19470.78,Net 60,True,False
PO-2024-18268,2024-05-23,2024-06-21,2024-06-21,SUP-036,Golden Dragon Components,China,Electronics,Sensor Module SM-3,Retail Operations,28.34,751,21283.34,Net 45,True,False
PO-2024-18281,2024-05-24,2024-06-11,2024-06-11,SUP-022,Redwood Components,USA,Electronics,PCB Assembly A-11,Corporate,50.1,274,13727.4,Net 45,True,False
PO-2024-18383,2024-05-24,2024-06-22,2024-06-23,SUP-032,Lotus Components,India,Electronics,Power Supply Unit 450W,R&D,64.07,182,11660.74,Net 30,True,False
PO-2024-18370,2024-05-24,2024-06-17,2024-06-17,SUP-032,Lotus Components,India,Electronics,Connector Kit CK-8,Retail Operations,4.2,2968,12465.6,Net 45,True,False
PO-2024-18363,2024-05-24,2024-06-06,2024-06-06,SUP-036,Golden Dragon Components,China,Electronics,Connector Kit CK-8,Corporate,5.37,4633,24879.21,Net 45,True,False
PO-2024-18359,2024-05-24,2024-06-26,2024-06-26,SUP-025,Cascade Semitech,USA,Electronics,Power Supply Unit 450W,Field Services,79.88,200,15976.0,Net 45,True,False
PO-2024-18349,2024-05-24,2024-06-16,2024-06-16,SUP-033,Busan Components,South Korea,Electronics,Microcontroller MCU-9,Retail Operations,7.98,1926,15369.48,Net 30,True,False
PO-2024-18312,2024-05-25,2024-06-01,2024-06-01,SUP-028,Summit Components,USA,Electronics,PCB Assembly A-11,Manufacturing,60.6,522,31633.2,Net 45,True,False
PO-2024-18288,2024-05-25,2024-06-01,2024-06-01,SUP-034,Pacific Rim Circuits,China,Electronics,Sensor Module SM-3,Retail Operations,26.15,655,17128.25,Net 45,True,False
PO-2024-18358,2024-05-25,2024-06-03,2024-06-03,SUP-027,Golden Dragon Circuits,China,Electronics,Microcontroller MCU-9,Corporate,8.13,1955,15894.15,Net 60,True,False
PO-2024-18283,2024-05-25,2024-06-07,2024-06-14,SUP-029,Great Wall Components,China,Electronics,Connector Kit CK-8,Corporate,5.43,4626,25119.18,Net 45,True,False
PO-2024-18360,2024-05-25,2024-06-21,2024-06-22,SUP-026,Great Wall Circuits,China,Electronics,Connector Kit CK-8,Retail Operations,5.02,1640,8232.8,Net 45,True,False
PO-2024-18395,2024-05-25,2024-06-02,2024-06-02,SUP-036,Golden Dragon Components,China,Electronics,Microcontroller MCU-9,Retail Operations,8.74,3774,32984.76,Net 30,True,False
PO-2024-18287,2024-05-25,2024-06-11,2024-06-11,SUP-024,Sterling Components,USA,Electronics,Sensor Module SM-3,Retail Operations,27.43,721,19777.03,Net 30,True,False
PO-2024-18295,2024-05-26,2024-06-08,2024-06-11,SUP-028,Summit Components,USA,Electronics,Microcontroller MCU-9,Corporate,7.66,2152,16484.32,Net 45,True,True
PO-2024-18317,2024-05-26,2024-06-13,2024-06-13,SUP-036,Golden Dragon Components,China,Electronics,PCB Assembly A-11,Corporate,60.48,678,41005.44,Net 45,True,False
PO-2024-18319,2024-05-26,2024-06-19,2024-06-19,SUP-022,Redwood Components,USA,Electronics,Connector Kit CK-8,Manufacturing,4.82,3716,17911.12,Net 45,True,False
PO-2024-18334,2024-05-27,2024-06-01,2024-06-01,SUP-036,Golden Dragon Components,China,Electronics,Power Supply Unit 450W,Field Services,78.77,181,14257.37,Net 60,True,False
PO-2024-18308,2024-05-27,2024-06-24,2024-06-24,SUP-025,Cascade Semitech,USA,Electronics,Power Supply Unit 450W,R&D,74.09,207,15336.63,Net 30,True,False
PO-2024-18323,2024-05-27,2024-06-24,2024-07-01,SUP-034,Pacific Rim Circuits,China,Electronics,Microcontroller MCU-9,Retail Operations,8.64,980,8467.2,Net 30,True,False
PO-2024-18296,2024-05-27,2024-06-22,2024-06-26,SUP-034,Pacific Rim Circuits,China,Electronics,Microcontroller MCU-9,Corporate,8.67,3166,27449.22,Net 45,True,False
PO-2024-18355,2024-05-27,2024-06-11,2024-06-11,SUP-032,Lotus Components,India,Electronics,Power Supply Unit 450W,Field Services,65.91,214,14104.74,Net 45,True,False
PO-2024-18390,2024-05-27,2024-06-07,2024-06-07,SUP-025,Cascade Semitech,USA,Electronics,Connector Kit CK-8,Field Services,4.91,3105,15245.55,Net 30,True,False
PO-2024-18340,2024-05-27,2024-06-17,2024-06-17,SUP-032,Lotus Components,India,Electronics,Power Supply Unit 450W,Corporate,64.56,66,4260.96,Net 15,True,False
PO-2024-18398,2024-05-28,2024-06-02,2024-06-02,SUP-022,Redwood Components,USA,Electronics,PCB Assembly A-11,Retail Operations,55.67,399,22212.33,Net 45,True,False
PO-2024-18342,2024-05-28,2024-06-22,2024-07-09,SUP-029,Great Wall Components,China,Electronics,PCB Assembly A-11,R&D,43.94,481,21135.14,Net 30,True,False
PO-2024-18374,2024-05-28,2024-06-22,2024-06-22,SUP-036,Golden Dragon Components,China,Electronics,Power Supply Unit 450W,Manufacturing,75.3,149,11219.7,Net 30,True,False
PO-2024-18384,2024-05-29,2024-06-18,2024-06-21,SUP-032,Lotus Components,India,Electronics,Sensor Module SM-3,R&D,22.59,761,17190.99,Net 30,True,False
PO-2024-18280,2024-05-29,2024-06-21,2024-06-21,SUP-032,Lotus Components,India,Electronics,Power Supply Unit 450W,Retail Operations,69.08,163,11260.04,Net 45,True,False
PO-2024-18306,2024-05-29,2024-06-18,2024-06-18,SUP-033,Busan Components,South Korea,Electronics,Power Supply Unit 450W,Manufacturing,64.96,186,12082.56,Net 30,True,False
PO-2024-18305,2024-05-29,2024-06-06,2024-06-06,SUP-025,Cascade Semitech,USA,Electronics,Sensor Module SM-3,Field Services,27.18,735,19977.3,Net 45,True,False
PO-2024-18273,2024-05-29,2024-06-20,2024-06-20,SUP-022,Redwood Components,USA,Electronics,Power Supply Unit 450W,R&D,63.88,115,7346.2,Net 30,True,False
PO-2024-18277,2024-05-29,2024-06-07,2024-06-07,SUP-033,Busan Components,South Korea,Electronics,Sensor Module SM-3,Field Services,21.5,771,16576.5,Net 45,True,False
PO-2024-18373,2024-05-29,2024-06-17,2024-06-17,SUP-034,Pacific Rim Circuits,China,Electronics,PCB Assembly A-11,Field Services,55.5,513,28471.5,Net 45,True,False
PO-2024-18294,2024-05-29,2024-06-20,2024-06-20,SUP-025,Cascade Semitech,USA,Electronics,Sensor Module SM-3,Manufacturing,26.96,823,22188.08,Net 60,True,False
PO-2024-18298,2024-05-30,2024-06-09,2024-06-09,SUP-035,Pacific Rim Semitech,China,Electronics,Microcontroller MCU-9,Field Services,8.6,2524,21706.4,Net 30,False,False
PO-2024-18371,2024-05-30,2024-07-03,2024-07-03,SUP-025,Cascade Semitech,USA,Electronics,Connector Kit CK-8,R&D,5.32,2948,15683.36,Net 30,True,False
PO-2024-18309,2024-05-31,2024-06-10,2024-06-12,SUP-028,Summit Components,USA,Electronics,Power Supply Unit 450W,Manufacturing,80.42,142,11419.64,Net 15,True,False
PO-2024-18320,2024-05-31,2024-06-16,2024-06-21,SUP-032,Lotus Components,India,Electronics,PCB Assembly A-11,Manufacturing,50.79,450,22855.5,Net 15,True,False
PO-2024-18267,2024-05-31,2024-06-05,2024-06-05,SUP-025,Cascade Semitech,USA,Electronics,Power Supply Unit 450W,Corporate,80.32,85,6827.2,Net 30,True,False
PO-2024-18357,2024-05-31,2024-06-26,2024-06-26,SUP-033,Busan Components,South Korea,Electronics,PCB Assembly A-11,Retail Operations,46.37,454,21051.98,Net 45,True,False
PO-2024-18376,2024-05-31,2024-06-19,2024-06-19,SUP-022,Redwood Components,USA,Electronics,PCB Assembly A-11,Field Services,58.91,587,34580.17,Net 30,True,False
PO-2024-18392,2024-05-31,2024-06-05,2024-06-05,SUP-031,Hanseatic Circuits,Germany,Electronics,Microcontroller MCU-9,R&D,8.25,3150,25987.5,Net 30,True,False
PO-2024-19309,2024-06-01,2024-06-15,2024-06-24,SUP-029,Great Wall Components,China,Electronics,PCB Assembly A-11,R&D,51.14,1,51.14,Net 30,True,False
PO-2024-19299,2024-06-01,2024-07-03,2024-07-03,SUP-032,Lotus Components,India,Electronics,Power Supply Unit 450W,Retail Operations,66.73,118,7874.14,Net 30,True,False
PO-2024-19298,2024-06-01,2024-07-04,2024-07-04,SUP-028,Summit Components,USA,Electronics,Connector Kit CK-8,Retail Operations,5.41,3714,20092.74,Net 60,True,False
PO-2024-19310,2024-06-01,2024-06-11,2024-06-11,SUP-036,Golden Dragon Components,China,Electronics,Microcontroller MCU-9,R&D,9.4,556,5226.4,Net 45,False,False
PO-2024-19336,2024-06-01,2024-07-04,2024-07-13,SUP-029,Great Wall Components,China,Electronics,Power Supply Unit 450W,Manufacturing,66.64,167,11128.88,Net 30,True,False
PO-2024-19288,2024-06-01,2024-06-10,2024-06-10,SUP-022,Redwood Components,USA,Electronics,Sensor Module SM-3,Manufacturing,25.77,688,17729.76,Net 30,True,False
PO-2024-19318,2024-06-01,2024-06-20,2024-07-02,SUP-029,Great Wall Components,China,Electronics,Connector Kit CK-8,Corporate,4.44,4193,18616.92,Net 30,True,False
PO-2024-19291,2024-06-01,2024-06-14,2024-06-14,SUP-035,Pacific Rim Semitech,China,Electronics,PCB Assembly A-11,Field Services,56.35,392,22089.2,Net 30,True,False
PO-2024-19282,2024-06-01,2024-06-30,2024-06-30,SUP-022,Redwood Components,USA,Electronics,Microcontroller MCU-9,Field Services,8.18,2882,23574.76,Net 45,False,False
PO-2024-19231,2024-06-01,2024-06-25,2024-06-25,SUP-022,Redwood Components,USA,Electronics,Power Supply Unit 450W,Field Services,73.06,248,18118.88,Net 30,False,False
PO-2024-19232,2024-06-01,2024-07-05,2024-07-06,SUP-024,Sterling Components,USA,Electronics,Power Supply Unit 450W,Field Services,74.05,142,10515.1,Net 45,True,False
PO-2024-19246,2024-06-01,2024-06-28,2024-06-28,SUP-032,Lotus Components,India,Electronics,Power Supply Unit 450W,R&D,68.16,157,10701.12,Net 45,False,False
PO-2024-19270,2024-06-01,2024-06-08,2024-06-08,SUP-032,Lotus Components,India,Electronics,Connector Kit CK-8,Field Services,4.4,3291,14480.4,Net 60,True,False
PO-2024-19311,2024-06-02,2024-06-08,2024-06-09,SUP-034,Pacific Rim Circuits,China,Electronics,Sensor Module SM-3,R&D,24.63,512,12610.56,Net 45,True,False
PO-2024-19294,2024-06-02,2024-06-22,2024-06-22,SUP-025,Cascade Semitech,USA,Electronics,Power Supply Unit 450W,R&D,75.69,97,7341.93,Net 30,True,False
PO-2024-19295,2024-06-02,2024-06-25,2024-06-25,SUP-034,Pacific Rim Circuits,China,Electronics,Microcontroller MCU-9,Field Services,8.47,1644,13924.68,Net 30,True,False
PO-2024-19215,2024-06-02,2024-06-18,2024-06-19,SUP-024,Sterling Components,USA,Electronics,PCB Assembly A-11,Corporate,55.79,676,37714.04,Net 60,True,False
PO-2024-19301,2024-06-03,2024-07-06,2024-07-07,SUP-034,Pacific Rim Circuits,China,Electronics,Power Supply Unit 450W,Corporate,66.1,201,13286.1,Net 30,True,False
PO-2024-19221,2024-06-03,2024-06-21,2024-06-21,SUP-036,Golden Dragon Components,China,Electronics,Connector Kit CK-8,Corporate,5.34,5849,31233.66,Net 45,True,False
PO-2024-19269,2024-06-03,2024-06-10,2024-06-10,SUP-023,Schwarzwald Circuits,Germany,Electronics,Microcontroller MCU-9,Manufacturing,7.87,1456,11458.72,Net 45,False,False
PO-2024-19289,2024-06-04,2024-06-27,2024-06-27,SUP-034,Pacific Rim Circuits,China,Electronics,Sensor Module SM-3,R&D,26.59,453,12045.27,Net 30,True,False
PO-2024-19341,2024-06-04,2024-06-16,2024-06-16,SUP-024,Sterling Components,USA,Electronics,PCB Assembly A-11,Field Services,61.44,324,19906.56,Net 45,False,False
PO-2024-19316,2024-06-04,2024-06-09,2024-06-09,SUP-028,Summit Components,USA,Electronics,Microcontroller MCU-9,R&D,9.13,1849,16881.37,Net 15,False,False
PO-2024-19207,2024-06-05,2024-07-03,2024-07-03,SUP-025,Cascade Semitech,USA,Electronics,Microcontroller MCU-9,R&D,8.62,2428,20929.36,Net 15,False,False
PO-2024-19251,2024-06-05,2024-06-20,2024-06-20,SUP-033,Busan Components,South Korea,Electronics,Power Supply Unit 450W,Field Services,64.7,152,9834.4,Net 60,True,False
PO-2024-19244,2024-06-05,2024-06-11,2024-06-11,SUP-028,Summit Components,USA,Electronics,PCB Assembly A-11,Retail Operations,64.08,390,24991.2,Net 30,True,False
PO-2024-19275,2024-06-05,2024-07-09,2024-07-09,SUP-032,Lotus Components,India,Electronics,PCB Assembly A-11,Field Services,48.94,530,25938.2,Net 30,False,False
PO-2024-19217,2024-06-06,2024-06-16,2024-06-16,SUP-034,Pacific Rim Circuits,China,Electronics,Microcontroller MCU-9,Retail Operations,8.28,1383,11451.24,Net 30,True,False
PO-2024-19209,2024-06-06,2024-06-24,2024-06-24,SUP-028,Summit Components,USA,Electronics,PCB Assembly A-11,Field Services,62.69,54,3385.26,Net 45,True,False
PO-2024-19306,2024-06-06,2024-06-30,2024-06-30,SUP-036,Golden Dragon Components,China,Electronics,Microcontroller MCU-9,Corporate,10.6,1545,16377.0,Net 45,True,False
PO-2024-19331,2024-06-06,2024-06-24,2024-06-24,SUP-028,Summit Components,USA,Electronics,Microcontroller MCU-9,Field Services,9.06,1534,13898.04,Net 30,False,False
PO-2024-19277,2024-06-06,2024-06-29,2024-06-29,SUP-032,Lotus Components,India,Electronics,Microcontroller MCU-9,Manufacturing,7.86,2851,22408.86,Net 15,True,False
PO-2024-19237,2024-06-07,2024-06-13,2024-06-13,SUP-033,Busan Components,South Korea,Electronics,PCB Assembly A-11,Corporate,57.68,346,19957.28,Net 30,False,False
PO-2024-19266,2024-06-07,2024-07-09,2024-07-13,SUP-025,Cascade Semitech,USA,Electronics,Microcontroller MCU-9,R&D,8.96,3070,27507.2,Net 45,True,False
PO-2024-19305,2024-06-07,2024-06-25,2024-06-25,SUP-033,Busan Components,South Korea,Electronics,Connector Kit CK-8,R&D,4.14,4262,17644.68,Net 45,False,True
PO-2024-19319,2024-06-08,2024-07-01,2024-07-01,SUP-028,Summit Components,USA,Electronics,PCB Assembly A-11,Field Services,56.22,269,15123.18,Net 45,False,False
PO-2024-19259,2024-06-08,2024-07-07,2024-07-07,SUP-033,Busan Components,South Korea,Electronics,Microcontroller MCU-9,R&D,7.44,2134,15876.96,Net 15,False,False
PO-2024-19212,2024-06-08,2024-06-20,2024-06-20,SUP-032,Lotus Components,India,Electronics,Microcontroller MCU-9,Retail Operations,7.84,2119,16612.96,Net 30,True,False
PO-2024-19227,2024-06-08,2024-06-15,2024-06-15,SUP-025,Cascade Semitech,USA,Electronics,Power Supply Unit 450W,Retail Operations,79.95,117,9354.15,Net 45,True,False
PO-2024-19234,2024-06-08,2024-06-19,2024-06-19,SUP-032,Lotus Components,India,Electronics,PCB Assembly A-11,Manufacturing,50.11,209,10472.99,Net 15,True,False
PO-2024-19333,2024-06-09,2024-06-16,2024-06-16,SUP-024,Sterling Components,USA,Electronics,Power Supply Unit 450W,Corporate,72.76,191,13897.16,Net 45,True,False
PO-2024-19242,2024-06-09,2024-07-10,2024-07-20,SUP-034,Pacific Rim Circuits,China,Electronics,Sensor Module SM-3,Field Services,27.0,838,22626.0,Net 30,False,False
PO-2024-19342,2024-06-10,2024-07-10,2024-07-19,SUP-029,Great Wall Components,China,Electronics,Microcontroller MCU-9,R&D,8.17,4337,35433.29,Net 45,True,False
PO-2024-19225,2024-06-10,2024-06-24,2024-06-24,SUP-032,Lotus Components,India,Electronics,Connector Kit CK-8,Corporate,4.32,2914,12588.48,Net 15,True,False
PO-2024-19222,2024-06-10,2024-07-13,2024-07-13,SUP-028,Summit Components,USA,Electronics,Sensor Module SM-3,Corporate,26.84,148,3972.32,Net 45,True,False
PO-2024-19315,2024-06-10,2024-06-28,2024-06-28,SUP-036,Golden Dragon Components,China,Electronics,PCB Assembly A-11,R&D,64.42,481,30986.02,Net 30,True,False
PO-2024-19271,2024-06-10,2024-06-29,2024-07-01,SUP-032,Lotus Components,India,Electronics,Power Supply Unit 450W,Corporate,60.45,126,7616.7,Net 45,True,False
PO-2024-19238,2024-06-10,2024-06-21,2024-06-21,SUP-036,Golden Dragon Components,China,Electronics,Connector Kit CK-8,R&D,5.19,3296,17106.24,Net 60,True,False
PO-2024-19285,2024-06-11,2024-06-18,2024-06-18,SUP-025,Cascade Semitech,USA,Electronics,Microcontroller MCU-9,Field Services,8.79,3333,29297.07,Net 60,False,False
PO-2024-19279,2024-06-11,2024-06-18,2024-06-18,SUP-028,Summit Components,USA,Electronics,Power Supply Unit 450W,Corporate,69.81,73,5096.13,Net 45,True,False
PO-2024-19240,2024-06-11,2024-06-17,2024-06-17,SUP-034,Pacific Rim Circuits,China,Electronics,Microcontroller MCU-9,Field Services,8.62,2660,22929.2,Net 30,False,False
PO-2024-19312,2024-06-11,2024-07-10,2024-07-10,SUP-025,Cascade Semitech,USA,Electronics,Connector Kit CK-8,Field Services,5.17,2607,13478.19,Net 30,True,False
PO-2024-19339,2024-06-11,2024-06-27,2024-06-27,SUP-028,Summit Components,USA,Electronics,PCB Assembly A-11,Retail Operations,61.63,446,27486.98,Net 60,True,False
PO-2024-19313,2024-06-11,2024-07-01,2024-07-01,SUP-033,Busan Components,South Korea,Electronics,Connector Kit CK-8,R&D,4.47,3498,15636.06,Net 60,False,False
PO-2024-19324,2024-06-11,2024-06-22,2024-06-22,SUP-028,Summit Components,USA,Electronics,Sensor Module SM-3,R&D,27.82,587,16330.34,Net 30,True,True
PO-2024-19317,2024-06-11,2024-07-01,2024-07-01,SUP-033,Busan Components,South Korea,Electronics,Microcontroller MCU-9,Corporate,8.37,2730,22850.1,Net 45,True,False
PO-2024-19248,2024-06-12,2024-07-13,2024-07-13,SUP-036,Golden Dragon Components,China,Electronics,Microcontroller MCU-9,Retail Operations,9.01,2798,25209.98,Net 30,True,False
PO-2024-19213,2024-06-12,2024-06-26,2024-06-26,SUP-033,Busan Components,South Korea,Electronics,Connector Kit CK-8,Field Services,4.64,3266,15154.24,Net 15,True,False
PO-2024-19211,2024-06-13,2024-06-23,2024-06-23,SUP-028,Summit Components,USA,Electronics,Connector Kit CK-8,Corporate,4.76,3190,15184.4,Net 60,True,False
PO-2024-19239,2024-06-13,2024-06-27,2024-06-27,SUP-033,Busan Components,South Korea,Electronics,Sensor Module SM-3,Corporate,22.02,558,12287.16,Net 30,True,False
PO-2024-19308,2024-06-13,2024-06-22,2024-06-22,SUP-034,Pacific Rim Circuits,China,Electronics,Connector Kit CK-8,Field Services,5.32,4196,22322.72,Net 60,True,False
PO-2024-19302,2024-06-13,2024-06-29,2024-06-29,SUP-028,Summit Components,USA,Electronics,Connector Kit CK-8,Corporate,4.88,1922,9379.36,Net 30,False,False
PO-2024-19258,2024-06-13,2024-07-02,2024-07-05,SUP-028,Summit Components,USA,Electronics,Sensor Module SM-3,Retail Operations,28.6,348,9952.8,Net 30,True,False
PO-2024-19206,2024-06-14,2024-06-23,2024-06-23,SUP-033,Busan Components,South Korea,Electronics,Microcontroller MCU-9,Retail Operations,7.63,2466,18815.58,Net 15,True,False
PO-2024-19303,2024-06-14,2024-07-10,2024-07-10,SUP-032,Lotus Components,India,Electronics,PCB Assembly A-11,Field Services,48.35,287,13876.45,Net 45,True,False
PO-2024-19229,2024-06-14,2024-06-29,2024-06-29,SUP-028,Summit Components,USA,Electronics,Connector Kit CK-8,Field Services,5.23,2807,14680.61,Net 60,False,False
PO-2024-19216,2024-06-14,2024-07-17,2024-07-20,SUP-024,Sterling Components,USA,Electronics,Power Supply Unit 450W,Corporate,73.76,151,11137.76,Net 45,True,False
PO-2024-19322,2024-06-14,2024-07-07,2024-07-07,SUP-035,Pacific Rim Semitech,China,Electronics,Sensor Module SM-3,R&D,26.11,586,15300.46,Net 30,False,False
PO-2024-19254,2024-06-14,2024-07-14,2024-07-14,SUP-036,Golden Dragon Components,China,Electronics,Connector Kit CK-8,Field Services,5.1,2685,13693.5,Net 60,False,False
PO-2024-19250,2024-06-14,2024-07-06,2024-07-06,SUP-023,Schwarzwald Circuits,Germany,Electronics,Sensor Module SM-3,Retail Operations,23.69,1004,23784.76,Net 30,True,False
PO-2024-19338,2024-06-15,2024-07-07,2024-07-10,SUP-034,Pacific Rim Circuits,China,Electronics,Connector Kit CK-8,R&D,4.87,3369,16407.03,Net 30,True,False
PO-2024-19272,2024-06-15,2024-06-22,2024-06-22,SUP-032,Lotus Components,India,Electronics,PCB Assembly A-11,Manufacturing,47.98,381,18280.38,Net 15,True,False
PO-2024-19264,2024-06-15,2024-06-25,2024-06-25,SUP-033,Busan Components,South Korea,Electronics,Connector Kit CK-8,Retail Operations,4.29,1087,4663.23,Net 60,True,False
PO-2024-19233,2024-06-16,2024-06-21,2024-06-22,SUP-028,Summit Components,USA,Electronics,Power Supply Unit 450W,R&D,78.27,149,11662.23,Net 30,False,False
PO-2024-19280,2024-06-16,2024-06-29,2024-06-29,SUP-034,Pacific Rim Circuits,China,Electronics,PCB Assembly A-11,Field Services,56.82,299,16989.18,Net 30,False,False
PO-2024-19223,2024-06-16,2024-07-18,2024-07-25,SUP-029,Great Wall Components,China,Electronics,PCB Assembly A-11,R&D,54.67,184,10059.28,Net 45,True,False
PO-2024-19328,2024-06-17,2024-07-10,2024-07-15,SUP-036,Golden Dragon Components,China,Electronics,Microcontroller MCU-9,Field Services,8.99,930,8360.7,Net 30,True,False
PO-2024-19284,2024-06-17,2024-07-05,2024-07-05,SUP-034,Pacific Rim Circuits,China,Electronics,PCB Assembly A-11,Retail Operations,55.88,502,28051.76,Net 30,True,False
PO-2024-19335,2024-06-17,2024-07-19,2024-07-19,SUP-024,Sterling Components,USA,Electronics,Microcontroller MCU-9,Manufacturing,8.71,1,8.71,Net 60,True,False
PO-2024-19210,2024-06-17,2024-07-05,2024-07-05,SUP-028,Summit Components,USA,Electronics,Power Supply Unit 450W,R&D,70.71,139,9828.69,Net 30,False,False
PO-2024-19256,2024-06-17,2024-07-12,2024-07-12,SUP-023,Schwarzwald Circuits,Germany,Electronics,Connector Kit CK-8,Manufacturing,4.15,3096,12848.4,Net 60,True,False
PO-2024-19263,2024-06-18,2024-07-21,2024-07-21,SUP-036,Golden Dragon Components,China,Electronics,Connector Kit CK-8,Field Services,5.29,3302,17467.58,Net 45,True,False
PO-2024-19274,2024-06-19,2024-06-26,2024-06-26,SUP-025,Cascade Semitech,USA,Electronics,PCB Assembly A-11,Manufacturing,54.43,557,30317.51,Net 30,True,False
PO-2024-19287,2024-06-19,2024-07-12,2024-07-12,SUP-036,Golden Dragon Components,China,Electronics,Sensor Module SM-3,Corporate,28.21,717,20226.57,Net 30,True,False
PO-2024-19243,2024-06-19,2024-06-26,2024-06-27,SUP-034,Pacific Rim Circuits,China,Electronics,PCB Assembly A-11,R&D,62.15,434,26973.1,Net 45,True,False
PO-2024-19300,2024-06-20,2024-07-13,2024-07-13,SUP-032,Lotus Components,India,Electronics,Microcontroller MCU-9,R&D,7.31,2817,20592.27,Net 45,False,False
PO-2024-19228,2024-06-20,2024-07-12,2024-07-12,SUP-028,Summit Components,USA,Electronics,Connector Kit CK-8,Manufacturing,4.9,2662,13043.8,Net 30,True,False
PO-2024-19255,2024-06-20,2024-07-06,2024-07-06,SUP-034,Pacific Rim Circuits,China,Electronics,Connector Kit CK-8,Retail Operations,4.77,1954,9320.58,Net 45,True,False
PO-2024-19235,2024-06-20,2024-07-01,2024-07-01,SUP-028,Summit Components,USA,Electronics,Sensor Module SM-3,Retail Operations,28.32,788,22316.16,Net 30,True,False
PO-2024-19337,2024-06-20,2024-07-07,2024-07-07,SUP-036,Golden Dragon Components,China,Electronics,Connector Kit CK-8,Retail Operations,5.99,2170,12998.3,Net 45,True,False
PO-2024-19276,2024-06-20,2024-07-01,2024-07-02,SUP-029,Great Wall Components,China,Electronics,Microcontroller MCU-9,Field Services,8.71,2807,24448.97,Net 15,True,True
PO-2024-19340,2024-06-21,2024-07-25,2024-07-25,SUP-036,Golden Dragon Components,China,Electronics,Power Supply Unit 450W,Retail Operations,73.43,158,11601.94,Net 45,True,False
PO-2024-19245,2024-06-21,2024-06-26,2024-06-26,SUP-028,Summit Components,USA,Electronics,PCB Assembly A-11,Field Services,56.92,302,17189.84,Net 15,True,False
PO-2024-19278,2024-06-22,2024-07-01,2024-07-01,SUP-025,Cascade Semitech,USA,Electronics,PCB Assembly A-11,Retail Operations,60.91,486,29602.26,Net 45,True,False
PO-2024-19260,2024-06-22,2024-07-09,2024-07-09,SUP-028,Summit Components,USA,Electronics,Sensor Module SM-3,Retail Operations,28.1,356,10003.6,Net 15,True,False
PO-2024-19293,2024-06-22,2024-07-22,2024-07-25,SUP-025,Cascade Semitech,USA,Electronics,Microcontroller MCU-9,Retail Operations,8.47,3305,27993.35,Net 60,True,False
PO-2024-19219,2024-06-22,2024-07-05,2024-07-05,SUP-034,Pacific Rim Circuits,China,Electronics,Connector Kit CK-8,Retail Operations,4.93,2023,9973.39,Net 45,True,False
PO-2024-19265,2024-06-22,2024-07-09,2024-07-09,SUP-032,Lotus Components,India,Electronics,Microcontroller MCU-9,Corporate,7.49,3303,24739.47,Net 60,True,False
PO-2024-19304,2024-06-22,2024-07-13,2024-07-13,SUP-035,Pacific Rim Semitech,China,Electronics,Power Supply Unit 450W,Field Services,76.41,84,6418.44,Net 45,True,False
PO-2024-19262,2024-06-22,2024-07-13,2024-07-13,SUP-025,Cascade Semitech,USA,Electronics,PCB Assembly A-11,Field Services,56.23,480,26990.4,Net 30,True,False
PO-2024-19325,2024-06-22,2024-06-30,2024-06-30,SUP-028,Summit Components,USA,Electronics,PCB Assembly A-11,Corporate,61.91,400,24764.0,Net 30,True,False
PO-2024-19257,2024-06-23,2024-07-19,2024-07-19,SUP-036,Golden Dragon Components,China,Electronics,Connector Kit CK-8,Field Services,5.2,3920,20384.0,Net 30,True,True
PO-2024-19320,2024-06-23,2024-07-12,2024-07-12,SUP-032,Lotus Components,India,Electronics,PCB Assembly A-11,Corporate,54.46,708,38557.68,Net 45,True,False
PO-2024-19208,2024-06-23,2024-07-06,2024-07-06,SUP-024,Sterling Components,USA,Electronics,Power Supply Unit 450W,Corporate,77.63,155,12032.65,Net 45,True,False
PO-2024-19214,2024-06-23,2024-07-02,2024-07-03,SUP-034,Pacific Rim Circuits,China,Electronics,PCB Assembly A-11,Field Services,55.61,629,34978.69,Net 30,True,False
PO-2024-19218,2024-06-23,2024-07-22,2024-07-22,SUP-022,Redwood Components,USA,Electronics,Microcontroller MCU-9,Retail Operations,8.48,2247,19054.56,Net 30,True,False
PO-2024-19230,2024-06-23,2024-07-04,2024-07-04,SUP-022,Redwood Components,USA,Electronics,Microcontroller MCU-9,R&D,8.24,1976,16282.24,Net 30,True,False
PO-2024-19281,2024-06-23,2024-07-21,2024-07-21,SUP-032,Lotus Components,India,Electronics,Microcontroller MCU-9,Corporate,7.96,3042,24214.32,Net 30,True,False
PO-2024-19327,2024-06-24,2024-07-04,2024-07-04,SUP-032,Lotus Components,India,Electronics,Microcontroller MCU-9,Corporate,7.47,2134,15940.98,Net 60,True,False
PO-2024-19307,2024-06-24,2024-07-28,2024-07-28,SUP-022,Redwood Components,USA,Electronics,Power Supply Unit 450W,Retail Operations,69.81,140,9773.4,Net 45,True,False
PO-2024-19297,2024-06-24,2024-07-02,2024-07-02,SUP-025,Cascade Semitech,USA,Electronics,PCB Assembly A-11,Field Services,59.09,362,21390.58,Net 30,True,False
PO-2024-19292,2024-06-24,2024-07-03,2024-07-03,SUP-036,Golden Dragon Components,China,Electronics,Connector Kit CK-8,Field Services,5.48,2814,15420.72,Net 30,False,False
PO-2024-19326,2024-06-24,2024-07-17,2024-07-17,SUP-032,Lotus Components,India,Electronics,PCB Assembly A-11,R&D,47.82,357,17071.74,Net 30,True,False
PO-2024-19253,2024-06-24,2024-07-21,2024-07-21,SUP-036,Golden Dragon Components,China,Electronics,Power Supply Unit 450W,Manufacturing,75.62,230,17392.6,Net 30,True,False
PO-2024-19329,2024-06-25,2024-07-20,2024-07-20,SUP-022,Redwood Components,USA,Electronics,Sensor Module SM-3,Field Services,25.35,386,9785.1,Net 45,True,False
PO-2024-19283,2024-06-25,2024-07-01,2024-07-01,SUP-033,Busan Components,South Korea,Electronics,Connector Kit CK-8,Retail Operations,4.5,4134,18603.0,Net 60,True,False
PO-2024-19236,2024-06-25,2024-07-10,2024-07-10,SUP-024,Sterling Components,USA,Electronics,Sensor Module SM-3,Corporate,28.07,459,12884.13,Net 60,True,False
PO-2024-19261,2024-06-25,2024-07-01,2024-07-11,SUP-029,Great Wall Components,China,Electronics,Microcontroller MCU-9,R&D,8.94,1825,16315.5,Net 45,True,False
PO-2024-19314,2024-06-26,2024-07-12,2024-07-12,SUP-033,Busan Components,South Korea,Electronics,PCB Assembly A-11,Field Services,53.82,218,11732.76,Net 45,False,False
PO-2024-19321,2024-06-26,2024-07-26,2024-07-26,SUP-033,Busan Components,South Korea,Electronics,Power Supply Unit 450W,Corporate,61.53,94,5783.82,Net 45,True,False
PO-2024-19330,2024-06-26,2024-07-28,2024-07-28,SUP-028,Summit Components,USA,Electronics,Microcontroller MCU-9,R&D,9.5,2318,22021.0,Net 30,True,False
PO-2024-19267,2024-06-26,2024-07-01,2024-07-01,SUP-028,Summit Components,USA,Electronics,Microcontroller MCU-9,Manufacturing,8.81,2825,24888.25,Net 60,True,False
PO-2024-19226,2024-06-26,2024-07-17,2024-07-17,SUP-036,Golden Dragon Components,China,Electronics,Microcontroller MCU-9,Retail Operations,9.16,2474,22661.84,Net 30,True,False
PO-2024-19296,2024-06-26,2024-07-02,2024-07-02,SUP-032,Lotus Components,India,Electronics,PCB Assembly A-11,Manufacturing,53.67,396,21253.32,Net 60,True,False
PO-2024-19249,2024-06-26,2024-07-26,2024-07-26,SUP-032,Lotus Components,India,Electronics,PCB Assembly A-11,Manufacturing,50.34,461,23206.74,Net 30,True,False
PO-2024-19247,2024-06-27,2024-07-07,2024-07-07,SUP-034,Pacific Rim Circuits,China,Electronics,Connector Kit CK-8,R&D,4.38,2099,9193.62,Net 15,True,False
PO-2024-19273,2024-06-27,2024-07-06,2024-07-06,SUP-028,Summit Components,USA,Electronics,Microcontroller MCU-9,Field Services,8.66,3204,27746.64,Net 30,True,False
PO-2024-19334,2024-06-27,2024-07-06,2024-07-06,SUP-033,Busan Components,South Korea,Electronics,Power Supply Unit 450W,R&D,66.75,3,200.25,Net 45,False,False
PO-2024-19241,2024-06-28,2024-07-13,2024-07-13,SUP-028,Summit Components,USA,Electronics,Power Supply Unit 450W,Manufacturing,69.21,105,7267.05,Net 45,True,False
PO-2024-19220,2024-06-28,2024-07-16,2024-07-16,SUP-034,Pacific Rim Circuits,China,Electronics,Power Supply Unit 450W,R&D,70.34,190,13364.6,Net 45,True,False
PO-2024-19323,2024-06-28,2024-07-16,2024-07-17,SUP-028,Summit Components,USA,Electronics,Power Supply Unit 450W,Field Services,74.45,115,8561.75,Net 30,True,False
PO-2024-19332,2024-06-29,2024-07-26,2024-07-26,SUP-023,Schwarzwald Circuits,Germany,Electronics,Connector Kit CK-8,R&D,4.43,3010,13334.3,Net 30,False,False
PO-2024-19252,2024-06-29,2024-07-20,2024-07-20,SUP-025,Cascade Semitech,USA,Electronics,Power Supply Unit 450W,Retail Operations,77.26,155,11975.3,Net 15,True,False
PO-2024-19290,2024-06-29,2024-07-18,2024-07-18,SUP-034,Pacific Rim Circuits,China,Electronics,Connector Kit CK-8,Field Services,4.95,4853,24022.35,Net 45,False,False
PO-2024-19286,2024-06-30,2024-07-13,2024-07-13,SUP-030,Sterling Semitech,USA,Electronics,Connector Kit CK-8,Manufacturing,4.73,1855,8774.15,Net 45,True,False
PO-2024-19268,2024-06-30,2024-07-14,2024-07-14,SUP-028,Summit Components,USA,Electronics,Power Supply Unit 450W,R&D,82.44,226,18631.44,Net 30,True,False
PO-2024-19224,2024-06-30,2024-07-08,2024-07-08,SUP-022,Redwood Components,USA,Electronics,Connector Kit CK-8,R&D,4.63,2727,12626.01,Net 30,True,False
PO-2024-20317,2024-07-01,2024-07-15,2024-07-15,SUP-028,Summit Components,USA,Electronics,Power Supply Unit 450W,Retail Operations,80.33,176,14138.08,Net 30,True,False
PO-2024-20320,2024-07-01,2024-07-13,2024-07-13,SUP-036,Golden Dragon Components,China,Electronics,Microcontroller MCU-9,Field Services,9.37,2912,27285.44,Net 45,True,False
PO-2024-20272,2024-07-01,2024-07-24,2024-07-24,SUP-032,Lotus Components,India,Electronics,Microcontroller MCU-9,Manufacturing,8.04,1898,15259.92,Net 15,True,False
PO-2024-20377,2024-07-02,2024-08-05,2024-08-05,SUP-024,Sterling Components,USA,Electronics,Power Supply Unit 450W,R&D,74.7,213,15911.1,Net 45,True,False
PO-2024-20393,2024-07-02,2024-07-30,2024-07-30,SUP-035,Pacific Rim Semitech,China,Electronics,Connector Kit CK-8,Field Services,5.17,3104,16047.68,Net 15,True,False
PO-2024-20277,2024-07-02,2024-07-26,2024-07-26,SUP-024,Sterling Components,USA,Electronics,Microcontroller MCU-9,Field Services,8.63,2136,18433.68,Net 30,False,False
PO-2024-20362,2024-07-02,2024-07-25,2024-07-27,SUP-025,Cascade Semitech,USA,Electronics,Microcontroller MCU-9,R&D,9.1,3740,34034.0,Net 30,True,False
PO-2024-20275,2024-07-02,2024-07-07,2024-07-07,SUP-034,Pacific Rim Circuits,China,Electronics,Sensor Module SM-3,Manufacturing,24.78,749,18560.22,Net 30,True,False
PO-2024-20330,2024-07-02,2024-07-22,2024-07-22,SUP-028,Summit Components,USA,Electronics,PCB Assembly A-11,Manufacturing,63.28,313,19806.64,Net 45,True,False
PO-2024-20367,2024-07-03,2024-08-04,2024-08-04,SUP-032,Lotus Components,India,Electronics,Microcontroller MCU-9,R&D,7.6,827,6285.2,Net 45,True,True
PO-2024-20356,2024-07-03,2024-07-19,2024-07-19,SUP-025,Cascade Semitech,USA,Electronics,Microcontroller MCU-9,Retail Operations,9.23,2323,21441.29,Net 45,True,False
PO-2024-20340,2024-07-03,2024-07-28,2024-07-28,SUP-032,Lotus Components,India,Electronics,Power Supply Unit 450W,R&D,62.28,164,10213.92,Net 15,False,False
PO-2024-20290,2024-07-03,2024-07-30,2024-07-30,SUP-024,Sterling Components,USA,Electronics,Sensor Module SM-3,Retail Operations,28.28,899,25423.72,Net 30,True,False
PO-2024-20387,2024-07-03,2024-07-10,2024-07-10,SUP-028,Summit Components,USA,Electronics,PCB Assembly A-11,Retail Operations,66.0,335,22110.0,Net 30,True,False
PO-2024-20322,2024-07-04,2024-08-01,2024-08-03,SUP-033,Busan Components,South Korea,Electronics,Sensor Module SM-3,R&D,23.26,468,10885.68,Net 30,True,False
PO-2024-20397,2024-07-04,2024-08-07,2024-08-08,SUP-032,Lotus Components,India,Electronics,Power Supply Unit 450W,Field Services,65.72,194,12749.68,Net 60,True,False
PO-2024-20375,2024-07-04,2024-07-31,2024-08-03,SUP-036,Golden Dragon Components,China,Electronics,Connector Kit CK-8,R&D,5.32,1842,9799.44,Net 45,True,False
PO-2024-20353,2024-07-04,2024-07-18,2024-07-18,SUP-034,Pacific Rim Circuits,China,Electronics,Sensor Module SM-3,Corporate,25.02,992,24819.84,Net 30,True,False
PO-2024-20269,2024-07-05,2024-07-29,2024-07-29,SUP-025,Cascade Semitech,USA,Electronics,Microcontroller MCU-9,Corporate,8.86,2404,21299.44,Net 30,True,False
PO-2024-20374,2024-07-05,2024-07-18,2024-07-18,SUP-033,Busan Components,South Korea,Electronics,PCB Assembly A-11,Retail Operations,53.05,405,21485.25,Net 30,True,False
PO-2024-20358,2024-07-05,2024-08-05,2024-08-05,SUP-033,Busan Components,South Korea,Electronics,Microcontroller MCU-9,Manufacturing,8.06,2228,17957.68,Net 30,True,False
PO-2024-20395,2024-07-06,2024-07-16,2024-07-16,SUP-028,Summit Components,USA,Electronics,Connector Kit CK-8,R&D,5.04,1029,5186.16,Net 30,True,False
PO-2024-20396,2024-07-06,2024-07-11,2024-07-18,SUP-032,Lotus Components,India,Electronics,Microcontroller MCU-9,Manufacturing,7.96,3150,25074.0,Net 60,True,False
PO-2024-20399,2024-07-06,2024-08-09,2024-08-09,SUP-033,Busan Components,South Korea,Electronics,PCB Assembly A-11,Field Services,54.62,401,21902.62,Net 15,True,False
PO-2024-20401,2024-07-06,2024-07-22,2024-07-22,SUP-033,Busan Components,South Korea,Electronics,Sensor Module SM-3,Retail Operations,24.48,775,18972.0,Net 15,True,False
PO-2024-20288,2024-07-06,2024-07-14,2024-07-15,SUP-034,Pacific Rim Circuits,China,Electronics,PCB Assembly A-11,Corporate,58.34,398,23219.32,Net 15,True,False
PO-2024-20360,2024-07-06,2024-07-15,2024-07-15,SUP-033,Busan Components,South Korea,Electronics,PCB Assembly A-11,Field Services,51.23,471,24129.33,Net 45,True,False
PO-2024-20344,2024-07-06,2024-08-09,2024-08-09,SUP-024,Sterling Components,USA,Electronics,PCB Assembly A-11,Retail Operations,55.32,331,18310.92,Net 60,True,False
PO-2024-20315,2024-07-06,2024-07-12,2024-07-12,SUP-025,Cascade Semitech,USA,Electronics,Power Supply Unit 450W,Manufacturing,75.33,203,15291.99,Net 30,True,False
PO-2024-20307,2024-07-06,2024-07-16,2024-07-16,SUP-028,Summit Components,USA,Electronics,PCB Assembly A-11,Manufacturing,56.2,540,30348.0,Net 30,True,False
PO-2024-20294,2024-07-06,2024-08-03,2024-08-03,SUP-028,Summit Components,USA,Electronics,PCB Assembly A-11,Manufacturing,54.43,405,22044.15,Net 45,True,False
PO-2024-20305,2024-07-07,2024-07-16,2024-07-16,SUP-033,Busan Components,South Korea,Electronics,Connector Kit CK-8,Field Services,4.29,2982,12792.78,Net 45,True,False
PO-2024-20266,2024-07-07,2024-07-22,2024-07-22,SUP-034,Pacific Rim Circuits,China,Electronics,Connector Kit CK-8,Field Services,4.91,3105,15245.55,Net 45,True,False
PO-2024-20373,2024-07-07,2024-07-12,2024-07-12,SUP-025,Cascade Semitech,USA,Electronics,Connector Kit CK-8,Retail Operations,5.16,3903,20139.48,Net 30,True,False
PO-2024-20385,2024-07-07,2024-08-01,2024-08-01,SUP-032,Lotus Components,India,Electronics,Power Supply Unit 450W,Corporate,63.28,174,11010.72,Net 45,True,False
PO-2024-20392,2024-07-08,2024-08-05,2024-08-06,SUP-028,Summit Components,USA,Electronics,Microcontroller MCU-9,Field Services,8.71,2062,17960.02,Net 30,False,False
PO-2024-20292,2024-07-08,2024-07-18,2024-07-20,SUP-025,Cascade Semitech,USA,Electronics,Power Supply Unit 450W,Manufacturing,75.57,130,9824.1,Net 60,True,False
PO-2024-20299,2024-07-08,2024-08-07,2024-08-07,SUP-025,Cascade Semitech,USA,Electronics,Microcontroller MCU-9,R&D,8.51,3389,28840.39,Net 30,True,False
PO-2024-20309,2024-07-09,2024-07-22,2024-07-31,SUP-029,Great Wall Components,China,Electronics,PCB Assembly A-11,Manufacturing,64.78,415,26883.7,Net 30,True,False
PO-2024-20343,2024-07-09,2024-07-20,2024-07-20,SUP-032,Lotus Components,India,Electronics,Connector Kit CK-8,Corporate,4.26,4045,17231.7,Net 30,True,False
PO-2024-20319,2024-07-09,2024-08-10,2024-08-10,SUP-024,Sterling Components,USA,Electronics,Power Supply Unit 450W,Manufacturing,79.72,197,15704.84,Net 45,True,False
PO-2024-20331,2024-07-09,2024-08-02,2024-08-02,SUP-032,Lotus Components,India,Electronics,PCB Assembly A-11,Field Services,49.99,623,31143.77,Net 45,False,False
PO-2024-20388,2024-07-09,2024-07-20,2024-07-20,SUP-034,Pacific Rim Circuits,China,Electronics,PCB Assembly A-11,Retail Operations,56.25,559,31443.75,Net 30,True,False
PO-2024-20268,2024-07-09,2024-07-29,2024-07-29,SUP-028,Summit Components,USA,Electronics,Connector Kit CK-8,Manufacturing,5.25,3420,17955.0,Net 45,True,False
PO-2024-20349,2024-07-10,2024-08-10,2024-08-10,SUP-022,Redwood Components,USA,Electronics,Power Supply Unit 450W,R&D,71.4,125,8925.0,Net 30,False,False
PO-2024-20302,2024-07-10,2024-08-09,2024-08-09,SUP-032,Lotus Components,India,Electronics,PCB Assembly A-11,Manufacturing,54.08,365,19739.2,Net 60,True,False
PO-2024-20298,2024-07-10,2024-07-15,2024-07-15,SUP-034,Pacific Rim Circuits,China,Electronics,Microcontroller MCU-9,Retail Operations,8.46,2952,24973.92,Net 60,False,False
PO-2024-20285,2024-07-10,2024-08-04,2024-08-04,SUP-033,Busan Components,South Korea,Electronics,Power Supply Unit 450W,Field Services,72.9,109,7946.1,Net 45,True,False
PO-2024-20329,2024-07-11,2024-07-26,2024-07-27,SUP-022,Redwood Components,USA,Electronics,Sensor Module SM-3,Retail Operations,25.27,717,18118.59,Net 30,True,False
PO-2024-20364,2024-07-11,2024-08-04,2024-08-04,SUP-032,Lotus Components,India,Electronics,Microcontroller MCU-9,Field Services,7.59,3389,25722.51,Net 15,False,False
PO-2024-20366,2024-07-11,2024-07-25,2024-07-25,SUP-024,Sterling Components,USA,Electronics,PCB Assembly A-11,Corporate,63.41,270,17120.7,Net 30,True,False
PO-2024-20400,2024-07-11,2024-08-09,2024-08-09,SUP-033,Busan Components,South Korea,Electronics,Power Supply Unit 450W,Field Services,64.82,138,8945.16,Net 30,True,False
PO-2024-20308,2024-07-13,2024-08-11,2024-08-11,SUP-025,Cascade Semitech,USA,Electronics,PCB Assembly A-11,Manufacturing,57.67,428,24682.76,Net 45,True,False
PO-2024-20282,2024-07-13,2024-08-14,2024-08-14,SUP-028,Summit Components,USA,Electronics,Sensor Module SM-3,Corporate,27.68,515,14255.2,Net 60,True,False
PO-2024-20267,2024-07-13,2024-08-01,2024-08-01,SUP-025,Cascade Semitech,USA,Electronics,Power Supply Unit 450W,Corporate,72.37,52,3763.24,Net 45,True,False
PO-2024-20390,2024-07-14,2024-07-29,2024-07-29,SUP-028,Summit Components,USA,Electronics,Connector Kit CK-8,Field Services,5.01,3385,16958.85,Net 45,False,False
PO-2024-20270,2024-07-14,2024-08-05,2024-08-05,SUP-033,Busan Components,South Korea,Electronics,Power Supply Unit 450W,Manufacturing,70.69,93,6574.17,Net 30,True,False
PO-2024-20276,2024-07-14,2024-07-30,2024-07-30,SUP-022,Redwood Components,USA,Electronics,Microcontroller MCU-9,Manufacturing,8.81,1634,14395.54,Net 30,True,False
PO-2024-20313,2024-07-14,2024-08-01,2024-08-09,SUP-034,Pacific Rim Circuits,China,Electronics,Power Supply Unit 450W,Field Services,73.54,188,13825.52,Net 30,True,False
PO-2024-20378,2024-07-15,2024-07-25,2024-08-04,SUP-029,Great Wall Components,China,Electronics,Sensor Module SM-3,Corporate,26.68,718,19156.24,Net 15,True,False
PO-2024-20350,2024-07-15,2024-08-03,2024-08-05,SUP-024,Sterling Components,USA,Electronics,Sensor Module SM-3,Field Services,25.46,889,22633.94,Net 45,True,False
PO-2024-20283,2024-07-15,2024-08-16,2024-08-16,SUP-025,Cascade Semitech,USA,Electronics,PCB Assembly A-11,Retail Operations,57.75,133,7680.75,Net 45,True,False
PO-2024-20291,2024-07-15,2024-07-24,2024-07-24,SUP-033,Busan Components,South Korea,Electronics,Sensor Module SM-3,R&D,24.03,262,6295.86,Net 30,True,False
PO-2024-20351,2024-07-15,2024-08-18,2024-08-18,SUP-033,Busan Components,South Korea,Electronics,Power Supply Unit 450W,Manufacturing,68.93,99,6824.07,Net 30,True,False
PO-2024-20312,2024-07-15,2024-07-20,2024-08-12,SUP-029,Great Wall Components,China,Electronics,Connector Kit CK-8,Manufacturing,3.96,2340,9266.4,Net 30,False,False
PO-2024-20287,2024-07-15,2024-07-20,2024-07-20,SUP-033,Busan Components,South Korea,Electronics,Sensor Module SM-3,Retail Operations,23.94,686,16422.84,Net 60,True,False
PO-2024-20384,2024-07-15,2024-07-25,2024-07-25,SUP-036,Golden Dragon Components,China,Electronics,Power Supply Unit 450W,Corporate,75.56,194,14658.64,Net 45,True,False
PO-2024-20334,2024-07-15,2024-07-23,2024-07-23,SUP-028,Summit Components,USA,Electronics,Power Supply Unit 450W,Retail Operations,76.97,130,10006.1,Net 60,True,False
PO-2024-20371,2024-07-15,2024-07-22,2024-07-22,SUP-025,Cascade Semitech,USA,Electronics,Connector Kit CK-8,Field Services,5.12,4295,21990.4,Net 45,True,False
PO-2024-20391,2024-07-15,2024-08-18,2024-08-18,SUP-025,Cascade Semitech,USA,Electronics,PCB Assembly A-11,Corporate,63.12,111,7006.32,Net 30,True,False
PO-2024-20333,2024-07-16,2024-08-08,2024-08-08,SUP-034,Pacific Rim Circuits,China,Electronics,PCB Assembly A-11,Manufacturing,59.34,129,7654.86,Net 30,True,False
PO-2024-20295,2024-07-16,2024-08-04,2024-08-04,SUP-036,Golden Dragon Components,China,Electronics,Power Supply Unit 450W,Retail Operations,77.46,144,11154.24,Net 60,True,False
PO-2024-20389,2024-07-16,2024-08-09,2024-08-09,SUP-028,Summit Components,USA,Electronics,Power Supply Unit 450W,Field Services,80.26,124,9952.24,Net 30,True,False
PO-2024-20279,2024-07-17,2024-07-27,2024-07-27,SUP-025,Cascade Semitech,USA,Electronics,PCB Assembly A-11,Manufacturing,59.56,207,12328.92,Net 30,True,False
PO-2024-20265,2024-07-17,2024-08-13,2024-08-13,SUP-036,Golden Dragon Components,China,Electronics,Power Supply Unit 450W,Field Services,77.16,243,18749.88,Net 45,True,False
PO-2024-20338,2024-07-18,2024-08-18,2024-08-18,SUP-035,Pacific Rim Semitech,China,Electronics,Microcontroller MCU-9,Retail Operations,7.67,3188,24451.96,Net 30,True,False
PO-2024-20363,2024-07-18,2024-08-12,2024-08-12,SUP-028,Summit Components,USA,Electronics,Power Supply Unit 450W,Retail Operations,81.97,110,9016.7,Net 30,True,False
PO-2024-20352,2024-07-18,2024-07-25,2024-07-25,SUP-035,Pacific Rim Semitech,China,Electronics,Connector Kit CK-8,Field Services,4.51,3404,15352.04,Net 30,True,False
PO-2024-20382,2024-07-18,2024-08-10,2024-08-10,SUP-032,Lotus Components,India,Electronics,PCB Assembly A-11,R&D,48.9,274,13398.6,Net 45,True,False
PO-2024-20274,2024-07-18,2024-07-31,2024-07-31,SUP-036,Golden Dragon Components,China,Electronics,Sensor Module SM-3,Field Services,29.35,926,27178.1,Net 15,True,False
PO-2024-20284,2024-07-18,2024-07-26,2024-08-02,SUP-029,Great Wall Components,China,Electronics,Sensor Module SM-3,Retail Operations,29.49,246,7254.54,Net 45,True,False
PO-2024-20286,2024-07-18,2024-07-24,2024-07-24,SUP-033,Busan Components,South Korea,Electronics,Microcontroller MCU-9,Manufacturing,8.4,2619,21999.6,Net 30,True,False
PO-2024-20326,2024-07-18,2024-08-10,2024-08-10,SUP-023,Schwarzwald Circuits,Germany,Electronics,Sensor Module SM-3,Retail Operations,23.95,513,12286.35,Net 60,True,False
PO-2024-20306,2024-07-18,2024-08-08,2024-08-08,SUP-025,Cascade Semitech,USA,Electronics,PCB Assembly A-11,Retail Operations,62.24,328,20414.72,Net 45,True,True
PO-2024-20301,2024-07-18,2024-08-16,2024-08-16,SUP-035,Pacific Rim Semitech,China,Electronics,Connector Kit CK-8,R&D,5.35,3320,17762.0,Net 15,True,False
PO-2024-20303,2024-07-19,2024-07-29,2024-07-29,SUP-025,Cascade Semitech,USA,Electronics,Sensor Module SM-3,Field Services,28.94,354,10244.76,Net 30,False,False
PO-2024-20310,2024-07-19,2024-08-20,2024-08-20,SUP-025,Cascade Semitech,USA,Electronics,Microcontroller MCU-9,R&D,8.62,456,3930.72,Net 45,True,False
PO-2024-20324,2024-07-19,2024-08-19,2024-08-19,SUP-028,Summit Components,USA,Electronics,Sensor Module SM-3,Retail Operations,26.71,544,14530.24,Net 60,True,False
PO-2024-20328,2024-07-20,2024-08-09,2024-08-09,SUP-036,Golden Dragon Components,China,Electronics,PCB Assembly A-11,Corporate,59.99,574,34434.26,Net 30,True,False
PO-2024-20381,2024-07-20,2024-08-22,2024-08-25,SUP-035,Pacific Rim Semitech,China,Electronics,Connector Kit CK-8,Retail Operations,5.01,3612,18096.12,Net 30,True,False
PO-2024-20354,2024-07-20,2024-08-03,2024-08-03,SUP-036,Golden Dragon Components,China,Electronics,PCB Assembly A-11,R&D,58.24,574,33429.76,Net 30,True,False
PO-2024-20379,2024-07-20,2024-07-30,2024-08-02,SUP-022,Redwood Components,USA,Electronics,Connector Kit CK-8,Corporate,4.81,2268,10909.08,Net 45,True,False
PO-2024-20318,2024-07-20,2024-07-25,2024-07-25,SUP-036,Golden Dragon Components,China,Electronics,Sensor Module SM-3,Field Services,28.65,375,10743.75,Net 60,False,False
PO-2024-20325,2024-07-21,2024-07-28,2024-07-28,SUP-034,Pacific Rim Circuits,China,Electronics,Power Supply Unit 450W,R&D,72.63,199,14453.37,Net 45,True,False
PO-2024-20380,2024-07-21,2024-08-12,2024-08-12,SUP-034,Pacific Rim Circuits,China,Electronics,Microcontroller MCU-9,R&D,8.49,3029,25716.21,Net 60,False,False
PO-2024-20264,2024-07-22,2024-08-04,2024-08-06,SUP-032,Lotus Components,India,Electronics,Microcontroller MCU-9,Manufacturing,6.85,1628,11151.8,Net 45,True,False
PO-2024-20278,2024-07-22,2024-08-10,2024-08-10,SUP-025,Cascade Semitech,USA,Electronics,Microcontroller MCU-9,Field Services,8.74,1937,16929.38,Net 45,True,False
PO-2024-20359,2024-07-22,2024-08-23,2024-08-23,SUP-032,Lotus Components,India,Electronics,PCB Assembly A-11,Retail Operations,51.01,281,14333.81,Net 30,True,False
PO-2024-20345,2024-07-22,2024-08-06,2024-08-06,SUP-028,Summit Components,USA,Electronics,Sensor Module SM-3,Corporate,26.94,493,13281.42,Net 30,True,False
PO-2024-20347,2024-07-22,2024-08-14,2024-08-14,SUP-024,Sterling Components,USA,Electronics,Sensor Module SM-3,Corporate,28.8,687,19785.6,Net 30,True,False
PO-2024-20348,2024-07-22,2024-08-16,2024-08-16,SUP-028,Summit Components,USA,Electronics,Microcontroller MCU-9,Field Services,8.22,3468,28506.96,Net 60,True,False
PO-2024-20369,2024-07-22,2024-08-10,2024-08-10,SUP-032,Lotus Components,India,Electronics,PCB Assembly A-11,Retail Operations,54.97,352,19349.44,Net 30,True,False
PO-2024-20386,2024-07-22,2024-08-11,2024-08-11,SUP-028,Summit Components,USA,Electronics,Microcontroller MCU-9,Manufacturing,9.05,2351,21276.55,Net 45,True,False
PO-2024-20368,2024-07-23,2024-07-29,2024-07-29,SUP-025,Cascade Semitech,USA,Electronics,PCB Assembly A-11,Corporate,61.79,366,22615.14,Net 15,True,False
PO-2024-20300,2024-07-23,2024-08-05,2024-08-13,SUP-029,Great Wall Components,China,Electronics,Sensor Module SM-3,Corporate,24.0,751,18024.0,Net 30,True,False
PO-2024-20311,2024-07-23,2024-08-24,2024-08-24,SUP-032,Lotus Components,India,Electronics,Sensor Module SM-3,Manufacturing,22.45,542,12167.9,Net 30,True,False
PO-2024-20293,2024-07-24,2024-08-16,2024-08-16,SUP-033,Busan Components,South Korea,Electronics,Sensor Module SM-3,Field Services,25.59,217,5553.03,Net 45,False,False
PO-2024-20336,2024-07-24,2024-08-19,2024-08-19,SUP-023,Schwarzwald Circuits,Germany,Electronics,Microcontroller MCU-9,Manufacturing,7.81,2902,22664.62,Net 60,True,False
PO-2024-20335,2024-07-24,2024-07-29,2024-07-29,SUP-028,Summit Components,USA,Electronics,PCB Assembly A-11,R&D,61.09,432,26390.88,Net 45,True,False
PO-2024-20323,2024-07-25,2024-08-04,2024-08-04,SUP-025,Cascade Semitech,USA,Electronics,Connector Kit CK-8,Manufacturing,5.01,3535,17710.35,Net 30,True,False
PO-2024-20342,2024-07-25,2024-08-25,2024-08-25,SUP-033,Busan Components,South Korea,Electronics,Power Supply Unit 450W,Field Services,65.98,44,2903.12,Net 45,True,False
PO-2024-20372,2024-07-25,2024-08-20,2024-08-20,SUP-028,Summit Components,USA,Electronics,Sensor Module SM-3,Field Services,28.48,469,13357.12,Net 45,True,False
PO-2024-20332,2024-07-26,2024-08-29,2024-08-31,SUP-025,Cascade Semitech,USA,Electronics,PCB Assembly A-11,Manufacturing,59.43,329,19552.47,Net 15,True,False
PO-2024-20394,2024-07-26,2024-08-14,2024-08-14,SUP-032,Lotus Components,India,Electronics,PCB Assembly A-11,Corporate,55.55,517,28719.35,Net 60,True,False
PO-2024-20365,2024-07-26,2024-08-07,2024-08-07,SUP-025,Cascade Semitech,USA,Electronics,Sensor Module SM-3,Corporate,30.56,678,20719.68,Net 60,True,False
PO-2024-20341,2024-07-26,2024-08-13,2024-08-13,SUP-036,Golden Dragon Components,China,Electronics,Power Supply Unit 450W,Field Services,82.66,171,14134.86,Net 30,True,False
PO-2024-20339,2024-07-26,2024-08-04,2024-08-04,SUP-025,Cascade Semitech,USA,Electronics,Connector Kit CK-8,Manufacturing,5.02,1082,5431.64,Net 15,True,False
PO-2024-20296,2024-07-26,2024-07-31,2024-07-31,SUP-032,Lotus Components,India,Electronics,PCB Assembly A-11,R&D,55.24,388,21433.12,Net 30,True,False
PO-2024-20281,2024-07-26,2024-08-15,2024-08-15,SUP-036,Golden Dragon Components,China,Electronics,Microcontroller MCU-9,Corporate,9.57,1707,16335.99,Net 45,True,False
PO-2024-20316,2024-07-26,2024-08-22,2024-08-22,SUP-036,Golden Dragon Components,China,Electronics,Sensor Module SM-3,R&D,30.38,827,25124.26,Net 15,True,False
PO-2024-20383,2024-07-27,2024-08-03,2024-08-03,SUP-028,Summit Components,USA,Electronics,Connector Kit CK-8,R&D,5.6,4658,26084.8,Net 15,True,False
PO-2024-20280,2024-07-27,2024-08-21,2024-08-21,SUP-028,Summit Components,USA,Electronics,Sensor Module SM-3,Field Services,26.52,838,22223.76,Net 45,False,False
PO-2024-20370,2024-07-27,2024-08-29,2024-08-29,SUP-028,Summit Components,USA,Electronics,Sensor Module SM-3,Manufacturing,30.03,428,12852.84,Net 60,True,False
PO-2024-20398,2024-07-27,2024-08-15,2024-08-18,SUP-034,Pacific Rim Circuits,China,Electronics,Power Supply Unit 450W,Field Services,75.37,237,17862.69,Net 45,False,False
PO-2024-20337,2024-07-27,2024-08-08,2024-08-08,SUP-028,Summit Components,USA,Electronics,PCB Assembly A-11,Manufacturing,60.75,442,26851.5,Net 30,True,False
PO-2024-20289,2024-07-27,2024-08-16,2024-08-16,SUP-027,Golden Dragon Circuits,China,Electronics,PCB Assembly A-11,Manufacturing,61.75,307,18957.25,Net 30,True,False
PO-2024-20321,2024-07-28,2024-08-19,2024-08-19,SUP-028,Summit Components,USA,Electronics,Microcontroller MCU-9,R&D,8.55,838,7164.9,Net 45,True,False
PO-2024-20273,2024-07-28,2024-08-17,2024-08-17,SUP-028,Summit Components,USA,Electronics,Microcontroller MCU-9,R&D,9.02,3224,29080.48,Net 30,True,False
PO-2024-20361,2024-07-29,2024-08-13,2024-08-13,SUP-034,Pacific Rim Circuits,China,Electronics,Connector Kit CK-8,R&D,4.83,4135,19972.05,Net 45,False,False
PO-2024-20297,2024-07-29,2024-08-26,2024-08-26,SUP-032,Lotus Components,India,Electronics,PCB Assembly A-11,Field Services,50.27,593,29810.11,Net 30,True,False
PO-2024-20376,2024-07-29,2024-08-21,2024-08-21,SUP-034,Pacific Rim Circuits,China,Electronics,Sensor Module SM-3,R&D,25.79,906,23365.74,Net 15,False,False
PO-2024-20327,2024-07-30,2024-08-28,2024-08-28,SUP-032,Lotus Components,India,Electronics,Microcontroller MCU-9,Field Services,7.8,864,6739.2,Net 30,True,False
PO-2024-20314,2024-07-30,2024-08-20,2024-08-22,SUP-028,Summit Components,USA,Electronics,Connector Kit CK-8,Retail Operations,5.18,4498,23299.64,Net 45,True,False
PO-2024-20357,2024-07-30,2024-08-08,2024-08-08,SUP-034,Pacific Rim Circuits,China,Electronics,Connector Kit CK-8,Field Services,4.86,4225,20533.5,Net 30,False,False
PO-2024-20346,2024-07-30,2024-08-11,2024-08-11,SUP-028,Summit Components,USA,Electronics,Microcontroller MCU-9,R&D,8.85,2882,25505.7,Net 30,True,False
PO-2024-20271,2024-07-31,2024-09-01,2024-09-01,SUP-032,Lotus Components,India,Electronics,Microcontroller MCU-9,R&D,7.97,1676,13357.72,Net 30,True,False
PO-2024-20304,2024-07-31,2024-08-18,2024-08-18,SUP-028,Summit Components,USA,Electronics,Microcontroller MCU-9,Corporate,9.43,2345,22113.35,Net 30,True,False
PO-2024-20355,2024-07-31,2024-08-30,2024-08-31,SUP-035,Pacific Rim Semitech,China,Electronics,Sensor Module SM-3,Corporate,26.29,565,14853.85,Net 15,True,False
PO-2024-21338,2024-08-01,2024-08-08,2024-08-08,SUP-032,Lotus Components,India,Electronics,PCB Assembly A-11,Field Services,50.38,432,21764.16,Net 45,True,False
PO-2024-21329,2024-08-01,2024-08-22,2024-08-28,SUP-029,Great Wall Components,China,Electronics,Power Supply Unit 450W,R&D,65.89,71,4678.19,Net 45,True,False
PO-2024-21346,2024-08-01,2024-08-13,2024-08-13,SUP-028,Summit Components,USA,Electronics,Power Supply Unit 450W,Manufacturing,79.25,137,10857.25,Net 60,True,False
PO-2024-21356,2024-08-01,2024-08-15,2024-08-15,SUP-024,Sterling Components,USA,Electronics,Sensor Module SM-3,Manufacturing,28.2,708,19965.6,Net 30,True,False
PO-2024-21369,2024-08-01,2024-08-31,2024-08-31,SUP-032,Lotus Components,India,Electronics,Connector Kit CK-8,Retail Operations,4.43,2197,9732.71,Net 30,True,False
PO-2024-21281,2024-08-01,2024-08-24,2024-08-24,SUP-033,Busan Components,South Korea,Electronics,Microcontroller MCU-9,Field Services,7.37,2197,16191.89,Net 45,True,False
PO-2024-21277,2024-08-01,2024-08-13,2024-08-13,SUP-035,Pacific Rim Semitech,China,Electronics,Microcontroller MCU-9,R&D,8.98,3162,28394.76,Net 45,False,False
PO-2024-21271,2024-08-01,2024-08-26,2024-08-26,SUP-034,Pacific Rim Circuits,China,Electronics,Connector Kit CK-8,Manufacturing,4.65,2665,12392.25,Net 45,True,False
PO-2024-21297,2024-08-01,2024-08-31,2024-08-31,SUP-028,Summit Components,USA,Electronics,Power Supply Unit 450W,Retail Operations,74.63,151,11269.13,Net 15,True,False
PO-2024-21310,2024-08-01,2024-08-30,2024-08-30,SUP-022,Redwood Components,USA,Electronics,PCB Assembly A-11,Manufacturing,56.74,307,17419.18,Net 30,False,False
PO-2024-21379,2024-08-02,2024-08-21,2024-08-21,SUP-028,Summit Components,USA,Electronics,Sensor Module SM-3,Retail Operations,30.53,791,24149.23,Net 30,True,False
PO-2024-21366,2024-08-02,2024-09-03,2024-09-03,SUP-036,Golden Dragon Components,China,Electronics,PCB Assembly A-11,Retail Operations,64.42,579,37299.18,Net 30,True,False
PO-2024-21315,2024-08-02,2024-08-16,2024-08-16,SUP-035,Pacific Rim Semitech,China,Electronics,Microcontroller MCU-9,Corporate,8.78,2888,25356.64,Net 30,True,False
PO-2024-21306,2024-08-02,2024-09-03,2024-09-03,SUP-033,Busan Components,South Korea,Electronics,PCB Assembly A-11,Field Services,53.48,451,24119.48,Net 30,True,False
PO-2024-21375,2024-08-02,2024-09-04,2024-09-04,SUP-025,Cascade Semitech,USA,Electronics,Connector Kit CK-8,R&D,5.17,2553,13199.01,Net 30,True,False
PO-2024-21348,2024-08-02,2024-08-31,2024-08-31,SUP-036,Golden Dragon Components,China,Electronics,Power Supply Unit 450W,Retail Operations,86.0,149,12814.0,Net 45,True,False
PO-2024-21349,2024-08-02,2024-09-02,2024-09-02,SUP-034,Pacific Rim Circuits,China,Electronics,Microcontroller MCU-9,R&D,8.77,4096,35921.92,Net 45,True,False
PO-2024-21290,2024-08-02,2024-08-10,2024-08-12,SUP-025,Cascade Semitech,USA,Electronics,Power Supply Unit 450W,Field Services,75.81,44,3335.64,Net 60,True,False
PO-2024-21388,2024-08-03,2024-08-11,2024-08-15,SUP-036,Golden Dragon Components,China,Electronics,Power Supply Unit 450W,Manufacturing,75.43,135,10183.05,Net 60,True,False
PO-2024-21288,2024-08-03,2024-08-13,2024-08-13,SUP-022,Redwood Components,USA,Electronics,Sensor Module SM-3,Field Services,26.59,1045,27786.55,Net 60,True,False
PO-2024-21292,2024-08-03,2024-08-26,2024-08-26,SUP-028,Summit Components,USA,Electronics,PCB Assembly A-11,Corporate,60.24,254,15300.96,Net 45,True,False
PO-2024-21343,2024-08-04,2024-08-15,2024-08-15,SUP-025,Cascade Semitech,USA,Electronics,Power Supply Unit 450W,Corporate,73.5,114,8379.0,Net 15,True,False
PO-2024-21358,2024-08-04,2024-08-26,2024-08-26,SUP-028,Summit Components,USA,Electronics,Microcontroller MCU-9,R&D,9.0,2872,25848.0,Net 45,True,False
PO-2024-21337,2024-08-04,2024-09-05,2024-09-05,SUP-025,Cascade Semitech,USA,Electronics,Sensor Module SM-3,R&D,29.67,596,17683.32,Net 45,True,False
PO-2024-21300,2024-08-04,2024-08-19,2024-08-19,SUP-028,Summit Components,USA,Electronics,Sensor Module SM-3,Manufacturing,30.5,645,19672.5,Net 45,True,False
PO-2024-21309,2024-08-05,2024-08-28,2024-08-28,SUP-028,Summit Components,USA,Electronics,Power Supply Unit 450W,Corporate,79.24,102,8082.48,Net 15,True,False
PO-2024-21385,2024-08-05,2024-08-14,2024-08-14,SUP-025,Cascade Semitech,USA,Electronics,Connector Kit CK-8,Corporate,4.76,3322,15812.72,Net 45,True,False
PO-2024-21367,2024-08-05,2024-08-14,2024-08-14,SUP-033,Busan Components,South Korea,Electronics,Microcontroller MCU-9,Retail Operations,7.38,1,7.38,Net 45,True,False
PO-2024-21278,2024-08-06,2024-08-21,2024-08-21,SUP-032,Lotus Components,India,Electronics,Sensor Module SM-3,Retail Operations,26.54,600,15924.0,Net 45,True,False
PO-2024-21294,2024-08-06,2024-09-01,2024-09-01,SUP-027,Golden Dragon Circuits,China,Electronics,PCB Assembly A-11,Field Services,55.73,295,16440.35,Net 45,False,False
PO-2024-21376,2024-08-06,2024-09-09,2024-09-09,SUP-032,Lotus Components,India,Electronics,Microcontroller MCU-9,Manufacturing,7.59,3524,26747.16,Net 60,True,False
PO-2024-21317,2024-08-06,2024-09-04,2024-09-04,SUP-033,Busan Components,South Korea,Electronics,Connector Kit CK-8,Field Services,4.49,4276,19199.24,Net 45,True,False
PO-2024-21383,2024-08-06,2024-08-17,2024-08-17,SUP-023,Schwarzwald Circuits,Germany,Electronics,Connector Kit CK-8,Field Services,4.13,2893,11948.09,Net 30,False,False
PO-2024-21340,2024-08-07,2024-08-22,2024-08-22,SUP-034,Pacific Rim Circuits,China,Electronics,Microcontroller MCU-9,Retail Operations,8.77,2964,25994.28,Net 45,True,False
PO-2024-21286,2024-08-07,2024-09-10,2024-09-10,SUP-034,Pacific Rim Circuits,China,Electronics,PCB Assembly A-11,R&D,60.43,367,22177.81,Net 30,True,False
PO-2024-21396,2024-08-07,2024-09-08,2024-09-08,SUP-036,Golden Dragon Components,China,Electronics,Connector Kit CK-8,Corporate,5.32,4712,25067.84,Net 30,True,False
PO-2024-21371,2024-08-07,2024-08-13,2024-08-21,SUP-029,Great Wall Components,China,Electronics,PCB Assembly A-11,R&D,55.17,362,19971.54,Net 15,True,False
PO-2024-21345,2024-08-07,2024-08-23,2024-08-23,SUP-028,Summit Components,USA,Electronics,Power Supply Unit 450W,Retail Operations,74.29,117,8691.93,Net 30,True,False
PO-2024-21318,2024-08-07,2024-08-22,2024-08-22,SUP-035,Pacific Rim Semitech,China,Electronics,PCB Assembly A-11,Retail Operations,59.55,378,22509.9,Net 30,True,False
PO-2024-21323,2024-08-08,2024-09-10,2024-09-12,SUP-028,Summit Components,USA,Electronics,Sensor Module SM-3,Corporate,28.43,735,20896.05,Net 60,True,False
PO-2024-21324,2024-08-08,2024-08-15,2024-08-15,SUP-025,Cascade Semitech,USA,Electronics,PCB Assembly A-11,Corporate,64.27,148,9511.96,Net 45,True,False
PO-2024-21389,2024-08-08,2024-09-04,2024-09-04,SUP-033,Busan Components,South Korea,Electronics,Sensor Module SM-3,Field Services,22.7,822,18659.4,Net 45,False,False
PO-2024-21391,2024-08-08,2024-09-04,2024-09-04,SUP-034,Pacific Rim Circuits,China,Electronics,Power Supply Unit 450W,Corporate,80.74,64,5167.36,Net 30,False,False
PO-2024-21360,2024-08-08,2024-08-16,2024-08-18,SUP-022,Redwood Components,USA,Electronics,Power Supply Unit 450W,Manufacturing,72.36,112,8104.32,Net 30,True,False
PO-2024-21308,2024-08-09,2024-09-12,2024-09-12,SUP-025,Cascade Semitech,USA,Electronics,PCB Assembly A-11,Retail Operations,62.34,360,22442.4,Net 30,True,False
PO-2024-21319,2024-08-09,2024-08-23,2024-08-23,SUP-036,Golden Dragon Components,China,Electronics,PCB Assembly A-11,Manufacturing,64.05,445,28502.25,Net 30,True,False
PO-2024-21355,2024-08-09,2024-08-15,2024-08-15,SUP-024,Sterling Components,USA,Electronics,Connector Kit CK-8,R&D,5.43,2975,16154.25,Net 60,False,False
PO-2024-21291,2024-08-09,2024-08-31,2024-08-31,SUP-022,Redwood Components,USA,Electronics,Connector Kit CK-8,Manufacturing,4.72,3783,17855.76,Net 30,True,False
PO-2024-21364,2024-08-10,2024-08-17,2024-08-17,SUP-034,Pacific Rim Circuits,China,Electronics,Microcontroller MCU-9,Manufacturing,8.65,2050,17732.5,Net 30,True,False
PO-2024-21334,2024-08-10,2024-08-26,2024-08-26,SUP-028,Summit Components,USA,Electronics,Microcontroller MCU-9,Corporate,9.08,4096,37191.68,Net 30,True,False
PO-2024-21328,2024-08-10,2024-08-24,2024-08-24,SUP-027,Golden Dragon Circuits,China,Electronics,Microcontroller MCU-9,Field Services,8.48,3782,32071.36,Net 45,True,False
PO-2024-21299,2024-08-10,2024-08-26,2024-08-26,SUP-036,Golden Dragon Components,China,Electronics,PCB Assembly A-11,Manufacturing,57.73,248,14317.04,Net 45,True,False
PO-2024-21395,2024-08-11,2024-09-14,2024-09-14,SUP-028,Summit Components,USA,Electronics,Microcontroller MCU-9,Field Services,9.48,4124,39095.52,Net 30,True,False
PO-2024-21332,2024-08-11,2024-08-21,2024-08-21,SUP-028,Summit Components,USA,Electronics,PCB Assembly A-11,Retail Operations,61.85,431,26657.35,Net 15,True,False
PO-2024-21335,2024-08-11,2024-09-09,2024-09-09,SUP-028,Summit Components,USA,Electronics,PCB Assembly A-11,Manufacturing,63.3,424,26839.2,Net 30,True,False
PO-2024-21305,2024-08-11,2024-09-03,2024-09-03,SUP-025,Cascade Semitech,USA,Electronics,Connector Kit CK-8,Field Services,5.11,3194,16321.34,Net 30,True,False
PO-2024-21352,2024-08-12,2024-09-10,2024-09-14,SUP-032,Lotus Components,India,Electronics,Microcontroller MCU-9,Retail Operations,7.99,1945,15540.55,Net 60,True,False
PO-2024-21336,2024-08-13,2024-08-29,2024-08-29,SUP-027,Golden Dragon Circuits,China,Electronics,Microcontroller MCU-9,Manufacturing,8.95,2613,23386.35,Net 60,True,False
PO-2024-21303,2024-08-13,2024-08-26,2024-08-26,SUP-036,Golden Dragon Components,China,Electronics,Connector Kit CK-8,R&D,5.27,1752,9233.04,Net 30,True,False
PO-2024-21274,2024-08-13,2024-08-23,2024-08-23,SUP-036,Golden Dragon Components,China,Electronics,Sensor Module SM-3,Field Services,30.38,702,21326.76,Net 60,True,False
PO-2024-21313,2024-08-13,2024-08-21,2024-08-21,SUP-028,Summit Components,USA,Electronics,PCB Assembly A-11,R&D,60.96,164,9997.44,Net 60,True,False
PO-2024-21365,2024-08-13,2024-09-07,2024-09-08,SUP-036,Golden Dragon Components,China,Electronics,Power Supply Unit 450W,R&D,79.61,236,18787.96,Net 45,False,False
PO-2024-21393,2024-08-13,2024-09-13,2024-09-13,SUP-036,Golden Dragon Components,China,Electronics,Power Supply Unit 450W,Field Services,83.15,177,14717.55,Net 45,False,False
PO-2024-21394,2024-08-14,2024-09-06,2024-09-06,SUP-025,Cascade Semitech,USA,Electronics,Power Supply Unit 450W,Retail Operations,81.32,160,13011.2,Net 45,True,False
PO-2024-21374,2024-08-14,2024-09-03,2024-09-03,SUP-036,Golden Dragon Components,China,Electronics,Sensor Module SM-3,Corporate,27.64,529,14621.56,Net 30,False,False
PO-2024-21368,2024-08-14,2024-08-27,2024-08-27,SUP-028,Summit Components,USA,Electronics,Connector Kit CK-8,Corporate,4.95,3097,15330.15,Net 15,True,False
PO-2024-21295,2024-08-14,2024-09-07,2024-09-07,SUP-025,Cascade Semitech,USA,Electronics,PCB Assembly A-11,Corporate,63.18,501,31653.18,Net 15,True,False
PO-2024-21287,2024-08-14,2024-09-15,2024-09-15,SUP-034,Pacific Rim Circuits,China,Electronics,Connector Kit CK-8,Retail Operations,4.77,775,3696.75,Net 30,True,False
PO-2024-21275,2024-08-14,2024-08-23,2024-08-23,SUP-022,Redwood Components,USA,Electronics,Connector Kit CK-8,Corporate,5.06,1094,5535.64,Net 45,True,False
PO-2024-21314,2024-08-15,2024-08-20,2024-08-20,SUP-036,Golden Dragon Components,China,Electronics,Power Supply Unit 450W,R&D,71.57,106,7586.42,Net 30,True,False
PO-2024-21350,2024-08-16,2024-08-21,2024-09-01,SUP-029,Great Wall Components,China,Electronics,Power Supply Unit 450W,Corporate,82.55,98,8089.9,Net 45,True,False
PO-2024-21381,2024-08-16,2024-09-17,2024-09-17,SUP-036,Golden Dragon Components,China,Electronics,Microcontroller MCU-9,R&D,9.74,3930,38278.2,Net 30,True,False
PO-2024-21398,2024-08-16,2024-09-05,2024-09-05,SUP-032,Lotus Components,India,Electronics,Power Supply Unit 450W,Corporate,70.16,164,11506.24,Net 60,True,False
PO-2024-21276,2024-08-17,2024-08-29,2024-08-29,SUP-025,Cascade Semitech,USA,Electronics,PCB Assembly A-11,Manufacturing,58.77,500,29385.0,Net 15,True,False
PO-2024-21339,2024-08-17,2024-08-26,2024-08-26,SUP-036,Golden Dragon Components,China,Electronics,Connector Kit CK-8,Manufacturing,5.2,4422,22994.4,Net 45,True,False
PO-2024-21359,2024-08-17,2024-09-20,2024-09-20,SUP-026,Great Wall Circuits,China,Electronics,Connector Kit CK-8,Retail Operations,5.74,2155,12369.7,Net 15,True,False
PO-2024-21363,2024-08-17,2024-09-06,2024-09-06,SUP-036,Golden Dragon Components,China,Electronics,PCB Assembly A-11,Manufacturing,58.87,533,31377.71,Net 30,True,False
PO-2024-21390,2024-08-18,2024-09-16,2024-09-22,SUP-034,Pacific Rim Circuits,China,Electronics,Sensor Module SM-3,Manufacturing,26.92,837,22532.04,Net 30,True,False
PO-2024-21373,2024-08-18,2024-09-11,2024-09-11,SUP-025,Cascade Semitech,USA,Electronics,Connector Kit CK-8,R&D,5.22,3877,20237.94,Net 30,True,False
PO-2024-21382,2024-08-18,2024-09-05,2024-09-05,SUP-022,Redwood Components,USA,Electronics,Microcontroller MCU-9,R&D,7.42,898,6663.16,Net 45,True,False
PO-2024-21327,2024-08-18,2024-09-06,2024-09-06,SUP-034,Pacific Rim Circuits,China,Electronics,PCB Assembly A-11,Retail Operations,56.19,461,25903.59,Net 45,True,False
PO-2024-21320,2024-08-18,2024-08-23,2024-08-23,SUP-036,Golden Dragon Components,China,Electronics,PCB Assembly A-11,R&D,63.24,650,41106.0,Net 15,True,True
PO-2024-21377,2024-08-18,2024-08-26,2024-08-26,SUP-035,Pacific Rim Semitech,China,Electronics,Sensor Module SM-3,Corporate,26.68,528,14087.04,Net 60,True,False
PO-2024-21283,2024-08-18,2024-09-11,2024-09-11,SUP-036,Golden Dragon Components,China,Electronics,Power Supply Unit 450W,Field Services,84.6,134,11336.4,Net 45,False,False
PO-2024-21386,2024-08-19,2024-09-02,2024-09-02,SUP-036,Golden Dragon Components,China,Electronics,Connector Kit CK-8,Retail Operations,5.41,1976,10690.16,Net 30,True,False
PO-2024-21273,2024-08-19,2024-09-03,2024-09-03,SUP-028,Summit Components,USA,Electronics,Sensor Module SM-3,Manufacturing,29.0,1132,32828.0,Net 60,True,False
PO-2024-21285,2024-08-19,2024-09-09,2024-09-09,SUP-027,Golden Dragon Circuits,China,Electronics,Connector Kit CK-8,R&D,5.08,4277,21727.16,Net 60,True,False
PO-2024-21370,2024-08-19,2024-09-16,2024-09-16,SUP-025,Cascade Semitech,USA,Electronics,Sensor Module SM-3,Retail Operations,28.26,611,17266.86,Net 15,True,False
PO-2024-21357,2024-08-20,2024-09-19,2024-09-19,SUP-033,Busan Components,South Korea,Electronics,Power Supply Unit 450W,Manufacturing,69.4,132,9160.8,Net 30,False,False
PO-2024-21397,2024-08-20,2024-09-10,2024-09-10,SUP-022,Redwood Components,USA,Electronics,PCB Assembly A-11,Corporate,58.33,440,25665.2,Net 15,True,False
PO-2024-21296,2024-08-20,2024-09-19,2024-09-19,SUP-032,Lotus Components,India,Electronics,PCB Assembly A-11,Corporate,48.34,532,25716.88,Net 30,True,False
PO-2024-21307,2024-08-20,2024-09-06,2024-09-06,SUP-025,Cascade Semitech,USA,Electronics,Power Supply Unit 450W,Manufacturing,75.87,142,10773.54,Net 45,True,False
PO-2024-21282,2024-08-21,2024-09-09,2024-09-09,SUP-028,Summit Components,USA,Electronics,Sensor Module SM-3,R&D,28.07,339,9515.73,Net 30,True,False
PO-2024-21333,2024-08-21,2024-09-23,2024-09-23,SUP-025,Cascade Semitech,USA,Electronics,Power Supply Unit 450W,Manufacturing,77.41,168,13004.88,Net 15,True,False
PO-2024-21378,2024-08-21,2024-08-26,2024-08-26,SUP-032,Lotus Components,India,Electronics,PCB Assembly A-11,Manufacturing,54.33,413,22438.29,Net 15,True,False
PO-2024-21272,2024-08-21,2024-09-05,2024-09-05,SUP-022,Redwood Components,USA,Electronics,Power Supply Unit 450W,Manufacturing,74.51,164,12219.64,Net 30,True,False
PO-2024-21279,2024-08-21,2024-09-19,2024-09-22,SUP-034,Pacific Rim Circuits,China,Electronics,Connector Kit CK-8,Corporate,5.19,4349,22571.31,Net 45,True,False
PO-2024-21380,2024-08-22,2024-09-19,2024-09-19,SUP-025,Cascade Semitech,USA,Electronics,Power Supply Unit 450W,Corporate,78.88,8,631.04,Net 30,True,False
PO-2024-21280,2024-08-22,2024-08-31,2024-09-16,SUP-029,Great Wall Components,China,Electronics,Connector Kit CK-8,Retail Operations,5.22,1366,7130.52,Net 45,True,False
PO-2024-21270,2024-08-22,2024-09-07,2024-09-07,SUP-032,Lotus Components,India,Electronics,PCB Assembly A-11,Manufacturing,50.95,455,23182.25,Net 30,True,False
PO-2024-21362,2024-08-22,2024-09-21,2024-09-21,SUP-033,Busan Components,South Korea,Electronics,Connector Kit CK-8,Corporate,4.7,5192,24402.4,Net 15,True,False
PO-2024-21387,2024-08-23,2024-09-11,2024-09-11,SUP-028,Summit Components,USA,Electronics,Power Supply Unit 450W,R&D,77.32,132,10206.24,Net 45,True,False
PO-2024-21284,2024-08-23,2024-09-12,2024-09-12,SUP-026,Great Wall Circuits,China,Electronics,Microcontroller MCU-9,Corporate,9.59,2359,22622.81,Net 30,True,False
PO-2024-21311,2024-08-23,2024-09-06,2024-09-07,SUP-033,Busan Components,South Korea,Electronics,Microcontroller MCU-9,Retail Operations,8.01,2408,19288.08,Net 30,True,False
PO-2024-21392,2024-08-23,2024-09-18,2024-09-18,SUP-033,Busan Components,South Korea,Electronics,Sensor Module SM-3,Corporate,24.76,1017,25180.92,Net 45,True,False
PO-2024-21372,2024-08-24,2024-09-04,2024-09-04,SUP-034,Pacific Rim Circuits,China,Electronics,Connector Kit CK-8,Corporate,5.12,4010,20531.2,Net 60,True,False
PO-2024-21384,2024-08-24,2024-09-23,2024-09-23,SUP-025,Cascade Semitech,USA,Electronics,Microcontroller MCU-9,R&D,8.87,2953,26193.11,Net 30,True,False
PO-2024-21326,2024-08-25,2024-09-03,2024-09-03,SUP-036,Golden Dragon Components,China,Electronics,Sensor Module SM-3,Retail Operations,28.17,673,18958.41,Net 45,True,False
PO-2024-21361,2024-08-25,2024-09-09,2024-09-11,SUP-028,Summit Components,USA,Electronics,Power Supply Unit 450W,Retail Operations,78.68,120,9441.6,Net 45,True,False
PO-2024-21347,2024-08-26,2024-09-25,2024-09-29,SUP-025,Cascade Semitech,USA,Electronics,PCB Assembly A-11,Field Services,58.62,806,47247.72,Net 45,False,False
PO-2024-21351,2024-08-26,2024-09-07,2024-09-07,SUP-024,Sterling Components,USA,Electronics,Sensor Module SM-3,Corporate,27.23,188,5119.24,Net 30,True,False
PO-2024-21399,2024-08-26,2024-09-27,2024-09-27,SUP-028,Summit Components,USA,Electronics,PCB Assembly A-11,Retail Operations,60.5,288,17424.0,Net 30,True,False
PO-2024-21325,2024-08-26,2024-09-08,2024-09-08,SUP-028,Summit Components,USA,Electronics,Sensor Module SM-3,R&D,28.72,474,13613.28,Net 45,True,False
PO-2024-21331,2024-08-26,2024-09-28,2024-09-28,SUP-025,Cascade Semitech,USA,Electronics,PCB Assembly A-11,Field Services,59.94,447,26793.18,Net 45,False,False
PO-2024-21353,2024-08-27,2024-09-16,2024-09-16,SUP-025,Cascade Semitech,USA,Electronics,Sensor Module SM-3,Field Services,27.88,985,27461.8,Net 15,True,False
PO-2024-21302,2024-08-27,2024-09-01,2024-09-01,SUP-028,Summit Components,USA,Electronics,Microcontroller MCU-9,Field Services,8.4,2935,24654.0,Net 60,True,False
PO-2024-21289,2024-08-27,2024-09-03,2024-09-03,SUP-032,Lotus Components,India,Electronics,Sensor Module SM-3,R&D,26.76,720,19267.2,Net 30,False,True
PO-2024-21321,2024-08-28,2024-09-05,2024-09-05,SUP-025,Cascade Semitech,USA,Electronics,Power Supply Unit 450W,Corporate,75.57,115,8690.55,Net 15,True,False
PO-2024-21304,2024-08-29,2024-09-15,2024-09-15,SUP-032,Lotus Components,India,Electronics,Microcontroller MCU-9,Manufacturing,7.14,1679,11988.06,Net 60,True,False
PO-2024-21293,2024-08-29,2024-09-28,2024-09-28,SUP-033,Busan Components,South Korea,Electronics,Microcontroller MCU-9,Manufacturing,7.83,1640,12841.2,Net 30,True,False
PO-2024-21301,2024-08-29,2024-09-26,2024-09-26,SUP-023,Schwarzwald Circuits,Germany,Electronics,PCB Assembly A-11,R&D,54.34,320,17388.8,Net 45,False,True
PO-2024-21342,2024-08-29,2024-09-20,2024-09-20,SUP-036,Golden Dragon Components,China,Electronics,PCB Assembly A-11,Field Services,62.84,93,5844.12,Net 60,True,False
PO-2024-21316,2024-08-29,2024-10-01,2024-10-01,SUP-032,Lotus Components,India,Electronics,Sensor Module SM-3,Retail Operations,23.81,415,9881.15,Net 60,True,True
PO-2024-21330,2024-08-30,2024-09-22,2024-09-22,SUP-025,Cascade Semitech,USA,Electronics,Microcontroller MCU-9,Field Services,8.57,1435,12297.95,Net 30,True,False
PO-2024-21322,2024-08-31,2024-09-15,2024-09-15,SUP-032,Lotus Components,India,Electronics,Sensor Module SM-3,R&D,24.71,548,13541.08,Net 45,True,False
PO-2024-21312,2024-08-31,2024-09-23,2024-09-23,SUP-025,Cascade Semitech,USA,Electronics,Sensor Module SM-3,R&D,27.15,600,16290.0,Net 45,True,False
PO-2024-21298,2024-08-31,2024-09-09,2024-09-09,SUP-025,Cascade Semitech,USA,Electronics,Connector Kit CK-8,Manufacturing,4.87,2275,11079.25,Net 30,True,False
PO-2024-21341,2024-08-31,2024-09-08,2024-09-10,SUP-025,Cascade Semitech,USA,Electronics,PCB Assembly A-11,R&D,60.22,395,23786.9,Net 30,False,False
PO-2024-21354,2024-08-31,2024-09-14,2024-09-19,SUP-028,Summit Components,USA,Electronics,PCB Assembly A-11,R&D,60.3,776,46792.8,Net 30,True,False
PO-2024-21344,2024-08-31,2024-09-14,2024-09-15,SUP-033,Busan Components,South Korea,Electronics,Power Supply Unit 450W,Corporate,65.15,159,10358.85,Net 45,True,False
PO-2024-22329,2024-09-01,2024-09-14,2024-09-14,SUP-028,Summit Components,USA,Electronics,Connector Kit CK-8,Corporate,5.45,1813,9880.85,Net 30,True,False
PO-2024-22342,2024-09-01,2024-09-17,2024-09-17,SUP-035,Pacific Rim Semitech,China,Electronics,Microcontroller MCU-9,Manufacturing,8.82,2359,20806.38,Net 45,True,False
PO-2024-22350,2024-09-01,2024-09-08,2024-09-08,SUP-025,Cascade Semitech,USA,Electronics,Connector Kit CK-8,Corporate,5.28,3129,16521.12,Net 60,True,False
PO-2024-22391,2024-09-01,2024-09-10,2024-09-10,SUP-022,Redwood Components,USA,Electronics,PCB Assembly A-11,Field Services,52.89,433,22901.37,Net 30,True,False
PO-2024-22395,2024-09-01,2024-09-12,2024-09-12,SUP-025,Cascade Semitech,USA,Electronics,Sensor Module SM-3,Manufacturing,27.3,517,14114.1,Net 30,True,False
PO-2024-22418,2024-09-01,2024-10-05,2024-10-05,SUP-025,Cascade Semitech,USA,Electronics,Connector Kit CK-8,R&D,4.79,2603,12468.37,Net 30,True,False
PO-2024-22413,2024-09-01,2024-09-24,2024-09-24,SUP-022,Redwood Components,USA,Electronics,Sensor Module SM-3,Corporate,27.4,409,11206.6,Net 45,True,False
PO-2024-22301,2024-09-02,2024-09-13,2024-09-13,SUP-034,Pacific Rim Circuits,China,Electronics,Microcontroller MCU-9,Corporate,8.57,2107,18056.99,Net 45,True,False
PO-2024-22389,2024-09-02,2024-09-08,2024-09-08,SUP-035,Pacific Rim Semitech,China,Electronics,PCB Assembly A-11,R&D,63.05,496,31272.8,Net 45,True,False
PO-2024-22399,2024-09-02,2024-09-14,2024-09-14,SUP-025,Cascade Semitech,USA,Electronics,Connector Kit CK-8,Manufacturing,5.13,2238,11480.94,Net 60,True,False
PO-2024-22396,2024-09-02,2024-09-11,2024-09-14,SUP-036,Golden Dragon Components,China,Electronics,Connector Kit CK-8,Field Services,5.52,2791,15406.32,Net 30,True,False
PO-2024-22302,2024-09-02,2024-09-26,2024-09-26,SUP-035,Pacific Rim Semitech,China,Electronics,Microcontroller MCU-9,Corporate,7.94,2589,20556.66,Net 60,True,False
PO-2024-22343,2024-09-03,2024-09-21,2024-09-25,SUP-028,Summit Components,USA,Electronics,PCB Assembly A-11,R&D,58.86,138,8122.68,Net 30,False,False
PO-2024-22355,2024-09-03,2024-09-15,2024-09-15,SUP-028,Summit Components,USA,Electronics,PCB Assembly A-11,Corporate,62.65,301,18857.65,Net 15,True,False
PO-2024-22359,2024-09-03,2024-09-25,2024-09-25,SUP-025,Cascade Semitech,USA,Electronics,Microcontroller MCU-9,R&D,9.28,1159,10755.52,Net 45,True,False
PO-2024-22368,2024-09-03,2024-09-08,2024-09-08,SUP-028,Summit Components,USA,Electronics,PCB Assembly A-11,Retail Operations,58.94,428,25226.32,Net 15,True,False
PO-2024-22426,2024-09-04,2024-09-22,2024-09-22,SUP-022,Redwood Components,USA,Electronics,Connector Kit CK-8,Retail Operations,4.52,2001,9044.52,Net 30,True,False
PO-2024-22312,2024-09-04,2024-09-23,2024-09-23,SUP-023,Schwarzwald Circuits,Germany,Electronics,PCB Assembly A-11,R&D,52.84,494,26102.96,Net 45,False,False
PO-2024-22330,2024-09-04,2024-09-22,2024-09-22,SUP-033,Busan Components,South Korea,Electronics,Connector Kit CK-8,Retail Operations,4.69,2508,11762.52,Net 60,True,False
PO-2024-22372,2024-09-04,2024-10-07,2024-10-07,SUP-022,Redwood Components,USA,Electronics,Connector Kit CK-8,Corporate,5.2,4354,22640.8,Net 15,True,False
PO-2024-22305,2024-09-04,2024-09-14,2024-09-23,SUP-029,Great Wall Components,China,Electronics,Microcontroller MCU-9,Manufacturing,9.63,3524,33936.12,Net 30,True,False
PO-2024-22318,2024-09-05,2024-09-20,2024-09-20,SUP-033,Busan Components,South Korea,Electronics,Sensor Module SM-3,R&D,24.59,564,13868.76,Net 30,True,False
PO-2024-22364,2024-09-05,2024-10-01,2024-10-02,SUP-032,Lotus Components,India,Electronics,Connector Kit CK-8,Corporate,4.54,2037,9247.98,Net 30,True,False
PO-2024-22401,2024-09-05,2024-10-03,2024-10-03,SUP-032,Lotus Components,India,Electronics,Sensor Module SM-3,R&D,24.41,706,17233.46,Net 45,False,False
PO-2024-22397,2024-09-05,2024-10-09,2024-10-10,SUP-025,Cascade Semitech,USA,Electronics,Sensor Module SM-3,Manufacturing,29.28,463,13556.64,Net 15,True,False
PO-2024-22386,2024-09-05,2024-09-22,2024-09-22,SUP-032,Lotus Components,India,Electronics,Power Supply Unit 450W,Corporate,60.89,159,9681.51,Net 30,True,False
PO-2024-22381,2024-09-06,2024-09-25,2024-09-26,SUP-035,Pacific Rim Semitech,China,Electronics,Microcontroller MCU-9,Field Services,8.82,2269,20012.58,Net 30,True,False
PO-2024-22384,2024-09-06,2024-09-21,2024-09-21,SUP-024,Sterling Components,USA,Electronics,Power Supply Unit 450W,Manufacturing,75.57,125,9446.25,Net 15,True,False
PO-2024-22371,2024-09-06,2024-10-05,2024-10-05,SUP-036,Golden Dragon Components,China,Electronics,PCB Assembly A-11,Corporate,67.23,652,43833.96,Net 30,True,False
PO-2024-22320,2024-09-06,2024-09-23,2024-09-23,SUP-025,Cascade Semitech,USA,Electronics,Connector Kit CK-8,R&D,5.22,1530,7986.6,Net 45,True,False
PO-2024-22421,2024-09-06,2024-09-13,2024-09-17,SUP-028,Summit Components,USA,Electronics,Sensor Module SM-3,Retail Operations,30.33,641,19441.53,Net 45,True,False
PO-2024-22427,2024-09-06,2024-10-07,2024-10-10,SUP-032,Lotus Components,India,Electronics,PCB Assembly A-11,Retail Operations,46.53,590,27452.7,Net 30,True,False
PO-2024-22331,2024-09-07,2024-09-25,2024-09-25,SUP-032,Lotus Components,India,Electronics,PCB Assembly A-11,Field Services,52.31,101,5283.31,Net 45,True,False
PO-2024-22363,2024-09-07,2024-09-21,2024-09-21,SUP-028,Summit Components,USA,Electronics,Power Supply Unit 450W,Field Services,80.84,168,13581.12,Net 30,True,False
PO-2024-22374,2024-09-07,2024-10-05,2024-10-11,SUP-029,Great Wall Components,China,Electronics,Power Supply Unit 450W,Retail Operations,72.73,90,6545.7,Net 30,True,False
PO-2024-22394,2024-09-07,2024-09-27,2024-09-27,SUP-022,Redwood Components,USA,Electronics,Power Supply Unit 450W,Manufacturing,71.53,114,8154.42,Net 60,True,False
PO-2024-22353,2024-09-08,2024-09-26,2024-09-26,SUP-036,Golden Dragon Components,China,Electronics,PCB Assembly A-11,Field Services,62.11,296,18384.56,Net 30,True,False
PO-2024-22370,2024-09-08,2024-09-13,2024-09-13,SUP-033,Busan Components,South Korea,Electronics,Sensor Module SM-3,Corporate,26.8,502,13453.6,Net 30,True,False
PO-2024-22430,2024-09-10,2024-09-22,2024-09-22,SUP-025,Cascade Semitech,USA,Electronics,Microcontroller MCU-9,Corporate,9.41,1546,14547.86,Net 45,True,False
PO-2024-22335,2024-09-10,2024-09-22,2024-09-22,SUP-034,Pacific Rim Circuits,China,Electronics,PCB Assembly A-11,Retail Operations,56.43,68,3837.24,Net 60,True,False
PO-2024-22347,2024-09-11,2024-09-17,2024-09-20,SUP-028,Summit Components,USA,Electronics,Connector Kit CK-8,Retail Operations,5.14,3582,18411.48,Net 60,True,False
PO-2024-22352,2024-09-11,2024-10-12,2024-10-12,SUP-025,Cascade Semitech,USA,Electronics,PCB Assembly A-11,Field Services,60.39,527,31825.53,Net 30,True,False
PO-2024-22419,2024-09-11,2024-10-02,2024-10-17,SUP-029,Great Wall Components,China,Electronics,PCB Assembly A-11,Field Services,57.33,775,44430.75,Net 30,False,False
PO-2024-22311,2024-09-11,2024-09-23,2024-09-23,SUP-036,Golden Dragon Components,China,Electronics,Microcontroller MCU-9,Manufacturing,9.69,3360,32558.4,Net 30,True,False
PO-2024-22375,2024-09-11,2024-10-15,2024-10-22,SUP-022,Redwood Components,USA,Electronics,Connector Kit CK-8,Field Services,4.47,3296,14733.12,Net 45,True,False
PO-2024-22306,2024-09-11,2024-10-02,2024-10-02,SUP-033,Busan Components,South Korea,Electronics,Power Supply Unit 450W,Field Services,70.47,211,14869.17,Net 15,True,False
PO-2024-22383,2024-09-11,2024-09-24,2024-09-24,SUP-034,Pacific Rim Circuits,China,Electronics,PCB Assembly A-11,R&D,59.08,357,21091.56,Net 30,False,False
PO-2024-22321,2024-09-12,2024-10-16,2024-10-17,SUP-029,Great Wall Components,China,Electronics,Microcontroller MCU-9,R&D,7.12,3389,24129.68,Net 30,True,False
PO-2024-22390,2024-09-13,2024-10-13,2024-10-13,SUP-022,Redwood Components,USA,Electronics,Microcontroller MCU-9,Corporate,8.27,2722,22510.94,Net 30,True,False
PO-2024-22334,2024-09-13,2024-10-08,2024-10-08,SUP-028,Summit Components,USA,Electronics,PCB Assembly A-11,Retail Operations,63.0,413,26019.0,Net 30,True,False
PO-2024-22336,2024-09-13,2024-10-09,2024-10-09,SUP-034,Pacific Rim Circuits,China,Electronics,Power Supply Unit 450W,Field Services,72.66,204,14822.64,Net 15,True,False
PO-2024-22349,2024-09-13,2024-10-15,2024-10-15,SUP-032,Lotus Components,India,Electronics,Sensor Module SM-3,Manufacturing,23.39,613,14338.07,Net 60,True,False
PO-2024-22429,2024-09-13,2024-10-11,2024-10-11,SUP-035,Pacific Rim Semitech,China,Electronics,Connector Kit CK-8,R&D,4.72,3882,18323.04,Net 30,True,False
PO-2024-22431,2024-09-13,2024-10-17,2024-10-17,SUP-028,Summit Components,USA,Electronics,Sensor Module SM-3,R&D,29.43,486,14302.98,Net 30,True,False
PO-2024-22422,2024-09-14,2024-10-08,2024-10-08,SUP-025,Cascade Semitech,USA,Electronics,Power Supply Unit 450W,Retail Operations,76.69,111,8512.59,Net 30,True,False
PO-2024-22360,2024-09-14,2024-10-08,2024-10-09,SUP-032,Lotus Components,India,Electronics,Connector Kit CK-8,Retail Operations,4.06,3168,12862.08,Net 15,True,False
PO-2024-22327,2024-09-14,2024-10-14,2024-10-14,SUP-035,Pacific Rim Semitech,China,Electronics,Microcontroller MCU-9,Manufacturing,8.49,2048,17387.52,Net 45,True,False
PO-2024-22317,2024-09-14,2024-09-25,2024-09-25,SUP-034,Pacific Rim Circuits,China,Electronics,PCB Assembly A-11,Retail Operations,60.34,450,27153.0,Net 30,True,False
PO-2024-22400,2024-09-14,2024-10-16,2024-10-16,SUP-028,Summit Components,USA,Electronics,Microcontroller MCU-9,Field Services,9.4,2945,27683.0,Net 45,False,False
PO-2024-22393,2024-09-14,2024-10-03,2024-10-03,SUP-027,Golden Dragon Circuits,China,Electronics,Sensor Module SM-3,Retail Operations,28.96,702,20329.92,Net 30,True,False
PO-2024-22408,2024-09-14,2024-10-03,2024-10-03,SUP-034,Pacific Rim Circuits,China,Electronics,Power Supply Unit 450W,Retail Operations,77.28,158,12210.24,Net 45,True,False
PO-2024-22387,2024-09-15,2024-10-12,2024-10-12,SUP-022,Redwood Components,USA,Electronics,Connector Kit CK-8,Corporate,4.95,3412,16889.4,Net 30,True,False
PO-2024-22405,2024-09-15,2024-10-01,2024-10-01,SUP-034,Pacific Rim Circuits,China,Electronics,Power Supply Unit 450W,Retail Operations,72.46,113,8187.98,Net 45,True,False
PO-2024-22376,2024-09-15,2024-10-01,2024-10-01,SUP-032,Lotus Components,India,Electronics,Power Supply Unit 450W,Manufacturing,68.73,122,8385.06,Net 45,True,False
PO-2024-22365,2024-09-15,2024-10-02,2024-10-02,SUP-025,Cascade Semitech,USA,Electronics,Microcontroller MCU-9,Corporate,8.83,3132,27655.56,Net 30,True,False
PO-2024-22357,2024-09-15,2024-10-04,2024-10-04,SUP-036,Golden Dragon Components,China,Electronics,Sensor Module SM-3,Field Services,28.79,833,23982.07,Net 30,True,False
PO-2024-22428,2024-09-15,2024-10-01,2024-10-01,SUP-027,Golden Dragon Circuits,China,Electronics,Connector Kit CK-8,Corporate,5.11,2599,13280.89,Net 45,True,False
PO-2024-22314,2024-09-16,2024-09-21,2024-09-21,SUP-032,Lotus Components,India,Electronics,Connector Kit CK-8,Field Services,4.41,4415,19470.15,Net 45,False,False
PO-2024-22313,2024-09-16,2024-10-05,2024-10-05,SUP-025,Cascade Semitech,USA,Electronics,PCB Assembly A-11,Corporate,62.75,296,18574.0,Net 45,True,False
PO-2024-22385,2024-09-16,2024-10-02,2024-10-02,SUP-033,Busan Components,South Korea,Electronics,Microcontroller MCU-9,Retail Operations,7.53,3291,24781.23,Net 30,True,False
PO-2024-22300,2024-09-16,2024-10-14,2024-10-14,SUP-036,Golden Dragon Components,China,Electronics,Sensor Module SM-3,Retail Operations,29.47,556,16385.32,Net 30,True,False
PO-2024-22392,2024-09-17,2024-10-05,2024-10-05,SUP-033,Busan Components,South Korea,Electronics,Microcontroller MCU-9,Field Services,7.47,4072,30417.84,Net 30,False,False
PO-2024-22323,2024-09-17,2024-10-02,2024-10-02,SUP-028,Summit Components,USA,Electronics,Sensor Module SM-3,Retail Operations,27.47,1006,27634.82,Net 30,True,False
PO-2024-22340,2024-09-17,2024-10-10,2024-10-10,SUP-036,Golden Dragon Components,China,Electronics,Power Supply Unit 450W,R&D,79.26,243,19260.18,Net 30,True,False
PO-2024-22377,2024-09-17,2024-09-29,2024-09-29,SUP-036,Golden Dragon Components,China,Electronics,Microcontroller MCU-9,R&D,9.06,2461,22296.66,Net 15,True,False
PO-2024-22304,2024-09-17,2024-10-11,2024-10-11,SUP-028,Summit Components,USA,Electronics,Microcontroller MCU-9,Corporate,9.53,2927,27894.31,Net 60,True,False
PO-2024-22367,2024-09-17,2024-09-28,2024-09-28,SUP-025,Cascade Semitech,USA,Electronics,Connector Kit CK-8,Field Services,4.8,1702,8169.6,Net 45,False,False
PO-2024-22344,2024-09-18,2024-10-17,2024-10-17,SUP-025,Cascade Semitech,USA,Electronics,Sensor Module SM-3,Manufacturing,28.89,533,15398.37,Net 60,True,False
PO-2024-22380,2024-09-18,2024-09-29,2024-09-29,SUP-033,Busan Components,South Korea,Electronics,PCB Assembly A-11,Corporate,50.0,389,19450.0,Net 30,True,False
PO-2024-22310,2024-09-18,2024-09-25,2024-09-25,SUP-032,Lotus Components,India,Electronics,Power Supply Unit 450W,Field Services,66.83,75,5012.25,Net 45,False,False
PO-2024-22406,2024-09-19,2024-10-06,2024-10-06,SUP-028,Summit Components,USA,Electronics,Microcontroller MCU-9,Manufacturing,9.44,2944,27791.36,Net 60,True,False
PO-2024-22416,2024-09-19,2024-10-04,2024-10-23,SUP-029,Great Wall Components,China,Electronics,Power Supply Unit 450W,R&D,71.08,104,7392.32,Net 45,True,False
PO-2024-22324,2024-09-19,2024-10-15,2024-10-15,SUP-036,Golden Dragon Components,China,Electronics,Power Supply Unit 450W,Field Services,88.01,154,13553.54,Net 30,False,False
PO-2024-22412,2024-09-20,2024-10-15,2024-10-15,SUP-025,Cascade Semitech,USA,Electronics,Sensor Module SM-3,Retail Operations,28.82,254,7320.28,Net 60,True,False
PO-2024-22403,2024-09-20,2024-10-10,2024-10-10,SUP-032,Lotus Components,India,Electronics,Microcontroller MCU-9,Field Services,8.15,2653,21621.95,Net 30,False,False
PO-2024-22326,2024-09-21,2024-10-19,2024-10-22,SUP-024,Sterling Components,USA,Electronics,PCB Assembly A-11,Retail Operations,66.37,469,31127.53,Net 45,True,False
PO-2024-22414,2024-09-21,2024-10-01,2024-10-01,SUP-032,Lotus Components,India,Electronics,Sensor Module SM-3,Manufacturing,25.42,794,20183.48,Net 15,True,False
PO-2024-22379,2024-09-21,2024-10-18,2024-10-19,SUP-025,Cascade Semitech,USA,Electronics,Sensor Module SM-3,Field Services,28.06,722,20259.32,Net 45,True,False
PO-2024-22378,2024-09-21,2024-10-21,2024-10-21,SUP-024,Sterling Components,USA,Electronics,Connector Kit CK-8,Manufacturing,5.69,2591,14742.79,Net 30,True,False
PO-2024-22425,2024-09-21,2024-10-24,2024-10-24,SUP-032,Lotus Components,India,Electronics,PCB Assembly A-11,R&D,51.67,630,32552.1,Net 30,True,False
PO-2024-22341,2024-09-21,2024-09-29,2024-09-29,SUP-028,Summit Components,USA,Electronics,Sensor Module SM-3,Retail Operations,28.71,624,17915.04,Net 15,True,False
PO-2024-22420,2024-09-21,2024-10-21,2024-10-25,SUP-035,Pacific Rim Semitech,China,Electronics,Connector Kit CK-8,Corporate,4.64,1570,7284.8,Net 60,True,False
PO-2024-22409,2024-09-22,2024-10-01,2024-10-09,SUP-029,Great Wall Components,China,Electronics,Connector Kit CK-8,R&D,6.03,1711,10317.33,Net 60,True,False
PO-2024-22402,2024-09-22,2024-10-08,2024-10-09,SUP-033,Busan Components,South Korea,Electronics,Connector Kit CK-8,Field Services,4.23,2663,11264.49,Net 45,True,False
PO-2024-22361,2024-09-22,2024-10-14,2024-10-14,SUP-028,Summit Components,USA,Electronics,Power Supply Unit 450W,R&D,75.68,150,11352.0,Net 30,False,False
PO-2024-22333,2024-09-22,2024-10-10,2024-10-10,SUP-032,Lotus Components,India,Electronics,Connector Kit CK-8,Manufacturing,4.68,3349,15673.32,Net 30,True,False
PO-2024-22307,2024-09-22,2024-10-16,2024-11-02,SUP-029,Great Wall Components,China,Electronics,PCB Assembly A-11,Corporate,69.88,467,32633.96,Net 30,True,False
PO-2024-22369,2024-09-23,2024-09-29,2024-09-29,SUP-028,Summit Components,USA,Electronics,Connector Kit CK-8,Retail Operations,5.1,3449,17589.9,Net 60,False,False
PO-2024-22339,2024-09-23,2024-10-24,2024-10-24,SUP-034,Pacific Rim Circuits,China,Electronics,Power Supply Unit 450W,Field Services,83.61,158,13210.38,Net 30,True,False
PO-2024-22411,2024-09-23,2024-09-29,2024-09-30,SUP-034,Pacific Rim Circuits,China,Electronics,Microcontroller MCU-9,Manufacturing,8.69,2140,18596.6,Net 30,True,False
PO-2024-22358,2024-09-24,2024-10-08,2024-10-08,SUP-024,Sterling Components,USA,Electronics,Sensor Module SM-3,Manufacturing,30.34,643,19508.62,Net 60,True,False
PO-2024-22338,2024-09-24,2024-10-06,2024-10-06,SUP-032,Lotus Components,India,Electronics,Connector Kit CK-8,Field Services,4.53,1801,8158.53,Net 45,True,False
PO-2024-22337,2024-09-24,2024-10-17,2024-10-17,SUP-033,Busan Components,South Korea,Electronics,Connector Kit CK-8,Field Services,4.31,3235,13942.85,Net 45,True,False
PO-2024-22325,2024-09-25,2024-10-05,2024-10-05,SUP-025,Cascade Semitech,USA,Electronics,Connector Kit CK-8,Corporate,5.22,2397,12512.34,Net 60,True,False
PO-2024-22319,2024-09-25,2024-10-28,2024-10-28,SUP-032,Lotus Components,India,Electronics,PCB Assembly A-11,Corporate,50.16,459,23023.44,Net 15,True,False
PO-2024-22345,2024-09-25,2024-10-17,2024-10-17,SUP-034,Pacific Rim Circuits,China,Electronics,Sensor Module SM-3,Field Services,29.6,382,11307.2,Net 45,False,False
PO-2024-22424,2024-09-25,2024-10-26,2024-10-26,SUP-036,Golden Dragon Components,China,Electronics,Sensor Module SM-3,Manufacturing,29.53,344,10158.32,Net 45,True,False
PO-2024-22351,2024-09-25,2024-10-26,2024-10-26,SUP-025,Cascade Semitech,USA,Electronics,Microcontroller MCU-9,Corporate,9.34,2948,27534.32,Net 60,True,False
PO-2024-22316,2024-09-26,2024-10-06,2024-10-06,SUP-028,Summit Components,USA,Electronics,Microcontroller MCU-9,Corporate,9.21,2712,24977.52,Net 30,True,False
PO-2024-22423,2024-09-26,2024-10-27,2024-11-11,SUP-029,Great Wall Components,China,Electronics,Connector Kit CK-8,R&D,5.6,1458,8164.8,Net 45,True,False
PO-2024-22417,2024-09-26,2024-10-21,2024-10-21,SUP-025,Cascade Semitech,USA,Electronics,Microcontroller MCU-9,Corporate,9.25,1879,17380.75,Net 45,True,False
PO-2024-22410,2024-09-26,2024-10-29,2024-10-29,SUP-023,Schwarzwald Circuits,Germany,Electronics,PCB Assembly A-11,R&D,54.67,333,18205.11,Net 45,True,False
PO-2024-22315,2024-09-26,2024-10-16,2024-10-16,SUP-035,Pacific Rim Semitech,China,Electronics,Sensor Module SM-3,R&D,28.34,632,17910.88,Net 45,True,False
PO-2024-22382,2024-09-27,2024-10-06,2024-10-06,SUP-033,Busan Components,South Korea,Electronics,Connector Kit CK-8,R&D,4.44,3090,13719.6,Net 30,False,False
PO-2024-22415,2024-09-27,2024-10-30,2024-10-30,SUP-036,Golden Dragon Components,China,Electronics,Power Supply Unit 450W,R&D,83.07,76,6313.32,Net 45,True,False
PO-2024-22407,2024-09-27,2024-10-27,2024-10-27,SUP-028,Summit Components,USA,Electronics,Sensor Module SM-3,Retail Operations,27.55,950,26172.5,Net 45,True,False
PO-2024-22373,2024-09-27,2024-10-07,2024-10-07,SUP-025,Cascade Semitech,USA,Electronics,Sensor Module SM-3,Corporate,27.39,510,13968.9,Net 15,True,False
PO-2024-22366,2024-09-28,2024-10-10,2024-10-10,SUP-034,Pacific Rim Circuits,China,Electronics,Microcontroller MCU-9,Field Services,9.18,1580,14504.4,Net 45,True,False
PO-2024-22308,2024-09-28,2024-10-25,2024-10-25,SUP-022,Redwood Components,USA,Electronics,Microcontroller MCU-9,R&D,8.77,2498,21907.46,Net 30,False,False
PO-2024-22309,2024-09-28,2024-10-18,2024-10-18,SUP-022,Redwood Components,USA,Electronics,Connector Kit CK-8,R&D,4.77,2641,12597.57,Net 60,False,False
PO-2024-22322,2024-09-28,2024-10-15,2024-10-15,SUP-025,Cascade Semitech,USA,Electronics,PCB Assembly A-11,Manufacturing,64.28,600,38568.0,Net 45,True,False
PO-2024-22346,2024-09-28,2024-10-24,2024-10-24,SUP-033,Busan Components,South Korea,Electronics,Microcontroller MCU-9,Corporate,8.01,3568,28579.68,Net 60,True,False
PO-2024-22354,2024-09-29,2024-10-26,2024-10-26,SUP-034,Pacific Rim Circuits,China,Electronics,Power Supply Unit 450W,Corporate,77.72,228,17720.16,Net 60,True,False
PO-2024-22348,2024-09-29,2024-10-16,2024-10-16,SUP-032,Lotus Components,India,Electronics,Connector Kit CK-8,Manufacturing,4.49,3416,15337.84,Net 30,True,False
PO-2024-22328,2024-09-29,2024-10-22,2024-10-22,SUP-022,Redwood Components,USA,Electronics,Microcontroller MCU-9,Corporate,7.51,3534,26540.34,Net 30,True,False
PO-2024-22356,2024-09-29,2024-10-29,2024-10-29,SUP-027,Golden Dragon Circuits,China,Electronics,Microcontroller MCU-9,Retail Operations,8.95,2449,21918.55,Net 30,True,False
PO-2024-22303,2024-09-30,2024-10-24,2024-10-24,SUP-028,Summit Components,USA,Electronics,Sensor Module SM-3,R&D,30.15,984,29667.6,Net 60,False,False
PO-2024-22332,2024-09-30,2024-10-20,2024-10-20,SUP-034,Pacific Rim Circuits,China,Electronics,Power Supply Unit 450W,Manufacturing,77.67,103,8000.01,Net 45,True,False
PO-2024-22362,2024-09-30,2024-10-11,2024-10-11,SUP-034,Pacific Rim Circuits,China,Electronics,Connector Kit CK-8,Field Services,4.82,3422,16494.04,Net 30,True,False
PO-2024-22388,2024-09-30,2024-10-12,2024-10-16,SUP-036,Golden Dragon Components,China,Electronics,Power Supply Unit 450W,Manufacturing,81.36,132,10739.52,Net 60,True,False
PO-2024-22398,2024-09-30,2024-11-01,2024-11-02,SUP-032,Lotus Components,India,Electronics,Microcontroller MCU-9,Field Services,7.62,2006,15285.72,Net 45,True,False
PO-2024-22404,2024-09-30,2024-10-21,2024-10-22,SUP-034,Pacific Rim Circuits,China,Electronics,PCB Assembly A-11,Field Services,64.34,293,18851.62,Net 15,True,False
PO-2024-23454,2024-10-01,2024-10-14,2024-10-23,SUP-029,Great Wall Components,China,Electronics,Connector Kit CK-8,Field Services,4.41,1034,4559.94,Net 30,False,False
PO-2024-23512,2024-10-01,2024-10-11,2024-10-11,SUP-034,Pacific Rim Circuits,China,Electronics,Sensor Module SM-3,R&D,27.04,332,8977.28,Net 30,True,False
PO-2024-23529,2024-10-02,2024-10-19,2024-10-19,SUP-024,Sterling Components,USA,Electronics,PCB Assembly A-11,Corporate,59.52,462,27498.24,Net 30,True,False
PO-2024-23422,2024-10-02,2024-11-05,2024-11-05,SUP-032,Lotus Components,India,Electronics,Microcontroller MCU-9,Retail Operations,7.77,1262,9805.74,Net 30,True,False
PO-2024-23540,2024-10-02,2024-10-30,2024-10-30,SUP-025,Cascade Semitech,USA,Electronics,Power Supply Unit 450W,Corporate,77.52,196,15193.92,Net 45,True,False
PO-2024-23494,2024-10-02,2024-10-30,2024-10-30,SUP-034,Pacific Rim Circuits,China,Electronics,Connector Kit CK-8,Retail Operations,4.74,2507,11883.18,Net 30,True,False
PO-2024-23551,2024-10-03,2024-10-19,2024-10-19,SUP-025,Cascade Semitech,USA,Electronics,Connector Kit CK-8,R&D,5.01,1394,6983.94,Net 30,False,True
PO-2024-23388,2024-10-03,2024-11-01,2024-11-01,SUP-025,Cascade Semitech,USA,Electronics,Power Supply Unit 450W,Field Services,76.98,75,5773.5,Net 30,False,False
PO-2024-23409,2024-10-03,2024-11-05,2024-11-05,SUP-036,Golden Dragon Components,China,Electronics,Microcontroller MCU-9,Corporate,9.74,2592,25246.08,Net 30,True,False
PO-2024-23518,2024-10-03,2024-10-14,2024-10-14,SUP-028,Summit Components,USA,Electronics,Connector Kit CK-8,R&D,5.33,2513,13394.29,Net 30,True,False
PO-2024-23507,2024-10-03,2024-10-12,2024-10-12,SUP-025,Cascade Semitech,USA,Electronics,Power Supply Unit 450W,R&D,68.28,112,7647.36,Net 45,True,False
PO-2024-23459,2024-10-03,2024-10-25,2024-10-25,SUP-022,Redwood Components,USA,Electronics,Microcontroller MCU-9,Field Services,8.88,3090,27439.2,Net 30,True,False
PO-2024-23451,2024-10-03,2024-11-06,2024-11-06,SUP-034,Pacific Rim Circuits,China,Electronics,Sensor Module SM-3,Retail Operations,27.67,486,13447.62,Net 30,True,False
PO-2024-23424,2024-10-03,2024-10-31,2024-10-31,SUP-032,Lotus Components,India,Electronics,Connector Kit CK-8,Manufacturing,4.4,3774,16605.6,Net 30,False,False
PO-2024-23526,2024-10-03,2024-10-30,2024-10-30,SUP-024,Sterling Components,USA,Electronics,Connector Kit CK-8,Retail Operations,4.82,2839,13683.98,Net 45,True,False
PO-2024-23533,2024-10-03,2024-10-21,2024-10-21,SUP-025,Cascade Semitech,USA,Electronics,PCB Assembly A-11,Corporate,60.66,188,11404.08,Net 45,True,False
PO-2024-23434,2024-10-03,2024-10-23,2024-10-23,SUP-033,Busan Components,South Korea,Electronics,PCB Assembly A-11,Manufacturing,51.36,269,13815.84,Net 60,True,False
PO-2024-23531,2024-10-04,2024-10-27,2024-10-27,SUP-025,Cascade Semitech,USA,Electronics,Sensor Module SM-3,Field Services,28.37,394,11177.78,Net 15,True,False
PO-2024-23433,2024-10-04,2024-10-17,2024-10-17,SUP-025,Cascade Semitech,USA,Electronics,Sensor Module SM-3,Retail Operations,28.94,574,16611.56,Net 15,True,False
PO-2024-23493,2024-10-04,2024-10-20,2024-10-28,SUP-029,Great Wall Components,China,Electronics,Power Supply Unit 450W,Retail Operations,74.25,168,12474.0,Net 30,True,False
PO-2024-23481,2024-10-04,2024-10-31,2024-10-31,SUP-028,Summit Components,USA,Electronics,Microcontroller MCU-9,Field Services,9.15,1348,12334.2,Net 15,False,False
PO-2024-23480,2024-10-04,2024-10-28,2024-10-28,SUP-022,Redwood Components,USA,Electronics,Connector Kit CK-8,Corporate,4.7,2250,10575.0,Net 45,True,False
PO-2024-23423,2024-10-04,2024-11-02,2024-11-02,SUP-028,Summit Components,USA,Electronics,Microcontroller MCU-9,R&D,9.66,3465,33471.9,Net 30,True,False
PO-2024-23394,2024-10-04,2024-10-19,2024-10-19,SUP-033,Busan Components,South Korea,Electronics,Connector Kit CK-8,Field Services,4.55,2821,12835.55,Net 45,False,False
PO-2024-23465,2024-10-05,2024-10-19,2024-10-19,SUP-025,Cascade Semitech,USA,Electronics,Microcontroller MCU-9,Corporate,9.68,975,9438.0,Net 30,True,False
PO-2024-23511,2024-10-05,2024-10-23,2024-10-27,SUP-033,Busan Components,South Korea,Electronics,Microcontroller MCU-9,Corporate,8.17,1886,15408.62,Net 60,True,False
PO-2024-23437,2024-10-05,2024-10-28,2024-10-28,SUP-036,Golden Dragon Components,China,Electronics,Connector Kit CK-8,Field Services,5.12,2000,10240.0,Net 30,False,False
PO-2024-23523,2024-10-05,2024-10-24,2024-10-24,SUP-028,Summit Components,USA,Electronics,Microcontroller MCU-9,Manufacturing,8.92,1569,13995.48,Net 60,True,False
PO-2024-23532,2024-10-05,2024-10-21,2024-10-21,SUP-033,Busan Components,South Korea,Electronics,Sensor Module SM-3,Retail Operations,24.49,756,18514.44,Net 45,True,False
PO-2024-23542,2024-10-05,2024-10-23,2024-10-23,SUP-033,Busan Components,South Korea,Electronics,Connector Kit CK-8,R&D,4.73,4278,20234.94,Net 30,True,False
PO-2024-23387,2024-10-06,2024-10-14,2024-10-14,SUP-022,Redwood Components,USA,Electronics,PCB Assembly A-11,R&D,56.51,463,26164.13,Net 30,True,False
PO-2024-23415,2024-10-06,2024-10-24,2024-10-24,SUP-025,Cascade Semitech,USA,Electronics,PCB Assembly A-11,R&D,64.51,489,31545.39,Net 45,False,False
PO-2024-23538,2024-10-06,2024-10-15,2024-10-15,SUP-022,Redwood Components,USA,Electronics,Sensor Module SM-3,Retail Operations,27.23,521,14186.83,Net 30,True,False
PO-2024-23488,2024-10-06,2024-10-22,2024-10-22,SUP-032,Lotus Components,India,Electronics,Power Supply Unit 450W,Corporate,67.14,125,8392.5,Net 30,True,False
PO-2024-23485,2024-10-06,2024-10-13,2024-10-13,SUP-036,Golden Dragon Components,China,Electronics,Microcontroller MCU-9,R&D,8.96,1995,17875.2,Net 45,True,False
PO-2024-23478,2024-10-06,2024-11-07,2024-11-12,SUP-028,Summit Components,USA,Electronics,Power Supply Unit 450W,R&D,77.01,243,18713.43,Net 15,True,False
PO-2024-23475,2024-10-06,2024-11-07,2024-11-07,SUP-036,Golden Dragon Components,China,Electronics,PCB Assembly A-11,R&D,62.21,24,1493.04,Net 60,True,False
PO-2024-23402,2024-10-07,2024-10-27,2024-10-27,SUP-028,Summit Components,USA,Electronics,PCB Assembly A-11,Manufacturing,63.26,608,38462.08,Net 45,True,False
PO-2024-23462,2024-10-08,2024-11-10,2024-11-10,SUP-033,Busan Components,South Korea,Electronics,Connector Kit CK-8,Corporate,4.36,4190,18268.4,Net 30,True,False
PO-2024-23519,2024-10-09,2024-10-26,2024-10-27,SUP-036,Golden Dragon Components,China,Electronics,Microcontroller MCU-9,Manufacturing,8.97,1643,14737.71,Net 30,True,False
PO-2024-23403,2024-10-09,2024-10-19,2024-10-19,SUP-034,Pacific Rim Circuits,China,Electronics,Connector Kit CK-8,Manufacturing,4.95,3385,16755.75,Net 45,True,False
PO-2024-23524,2024-10-09,2024-11-03,2024-11-03,SUP-034,Pacific Rim Circuits,China,Electronics,Connector Kit CK-8,Field Services,5.07,1660,8416.2,Net 30,True,False
PO-2024-23527,2024-10-10,2024-11-07,2024-11-07,SUP-032,Lotus Components,India,Electronics,Sensor Module SM-3,Field Services,25.44,464,11804.16,Net 45,True,False
PO-2024-23425,2024-10-10,2024-11-05,2024-11-05,SUP-034,Pacific Rim Circuits,China,Electronics,Power Supply Unit 450W,Manufacturing,77.99,157,12244.43,Net 30,True,False
PO-2024-23389,2024-10-10,2024-10-18,2024-10-18,SUP-023,Schwarzwald Circuits,Germany,Electronics,Connector Kit CK-8,Retail Operations,4.6,2636,12125.6,Net 30,True,False
PO-2024-23468,2024-10-10,2024-11-10,2024-11-10,SUP-022,Redwood Components,USA,Electronics,Sensor Module SM-3,Retail Operations,26.09,183,4774.47,Net 60,True,False
PO-2024-23514,2024-10-11,2024-10-27,2024-10-27,SUP-036,Golden Dragon Components,China,Electronics,Connector Kit CK-8,Corporate,5.22,2951,15404.22,Net 30,True,False
PO-2024-23522,2024-10-11,2024-11-14,2024-11-14,SUP-024,Sterling Components,USA,Electronics,Power Supply Unit 450W,Retail Operations,77.36,156,12068.16,Net 30,True,False
PO-2024-23426,2024-10-11,2024-11-02,2024-11-02,SUP-028,Summit Components,USA,Electronics,Power Supply Unit 450W,R&D,80.75,163,13162.25,Net 30,True,False
PO-2024-23510,2024-10-11,2024-10-24,2024-10-24,SUP-025,Cascade Semitech,USA,Electronics,Power Supply Unit 450W,Field Services,76.9,210,16149.0,Net 30,False,False
PO-2024-23444,2024-10-11,2024-10-24,2024-10-24,SUP-034,Pacific Rim Circuits,China,Electronics,Power Supply Unit 450W,Retail Operations,73.72,175,12901.0,Net 45,True,False
PO-2024-23470,2024-10-12,2024-11-10,2024-11-10,SUP-036,Golden Dragon Components,China,Electronics,Power Supply Unit 450W,Field Services,86.01,140,12041.4,Net 15,False,False
PO-2024-23505,2024-10-12,2024-11-07,2024-11-07,SUP-029,Great Wall Components,China,Electronics,Microcontroller MCU-9,R&D,10.36,3356,34768.16,Net 30,True,False
PO-2024-23417,2024-10-12,2024-11-08,2024-11-08,SUP-034,Pacific Rim Circuits,China,Electronics,Connector Kit CK-8,Field Services,5.25,2973,15608.25,Net 30,True,False
PO-2024-23446,2024-10-13,2024-10-30,2024-11-01,SUP-028,Summit Components,USA,Electronics,Sensor Module SM-3,Field Services,28.87,864,24943.68,Net 45,True,True
PO-2024-23429,2024-10-13,2024-11-12,2024-11-12,SUP-034,Pacific Rim Circuits,China,Electronics,PCB Assembly A-11,Field Services,58.95,384,22636.8,Net 30,True,False
PO-2024-23495,2024-10-13,2024-11-14,2024-11-14,SUP-022,Redwood Components,USA,Electronics,PCB Assembly A-11,Retail Operations,56.68,366,20744.88,Net 45,True,False
PO-2024-23452,2024-10-13,2024-10-19,2024-10-19,SUP-028,Summit Components,USA,Electronics,Power Supply Unit 450W,Corporate,80.48,58,4667.84,Net 30,True,False
PO-2024-23458,2024-10-13,2024-10-20,2024-10-20,SUP-032,Lotus Components,India,Electronics,Power Supply Unit 450W,Corporate,63.49,142,9015.58,Net 60,True,False
PO-2024-23466,2024-10-13,2024-11-11,2024-11-11,SUP-028,Summit Components,USA,Electronics,Microcontroller MCU-9,Corporate,8.67,1266,10976.22,Net 45,True,False
PO-2024-23541,2024-10-14,2024-11-09,2024-11-09,SUP-025,Cascade Semitech,USA,Electronics,Power Supply Unit 450W,R&D,76.36,142,10843.12,Net 15,False,False
PO-2024-23471,2024-10-14,2024-10-24,2024-10-24,SUP-031,Hanseatic Circuits,Germany,Electronics,Power Supply Unit 450W,Corporate,80.29,192,15415.68,Net 30,True,False
PO-2024-23492,2024-10-14,2024-10-23,2024-10-23,SUP-025,Cascade Semitech,USA,Electronics,Sensor Module SM-3,Corporate,29.24,411,12017.64,Net 30,True,False
PO-2024-23498,2024-10-14,2024-11-02,2024-11-02,SUP-027,Golden Dragon Circuits,China,Electronics,PCB Assembly A-11,R&D,56.79,371,21069.09,Net 30,False,False
PO-2024-23401,2024-10-14,2024-11-14,2024-11-14,SUP-025,Cascade Semitech,USA,Electronics,Connector Kit CK-8,Retail Operations,5.25,2283,11985.75,Net 30,True,False
PO-2024-23432,2024-10-15,2024-11-15,2024-11-15,SUP-028,Summit Components,USA,Electronics,Sensor Module SM-3,Corporate,29.9,242,7235.8,Net 45,True,False
PO-2024-23431,2024-10-15,2024-11-06,2024-11-06,SUP-032,Lotus Components,India,Electronics,Connector Kit CK-8,Retail Operations,4.52,4065,18373.8,Net 30,True,False
PO-2024-23416,2024-10-15,2024-10-21,2024-10-22,SUP-034,Pacific Rim Circuits,China,Electronics,Microcontroller MCU-9,R&D,8.46,1988,16818.48,Net 30,False,False
PO-2024-23427,2024-10-16,2024-11-17,2024-11-17,SUP-022,Redwood Components,USA,Electronics,PCB Assembly A-11,Manufacturing,56.96,354,20163.84,Net 30,True,False
PO-2024-23435,2024-10-16,2024-11-05,2024-11-05,SUP-025,Cascade Semitech,USA,Electronics,Microcontroller MCU-9,Manufacturing,8.99,2523,22681.77,Net 15,True,False
PO-2024-23549,2024-10-16,2024-11-18,2024-11-18,SUP-024,Sterling Components,USA,Electronics,PCB Assembly A-11,R&D,63.54,535,33993.9,Net 30,True,False
PO-2024-23479,2024-10-16,2024-11-11,2024-11-11,SUP-025,Cascade Semitech,USA,Electronics,Microcontroller MCU-9,Manufacturing,8.26,2762,22814.12,Net 45,True,False
PO-2024-23500,2024-10-16,2024-10-22,2024-10-22,SUP-032,Lotus Components,India,Electronics,Microcontroller MCU-9,R&D,8.18,1725,14110.5,Net 45,True,False
PO-2024-23461,2024-10-16,2024-11-09,2024-11-13,SUP-029,Great Wall Components,China,Electronics,Connector Kit CK-8,Retail Operations,4.79,3627,17373.33,Net 45,True,False
PO-2024-23447,2024-10-17,2024-11-09,2024-11-09,SUP-036,Golden Dragon Components,China,Electronics,PCB Assembly A-11,Retail Operations,62.49,312,19496.88,Net 30,True,False
PO-2024-23550,2024-10-17,2024-11-03,2024-11-04,SUP-022,Redwood Components,USA,Electronics,Connector Kit CK-8,R&D,5.31,2769,14703.39,Net 30,True,False
PO-2024-23508,2024-10-17,2024-10-30,2024-10-30,SUP-028,Summit Components,USA,Electronics,Power Supply Unit 450W,Retail Operations,76.03,194,14749.82,Net 30,True,False
PO-2024-23491,2024-10-17,2024-11-13,2024-11-13,SUP-025,Cascade Semitech,USA,Electronics,Sensor Module SM-3,Field Services,28.98,161,4665.78,Net 30,False,False
PO-2024-23414,2024-10-17,2024-11-08,2024-11-08,SUP-032,Lotus Components,India,Electronics,PCB Assembly A-11,Corporate,56.98,388,22108.24,Net 60,True,False
PO-2024-23436,2024-10-17,2024-10-22,2024-10-23,SUP-024,Sterling Components,USA,Electronics,Connector Kit CK-8,R&D,4.32,1860,8035.2,Net 30,True,False
PO-2024-23450,2024-10-18,2024-11-09,2024-11-10,SUP-028,Summit Components,USA,Electronics,Power Supply Unit 450W,Corporate,75.56,158,11938.48,Net 30,True,False
PO-2024-23503,2024-10-18,2024-11-09,2024-11-09,SUP-028,Summit Components,USA,Electronics,Sensor Module SM-3,Retail Operations,27.6,645,17802.0,Net 30,True,False
PO-2024-23395,2024-10-18,2024-10-31,2024-11-04,SUP-025,Cascade Semitech,USA,Electronics,Connector Kit CK-8,Field Services,5.16,2767,14277.72,Net 15,True,False
PO-2024-23406,2024-10-18,2024-10-28,2024-10-30,SUP-034,Pacific Rim Circuits,China,Electronics,Sensor Module SM-3,Retail Operations,28.64,833,23857.12,Net 45,True,False
PO-2024-23397,2024-10-18,2024-11-03,2024-11-09,SUP-033,Busan Components,South Korea,Electronics,Sensor Module SM-3,Retail Operations,25.29,796,20130.84,Net 30,True,False
PO-2024-23449,2024-10-18,2024-11-14,2024-11-14,SUP-033,Busan Components,South Korea,Electronics,PCB Assembly A-11,R&D,51.46,299,15386.54,Net 45,True,False
PO-2024-23391,2024-10-18,2024-10-26,2024-10-26,SUP-022,Redwood Components,USA,Electronics,PCB Assembly A-11,Manufacturing,61.09,431,26329.79,Net 15,True,False
PO-2024-23547,2024-10-18,2024-11-08,2024-11-11,SUP-034,Pacific Rim Circuits,China,Electronics,PCB Assembly A-11,Field Services,61.68,454,28002.72,Net 45,True,False
PO-2024-23513,2024-10-18,2024-11-01,2024-11-01,SUP-032,Lotus Components,India,Electronics,Connector Kit CK-8,Field Services,4.53,1744,7900.32,Net 30,False,False
PO-2024-23441,2024-10-18,2024-10-27,2024-10-27,SUP-028,Summit Components,USA,Electronics,PCB Assembly A-11,Corporate,62.95,358,22536.1,Net 45,True,False
PO-2024-23546,2024-10-18,2024-11-18,2024-11-18,SUP-034,Pacific Rim Circuits,China,Electronics,Microcontroller MCU-9,Retail Operations,9.64,2356,22711.84,Net 45,True,False
PO-2024-23521,2024-10-18,2024-11-14,2024-11-14,SUP-022,Redwood Components,USA,Electronics,Sensor Module SM-3,Retail Operations,27.02,546,14752.92,Net 30,True,False
PO-2024-23448,2024-10-18,2024-10-28,2024-10-28,SUP-025,Cascade Semitech,USA,Electronics,Microcontroller MCU-9,Retail Operations,9.04,2943,26604.72,Net 45,True,False
PO-2024-23534,2024-10-18,2024-10-27,2024-10-27,SUP-035,Pacific Rim Semitech,China,Electronics,Connector Kit CK-8,R&D,4.55,3857,17549.35,Net 15,True,False
PO-2024-23393,2024-10-19,2024-11-10,2024-11-10,SUP-024,Sterling Components,USA,Electronics,Microcontroller MCU-9,Field Services,8.55,3477,29728.35,Net 60,True,False
PO-2024-23455,2024-10-19,2024-11-05,2024-11-05,SUP-028,Summit Components,USA,Electronics,PCB Assembly A-11,Manufacturing,60.44,297,17950.68,Net 45,True,False
PO-2024-23469,2024-10-20,2024-10-28,2024-10-28,SUP-028,Summit Components,USA,Electronics,PCB Assembly A-11,Retail Operations,63.27,605,38278.35,Net 45,True,False
PO-2024-23528,2024-10-20,2024-11-16,2024-11-16,SUP-036,Golden Dragon Components,China,Electronics,Microcontroller MCU-9,Corporate,9.29,1001,9299.29,Net 30,True,False
PO-2024-23460,2024-10-20,2024-11-07,2024-11-18,SUP-029,Great Wall Components,China,Electronics,Power Supply Unit 450W,Corporate,81.72,169,13810.68,Net 45,True,False
PO-2024-23443,2024-10-20,2024-11-15,2024-11-15,SUP-032,Lotus Components,India,Electronics,Connector Kit CK-8,Retail Operations,4.53,3008,13626.24,Net 15,True,False
PO-2024-23543,2024-10-20,2024-11-21,2024-11-21,SUP-022,Redwood Components,USA,Electronics,Power Supply Unit 450W,Corporate,68.15,230,15674.5,Net 60,True,False
PO-2024-23548,2024-10-21,2024-10-30,2024-10-30,SUP-022,Redwood Components,USA,Electronics,PCB Assembly A-11,Manufacturing,59.31,446,26452.26,Net 60,True,False
PO-2024-23453,2024-10-21,2024-11-04,2024-11-04,SUP-034,Pacific Rim Circuits,China,Electronics,Power Supply Unit 450W,Retail Operations,71.65,120,8598.0,Net 30,True,False
PO-2024-23537,2024-10-21,2024-11-07,2024-11-07,SUP-025,Cascade Semitech,USA,Electronics,PCB Assembly A-11,Manufacturing,64.03,217,13894.51,Net 45,False,False
PO-2024-23445,2024-10-21,2024-11-21,2024-11-21,SUP-025,Cascade Semitech,USA,Electronics,PCB Assembly A-11,Manufacturing,63.28,407,25754.96,Net 30,True,False
PO-2024-23535,2024-10-22,2024-11-20,2024-11-20,SUP-028,Summit Components,USA,Electronics,Microcontroller MCU-9,Field Services,9.32,1873,17456.36,Net 45,True,False
PO-2024-23516,2024-10-22,2024-11-17,2024-11-17,SUP-035,Pacific Rim Semitech,China,Electronics,Microcontroller MCU-9,Corporate,8.99,2246,20191.54,Net 30,True,False
PO-2024-23517,2024-10-22,2024-11-09,2024-11-09,SUP-025,Cascade Semitech,USA,Electronics,PCB Assembly A-11,Corporate,62.36,283,17647.88,Net 45,True,False
PO-2024-23400,2024-10-22,2024-11-07,2024-11-08,SUP-028,Summit Components,USA,Electronics,Connector Kit CK-8,Manufacturing,5.37,3344,17957.28,Net 30,True,False
PO-2024-23399,2024-10-22,2024-11-05,2024-11-05,SUP-024,Sterling Components,USA,Electronics,Power Supply Unit 450W,Field Services,79.07,104,8223.28,Net 60,False,False
PO-2024-23413,2024-10-22,2024-10-29,2024-10-29,SUP-034,Pacific Rim Circuits,China,Electronics,Power Supply Unit 450W,Field Services,73.02,211,15407.22,Net 45,False,False
PO-2024-23405,2024-10-23,2024-11-25,2024-11-25,SUP-034,Pacific Rim Circuits,China,Electronics,Microcontroller MCU-9,Field Services,9.25,1478,13671.5,Net 60,True,False
PO-2024-23487,2024-10-23,2024-10-29,2024-10-30,SUP-036,Golden Dragon Components,China,Electronics,Microcontroller MCU-9,Manufacturing,9.46,2970,28096.2,Net 15,True,False
PO-2024-23496,2024-10-23,2024-11-19,2024-11-19,SUP-028,Summit Components,USA,Electronics,Microcontroller MCU-9,Manufacturing,8.6,2147,18464.2,Net 30,True,False
PO-2024-23499,2024-10-23,2024-11-24,2024-11-24,SUP-028,Summit Components,USA,Electronics,Microcontroller MCU-9,Manufacturing,9.46,2221,21010.66,Net 30,True,False
PO-2024-23472,2024-10-23,2024-11-21,2024-11-21,SUP-035,Pacific Rim Semitech,China,Electronics,Sensor Module SM-3,Retail Operations,28.56,912,26046.72,Net 45,True,False
PO-2024-23467,2024-10-23,2024-11-04,2024-11-04,SUP-036,Golden Dragon Components,China,Electronics,Sensor Module SM-3,Manufacturing,28.38,645,18305.1,Net 30,True,False
PO-2024-23457,2024-10-23,2024-11-19,2024-11-19,SUP-034,Pacific Rim Circuits,China,Electronics,Microcontroller MCU-9,R&D,8.86,1965,17409.9,Net 60,True,False
PO-2024-23509,2024-10-23,2024-11-22,2024-11-22,SUP-034,Pacific Rim Circuits,China,Electronics,Connector Kit CK-8,Manufacturing,5.21,5898,30728.58,Net 60,True,False
PO-2024-23428,2024-10-23,2024-11-15,2024-11-15,SUP-022,Redwood Components,USA,Electronics,Power Supply Unit 450W,Corporate,71.27,199,14182.73,Net 60,True,False
PO-2024-23442,2024-10-23,2024-11-15,2024-11-15,SUP-036,Golden Dragon Components,China,Electronics,PCB Assembly A-11,Retail Operations,60.5,655,39627.5,Net 30,True,False
PO-2024-23421,2024-10-23,2024-11-25,2024-11-25,SUP-028,Summit Components,USA,Electronics,Microcontroller MCU-9,Corporate,8.31,3995,33198.45,Net 45,True,False
PO-2024-23483,2024-10-24,2024-11-08,2024-11-28,SUP-029,Great Wall Components,China,Electronics,PCB Assembly A-11,Field Services,74.26,761,56511.86,Net 30,True,False
PO-2024-23490,2024-10-24,2024-11-23,2024-11-26,SUP-036,Golden Dragon Components,China,Electronics,Sensor Module SM-3,Retail Operations,31.28,783,24492.24,Net 30,True,False
PO-2024-23530,2024-10-24,2024-11-14,2024-11-14,SUP-028,Summit Components,USA,Electronics,PCB Assembly A-11,Retail Operations,59.8,362,21647.6,Net 45,True,False
PO-2024-23390,2024-10-24,2024-11-11,2024-11-11,SUP-025,Cascade Semitech,USA,Electronics,Power Supply Unit 450W,Manufacturing,78.56,35,2749.6,Net 15,True,False
PO-2024-23501,2024-10-24,2024-10-31,2024-10-31,SUP-032,Lotus Components,India,Electronics,Sensor Module SM-3,Field Services,25.84,580,14987.2,Net 30,True,False
PO-2024-23464,2024-10-24,2024-11-04,2024-11-04,SUP-034,Pacific Rim Circuits,China,Electronics,Microcontroller MCU-9,Retail Operations,8.66,556,4814.96,Net 45,True,False
PO-2024-23525,2024-10-25,2024-11-04,2024-11-04,SUP-028,Summit Components,USA,Electronics,Power Supply Unit 450W,Field Services,77.28,144,11128.32,Net 30,True,False
PO-2024-23515,2024-10-25,2024-11-19,2024-11-20,SUP-023,Schwarzwald Circuits,Germany,Electronics,Connector Kit CK-8,Corporate,4.49,2476,11117.24,Net 45,True,False
PO-2024-23484,2024-10-25,2024-11-14,2024-11-14,SUP-036,Golden Dragon Components,China,Electronics,Sensor Module SM-3,Manufacturing,29.4,293,8614.2,Net 45,True,False
PO-2024-23504,2024-10-25,2024-11-19,2024-11-19,SUP-027,Golden Dragon Circuits,China,Electronics,PCB Assembly A-11,Corporate,64.49,222,14316.78,Net 30,True,False
PO-2024-23396,2024-10-25,2024-10-31,2024-10-31,SUP-028,Summit Components,USA,Electronics,Microcontroller MCU-9,Manufacturing,8.51,1473,12535.23,Net 60,True,False
PO-2024-23411,2024-10-25,2024-11-19,2024-11-19,SUP-032,Lotus Components,India,Electronics,Microcontroller MCU-9,Manufacturing,8.29,4716,39095.64,Net 45,True,False
PO-2024-23418,2024-10-25,2024-11-13,2024-11-13,SUP-024,Sterling Components,USA,Electronics,Sensor Module SM-3,Field Services,28.16,669,18839.04,Net 60,True,False
PO-2024-23392,2024-10-26,2024-11-22,2024-11-22,SUP-026,Great Wall Circuits,China,Electronics,PCB Assembly A-11,R&D,61.9,379,23460.1,Net 45,True,False
PO-2024-23486,2024-10-26,2024-11-07,2024-11-07,SUP-022,Redwood Components,USA,Electronics,Sensor Module SM-3,R&D,27.67,624,17266.08,Net 45,True,False
PO-2024-23420,2024-10-27,2024-11-07,2024-11-07,SUP-036,Golden Dragon Components,China,Electronics,Microcontroller MCU-9,Field Services,9.51,3826,36385.26,Net 45,False,False
PO-2024-23419,2024-10-27,2024-11-13,2024-11-13,SUP-033,Busan Components,South Korea,Electronics,Connector Kit CK-8,Manufacturing,4.31,4812,20739.72,Net 45,True,False
PO-2024-23407,2024-10-27,2024-11-04,2024-11-04,SUP-028,Summit Components,USA,Electronics,Power Supply Unit 450W,R&D,77.89,34,2648.26,Net 30,True,False
PO-2024-23430,2024-10-27,2024-11-24,2024-11-24,SUP-025,Cascade Semitech,USA,Electronics,Microcontroller MCU-9,Manufacturing,8.85,4911,43462.35,Net 15,False,False
PO-2024-23536,2024-10-27,2024-11-26,2024-11-28,SUP-029,Great Wall Components,China,Electronics,Power Supply Unit 450W,Field Services,71.78,187,13422.86,Net 45,False,False
PO-2024-23544,2024-10-27,2024-11-15,2024-11-15,SUP-034,Pacific Rim Circuits,China,Electronics,Connector Kit CK-8,Manufacturing,5.28,4161,21970.08,Net 45,True,False
PO-2024-23482,2024-10-27,2024-11-14,2024-11-14,SUP-024,Sterling Components,USA,Electronics,Connector Kit CK-8,Field Services,5.17,3453,17852.01,Net 30,True,False
PO-2024-23474,2024-10-27,2024-11-25,2024-11-25,SUP-028,Summit Components,USA,Electronics,Power Supply Unit 450W,R&D,81.74,128,10462.72,Net 45,False,False
PO-2024-23473,2024-10-27,2024-11-21,2024-11-21,SUP-022,Redwood Components,USA,Electronics,Connector Kit CK-8,R&D,4.87,4077,19854.99,Net 45,True,False
PO-2024-23463,2024-10-27,2024-11-30,2024-11-30,SUP-032,Lotus Components,India,Electronics,Microcontroller MCU-9,Retail Operations,7.94,2258,17928.52,Net 30,True,False
PO-2024-23439,2024-10-28,2024-11-25,2024-11-25,SUP-028,Summit Components,USA,Electronics,Sensor Module SM-3,Retail Operations,29.4,544,15993.6,Net 15,True,False
PO-2024-23410,2024-10-28,2024-11-21,2024-11-21,SUP-025,Cascade Semitech,USA,Electronics,Sensor Module SM-3,Corporate,29.28,847,24800.16,Net 45,True,False
PO-2024-23502,2024-10-28,2024-11-10,2024-11-10,SUP-033,Busan Components,South Korea,Electronics,Sensor Module SM-3,Field Services,26.37,809,21333.33,Net 45,True,False
PO-2024-23539,2024-10-28,2024-11-08,2024-11-08,SUP-036,Golden Dragon Components,China,Electronics,Power Supply Unit 450W,Retail Operations,75.77,93,7046.61,Net 45,True,False
PO-2024-23520,2024-10-28,2024-11-09,2024-11-09,SUP-036,Golden Dragon Components,China,Electronics,Power Supply Unit 450W,R&D,79.24,210,16640.4,Net 30,False,False
PO-2024-23440,2024-10-29,2024-12-02,2024-12-02,SUP-028,Summit Components,USA,Electronics,PCB Assembly A-11,Corporate,63.63,297,18898.11,Net 30,True,False
PO-2024-23477,2024-10-29,2024-11-24,2024-11-24,SUP-034,Pacific Rim Circuits,China,Electronics,Sensor Module SM-3,R&D,25.41,654,16618.14,Net 30,True,False
PO-2024-23489,2024-10-29,2024-11-19,2024-11-20,SUP-027,Golden Dragon Circuits,China,Electronics,Connector Kit CK-8,Retail Operations,5.27,2636,13891.72,Net 45,True,False
PO-2024-23497,2024-10-29,2024-11-22,2024-11-25,SUP-033,Busan Components,South Korea,Electronics,PCB Assembly A-11,Retail Operations,54.48,324,17651.52,Net 30,True,False
PO-2024-23506,2024-10-29,2024-11-23,2024-11-23,SUP-028,Summit Components,USA,Electronics,Sensor Module SM-3,R&D,28.65,388,11116.2,Net 45,True,False
PO-2024-23545,2024-10-29,2024-11-30,2024-11-30,SUP-036,Golden Dragon Components,China,Electronics,PCB Assembly A-11,R&D,65.92,439,28938.88,Net 45,False,False
PO-2024-23412,2024-10-29,2024-11-14,2024-11-17,SUP-022,Redwood Components,USA,Electronics,Microcontroller MCU-9,R&D,8.83,2533,22366.39,Net 30,False,False
PO-2024-23386,2024-10-29,2024-11-30,2024-11-30,SUP-033,Busan Components,South Korea,Electronics,Microcontroller MCU-9,Retail Operations,7.75,3570,27667.5,Net 30,True,False
PO-2024-23408,2024-10-29,2024-11-30,2024-11-30,SUP-032,Lotus Components,India,Electronics,Microcontroller MCU-9,Retail Operations,7.74,3126,24195.24,Net 45,True,False
PO-2024-23552,2024-10-30,2024-11-23,2024-11-27,SUP-022,Redwood Components,USA,Electronics,Microcontroller MCU-9,Field Services,9.11,4301,39182.11,Net 30,False,False
PO-2024-23398,2024-10-30,2024-11-05,2024-11-05,SUP-025,Cascade Semitech,USA,Electronics,Microcontroller MCU-9,Corporate,9.17,2839,26033.63,Net 45,True,False
PO-2024-23404,2024-10-30,2024-11-20,2024-12-09,SUP-029,Great Wall Components,China,Electronics,Power Supply Unit 450W,Retail Operations,42.65,204,8700.6,Net 45,True,False
PO-2024-23456,2024-10-30,2024-11-11,2024-11-11,SUP-028,Summit Components,USA,Electronics,Microcontroller MCU-9,R&D,9.4,2473,23246.2,Net 30,True,False
PO-2024-23476,2024-10-30,2024-11-11,2024-11-11,SUP-024,Sterling Components,USA,Electronics,Microcontroller MCU-9,Retail Operations,9.52,2090,19896.8,Net 30,True,False
PO-2024-23438,2024-10-31,2024-11-17,2024-11-17,SUP-025,Cascade Semitech,USA,Electronics,Power Supply Unit 450W,Manufacturing,79.72,144,11479.68,Net 45,True,False
PO-2024-24766,2024-11-01,2024-11-11,2024-11-11,SUP-028,Summit Components,USA,Electronics,PCB Assembly A-11,Retail Operations,61.88,287,17759.56,Net 45,True,False
PO-2024-24758,2024-11-01,2024-11-22,2024-11-22,SUP-028,Summit Components,USA,Electronics,Sensor Module SM-3,Field Services,28.49,740,21082.6,Net 30,False,False
PO-2024-24830,2024-11-01,2024-11-29,2024-11-29,SUP-033,Busan Components,South Korea,Electronics,Sensor Module SM-3,R&D,25.75,797,20522.75,Net 30,True,False
PO-2024-24845,2024-11-01,2024-11-07,2024-11-07,SUP-036,Golden Dragon Components,China,Electronics,PCB Assembly A-11,Manufacturing,65.67,432,28369.44,Net 30,True,False
PO-2024-24853,2024-11-02,2024-11-24,2024-11-24,SUP-028,Summit Components,USA,Electronics,Power Supply Unit 450W,Manufacturing,77.15,229,17667.35,Net 60,True,False
PO-2024-24757,2024-11-02,2024-11-28,2024-11-28,SUP-035,Pacific Rim Semitech,China,Electronics,Power Supply Unit 450W,Retail Operations,73.08,178,13008.24,Net 15,True,False
PO-2024-24910,2024-11-02,2024-11-28,2024-11-29,SUP-033,Busan Components,South Korea,Electronics,Sensor Module SM-3,R&D,24.92,428,10665.76,Net 45,True,False
PO-2024-24882,2024-11-02,2024-11-11,2024-11-11,SUP-032,Lotus Components,India,Electronics,PCB Assembly A-11,Corporate,50.51,191,9647.41,Net 45,True,False
PO-2024-24836,2024-11-02,2024-12-01,2024-12-01,SUP-028,Summit Components,USA,Electronics,Power Supply Unit 450W,Corporate,75.6,208,15724.8,Net 45,True,False
PO-2024-24828,2024-11-02,2024-11-26,2024-11-26,SUP-028,Summit Components,USA,Electronics,PCB Assembly A-11,Corporate,63.16,623,39348.68,Net 60,True,False
PO-2024-24892,2024-11-02,2024-11-12,2024-11-12,SUP-036,Golden Dragon Components,China,Electronics,Connector Kit CK-8,Field Services,5.53,4407,24370.71,Net 30,True,False
PO-2024-24850,2024-11-02,2024-11-12,2024-11-12,SUP-036,Golden Dragon Components,China,Electronics,Microcontroller MCU-9,Retail Operations,9.56,3321,31748.76,Net 30,True,False
PO-2024-24869,2024-11-02,2024-11-27,2024-11-27,SUP-034,Pacific Rim Circuits,China,Electronics,PCB Assembly A-11,Manufacturing,59.42,365,21688.3,Net 30,True,False
PO-2024-24852,2024-11-03,2024-11-08,2024-11-08,SUP-028,Summit Components,USA,Electronics,Connector Kit CK-8,Field Services,5.77,2555,14742.35,Net 45,True,False
PO-2024-24819,2024-11-03,2024-11-09,2024-11-09,SUP-033,Busan Components,South Korea,Electronics,Sensor Module SM-3,Field Services,25.63,446,11430.98,Net 30,True,False
PO-2024-24888,2024-11-04,2024-12-07,2024-12-10,SUP-025,Cascade Semitech,USA,Electronics,PCB Assembly A-11,Retail Operations,63.12,454,28656.48,Net 15,True,True
PO-2024-24883,2024-11-04,2024-11-29,2024-11-29,SUP-028,Summit Components,USA,Electronics,Sensor Module SM-3,R&D,25.96,417,10825.32,Net 30,True,False
PO-2024-24911,2024-11-04,2024-11-09,2024-11-14,SUP-029,Great Wall Components,China,Electronics,Power Supply Unit 450W,R&D,97.03,175,16980.25,Net 45,True,False
PO-2024-24736,2024-11-04,2024-11-11,2024-11-11,SUP-032,Lotus Components,India,Electronics,Sensor Module SM-3,Retail Operations,25.3,680,17204.0,Net 30,True,False
PO-2024-24739,2024-11-04,2024-11-10,2024-11-10,SUP-036,Golden Dragon Components,China,Electronics,Sensor Module SM-3,Corporate,28.91,318,9193.38,Net 30,True,False
PO-2024-24880,2024-11-04,2024-12-04,2024-12-04,SUP-036,Golden Dragon Components,China,Electronics,Sensor Module SM-3,Retail Operations,29.23,859,25108.57,Net 60,True,False
PO-2024-24868,2024-11-04,2024-11-26,2024-11-26,SUP-032,Lotus Components,India,Electronics,Microcontroller MCU-9,Retail Operations,7.67,1503,11528.01,Net 60,True,False
PO-2024-24862,2024-11-04,2024-12-07,2024-12-07,SUP-032,Lotus Components,India,Electronics,Connector Kit CK-8,R&D,4.62,4589,21201.18,Net 15,True,False
PO-2024-24764,2024-11-04,2024-11-12,2024-11-12,SUP-034,Pacific Rim Circuits,China,Electronics,Connector Kit CK-8,Corporate,5.48,3994,21887.12,Net 15,True,False
PO-2024-24857,2024-11-04,2024-11-26,2024-11-26,SUP-028,Summit Components,USA,Electronics,Connector Kit CK-8,Retail Operations,5.67,2674,15161.58,Net 45,True,False
PO-2024-24779,2024-11-04,2024-11-15,2024-11-15,SUP-034,Pacific Rim Circuits,China,Electronics,Connector Kit CK-8,Manufacturing,5.29,2802,14822.58,Net 45,True,False
PO-2024-24878,2024-11-04,2024-12-07,2024-12-07,SUP-028,Summit Components,USA,Electronics,Sensor Module SM-3,Retail Operations,29.82,680,20277.6,Net 30,True,False
PO-2024-24851,2024-11-05,2024-12-02,2024-12-02,SUP-028,Summit Components,USA,Electronics,PCB Assembly A-11,Retail Operations,61.21,598,36603.58,Net 45,True,False
PO-2024-24824,2024-11-05,2024-11-17,2024-11-17,SUP-028,Summit Components,USA,Electronics,Microcontroller MCU-9,Field Services,9.68,3378,32699.04,Net 60,True,False
PO-2024-24913,2024-11-05,2024-11-16,2024-11-16,SUP-025,Cascade Semitech,USA,Electronics,Sensor Module SM-3,Retail Operations,29.69,382,11341.58,Net 45,True,False
PO-2024-24769,2024-11-05,2024-11-24,2024-11-24,SUP-025,Cascade Semitech,USA,Electronics,Sensor Module SM-3,Manufacturing,27.24,420,11440.8,Net 30,True,False
PO-2024-24765,2024-11-05,2024-11-14,2024-11-14,SUP-032,Lotus Components,India,Electronics,Connector Kit CK-8,Corporate,4.36,3994,17413.84,Net 60,True,False
PO-2024-24904,2024-11-05,2024-12-07,2024-12-07,SUP-034,Pacific Rim Circuits,China,Electronics,Power Supply Unit 450W,Field Services,77.21,127,9805.67,Net 30,False,False
PO-2024-24803,2024-11-06,2024-11-23,2024-11-23,SUP-023,Schwarzwald Circuits,Germany,Electronics,PCB Assembly A-11,Manufacturing,59.18,301,17813.18,Net 45,True,False
PO-2024-24820,2024-11-06,2024-11-20,2024-11-20,SUP-024,Sterling Components,USA,Electronics,Sensor Module SM-3,Field Services,30.64,617,18904.88,Net 45,True,False
PO-2024-47108,2024-11-06,2024-11-10,2024-11-10,SUP-036,Golden Dragon Components,China,Electronics,Sensor Module SM-3,Corporate,28.91,318,9193.38,Net 30,True,False
PO-2024-24920,2024-11-06,2024-12-03,2024-12-03,SUP-034,Pacific Rim Circuits,China,Electronics,Connector Kit CK-8,Corporate,5.7,628,3579.6,Net 30,True,False
PO-2024-24787,2024-11-07,2024-11-21,2024-12-04,SUP-029,Great Wall Components,China,Electronics,Microcontroller MCU-9,R&D,9.32,3514,32750.48,Net 30,True,True
PO-2024-24767,2024-11-07,2024-11-14,2024-11-14,SUP-025,Cascade Semitech,USA,Electronics,Microcontroller MCU-9,Corporate,8.84,2142,18935.28,Net 30,True,False
PO-2024-24747,2024-11-07,2024-12-09,2024-12-09,SUP-036,Golden Dragon Components,China,Electronics,Sensor Module SM-3,Corporate,29.77,664,19767.28,Net 45,True,True
PO-2024-24823,2024-11-07,2024-11-13,2024-11-26,SUP-029,Great Wall Components,China,Electronics,Power Supply Unit 450W,Field Services,73.97,127,9394.19,Net 30,True,False
PO-2024-24838,2024-11-07,2024-11-17,2024-11-17,SUP-027,Golden Dragon Circuits,China,Electronics,Sensor Module SM-3,Retail Operations,28.59,895,25588.05,Net 60,True,False
PO-2024-24789,2024-11-07,2024-12-07,2024-12-07,SUP-024,Sterling Components,USA,Electronics,Sensor Module SM-3,Manufacturing,26.44,1036,27391.84,Net 60,True,False
PO-2024-24813,2024-11-07,2024-12-11,2024-12-11,SUP-034,Pacific Rim Circuits,China,Electronics,Power Supply Unit 450W,Manufacturing,74.95,78,5846.1,Net 30,True,False
PO-2024-24839,2024-11-08,2024-11-14,2024-11-14,SUP-036,Golden Dragon Components,China,Electronics,Microcontroller MCU-9,Manufacturing,10.1,2201,22230.1,Net 45,True,False
PO-2024-24743,2024-11-08,2024-11-26,2024-11-26,SUP-034,Pacific Rim Circuits,China,Electronics,Sensor Module SM-3,Corporate,29.24,411,12017.64,Net 60,True,False
PO-2024-24784,2024-11-08,2024-12-05,2024-12-05,SUP-034,Pacific Rim Circuits,China,Electronics,Sensor Module SM-3,Field Services,27.06,672,18184.32,Net 60,True,False
PO-2024-24815,2024-11-08,2024-11-14,2024-11-14,SUP-025,Cascade Semitech,USA,Electronics,PCB Assembly A-11,Corporate,56.55,326,18435.3,Net 30,True,False
PO-2024-24876,2024-11-08,2024-12-02,2024-12-02,SUP-022,Redwood Components,USA,Electronics,Microcontroller MCU-9,Field Services,9.43,2254,21255.22,Net 45,False,False
PO-2024-24791,2024-11-09,2024-12-05,2024-12-05,SUP-032,Lotus Components,India,Electronics,Microcontroller MCU-9,Corporate,8.11,2833,22975.63,Net 45,True,False
PO-2024-24826,2024-11-09,2024-11-17,2024-11-17,SUP-036,Golden Dragon Components,China,Electronics,Power Supply Unit 450W,Manufacturing,82.66,136,11241.76,Net 45,True,False
PO-2024-24918,2024-11-09,2024-12-01,2024-12-01,SUP-025,Cascade Semitech,USA,Electronics,Microcontroller MCU-9,Field Services,8.73,1760,15364.8,Net 45,True,False
PO-2024-24912,2024-11-09,2024-11-28,2024-11-28,SUP-033,Busan Components,South Korea,Electronics,Connector Kit CK-8,Corporate,4.39,2780,12204.2,Net 60,True,False
PO-2024-24865,2024-11-09,2024-11-15,2024-11-15,SUP-022,Redwood Components,USA,Electronics,Microcontroller MCU-9,Corporate,8.69,3961,34421.09,Net 30,True,False
PO-2024-24750,2024-11-10,2024-12-12,2024-12-12,SUP-036,Golden Dragon Components,China,Electronics,PCB Assembly A-11,Corporate,61.02,449,27397.98,Net 45,True,False
PO-2024-24796,2024-11-10,2024-11-26,2024-11-26,SUP-025,Cascade Semitech,USA,Electronics,PCB Assembly A-11,R&D,67.47,330,22265.1,Net 15,True,False
PO-2024-24760,2024-11-10,2024-11-17,2024-11-17,SUP-031,Hanseatic Circuits,Germany,Electronics,Sensor Module SM-3,R&D,27.97,471,13173.87,Net 15,True,False
PO-2024-24749,2024-11-10,2024-12-08,2024-12-08,SUP-036,Golden Dragon Components,China,Electronics,Power Supply Unit 450W,Field Services,83.19,122,10149.18,Net 45,True,False
PO-2024-24844,2024-11-11,2024-11-22,2024-11-22,SUP-028,Summit Components,USA,Electronics,Power Supply Unit 450W,R&D,76.72,170,13042.4,Net 30,True,False
PO-2024-24759,2024-11-11,2024-12-05,2024-12-05,SUP-025,Cascade Semitech,USA,Electronics,Microcontroller MCU-9,Retail Operations,9.41,2586,24334.26,Net 60,True,False
PO-2024-24860,2024-11-11,2024-12-12,2024-12-12,SUP-028,Summit Components,USA,Electronics,PCB Assembly A-11,Retail Operations,64.13,450,28858.5,Net 30,True,False
PO-2024-24886,2024-11-11,2024-11-17,2024-11-17,SUP-022,Redwood Components,USA,Electronics,Power Supply Unit 450W,R&D,72.69,60,4361.4,Net 60,True,False
PO-2024-24837,2024-11-11,2024-12-06,2024-12-06,SUP-028,Summit Components,USA,Electronics,Power Supply Unit 450W,Field Services,70.54,114,8041.56,Net 30,False,False
PO-2024-24896,2024-11-12,2024-11-22,2024-11-28,SUP-029,Great Wall Components,China,Electronics,Power Supply Unit 450W,Manufacturing,77.11,185,14265.35,Net 30,True,False
PO-2024-24848,2024-11-12,2024-12-13,2024-12-13,SUP-036,Golden Dragon Components,China,Electronics,Connector Kit CK-8,Corporate,5.49,947,5199.03,Net 45,True,False
PO-2024-24843,2024-11-12,2024-11-28,2024-11-28,SUP-036,Golden Dragon Components,China,Electronics,Microcontroller MCU-9,Manufacturing,10.0,2000,20000.0,Net 30,True,False
PO-2024-24879,2024-11-12,2024-12-06,2024-12-06,SUP-034,Pacific Rim Circuits,China,Electronics,Sensor Module SM-3,Corporate,27.52,644,17722.88,Net 45,True,False
PO-2024-24771,2024-11-13,2024-12-02,2024-12-19,SUP-029,Great Wall Components,China,Electronics,PCB Assembly A-11,Corporate,75.51,439,33148.89,Net 30,True,False
PO-2024-24801,2024-11-13,2024-11-18,2024-11-18,SUP-034,Pacific Rim Circuits,China,Electronics,PCB Assembly A-11,R&D,61.4,437,26831.8,Net 30,True,False
PO-2024-24832,2024-11-13,2024-12-17,2024-12-17,SUP-025,Cascade Semitech,USA,Electronics,Power Supply Unit 450W,Manufacturing,70.49,85,5991.65,Net 45,True,False
PO-2024-24840,2024-11-13,2024-12-04,2024-12-04,SUP-028,Summit Components,USA,Electronics,Microcontroller MCU-9,Corporate,8.68,2765,24000.2,Net 30,True,False
PO-2024-24742,2024-11-13,2024-12-14,2024-12-17,SUP-025,Cascade Semitech,USA,Electronics,PCB Assembly A-11,Field Services,65.8,295,19411.0,Net 30,False,False
PO-2024-24745,2024-11-13,2024-12-07,2024-12-07,SUP-028,Summit Components,USA,Electronics,Sensor Module SM-3,R&D,29.61,396,11725.56,Net 60,True,False
PO-2024-24782,2024-11-13,2024-12-12,2024-12-12,SUP-024,Sterling Components,USA,Electronics,Sensor Module SM-3,Corporate,28.87,664,19169.68,Net 30,True,False
PO-2024-24778,2024-11-13,2024-12-10,2024-12-12,SUP-028,Summit Components,USA,Electronics,Microcontroller MCU-9,Corporate,9.47,1617,15312.99,Net 45,True,False
PO-2024-24870,2024-11-13,2024-12-15,2024-12-15,SUP-036,Golden Dragon Components,China,Electronics,Sensor Module SM-3,Corporate,30.11,347,10448.17,Net 30,True,False
PO-2024-24922,2024-11-13,2024-12-04,2024-12-04,SUP-036,Golden Dragon Components,China,Electronics,Microcontroller MCU-9,Manufacturing,9.66,2622,25328.52,Net 60,True,False
PO-2024-24894,2024-11-14,2024-12-16,2024-12-16,SUP-028,Summit Components,USA,Electronics,Sensor Module SM-3,Field Services,28.37,843,23915.91,Net 45,True,False
PO-2024-24873,2024-11-14,2024-11-29,2024-11-29,SUP-036,Golden Dragon Components,China,Electronics,Power Supply Unit 450W,Manufacturing,78.6,122,9589.2,Net 30,True,False
PO-2024-24753,2024-11-15,2024-11-25,2024-11-25,SUP-033,Busan Components,South Korea,Electronics,Connector Kit CK-8,Corporate,4.3,3176,13656.8,Net 60,True,False
PO-2024-24887,2024-11-15,2024-12-09,2024-12-09,SUP-028,Summit Components,USA,Electronics,Connector Kit CK-8,Manufacturing,5.37,3600,19332.0,Net 15,True,False
PO-2024-24866,2024-11-15,2024-12-02,2024-12-02,SUP-025,Cascade Semitech,USA,Electronics,Microcontroller MCU-9,Field Services,9.38,2172,20373.36,Net 15,False,False
PO-2024-24921,2024-11-15,2024-12-11,2024-12-17,SUP-029,Great Wall Components,China,Electronics,Connector Kit CK-8,Corporate,4.75,2509,11917.75,Net 45,True,False
PO-2024-24885,2024-11-15,2024-11-30,2024-11-30,SUP-034,Pacific Rim Circuits,China,Electronics,Sensor Module SM-3,Manufacturing,27.37,338,9251.06,Net 60,True,False
PO-2024-24891,2024-11-15,2024-12-08,2024-12-08,SUP-028,Summit Components,USA,Electronics,Microcontroller MCU-9,Corporate,8.76,4125,36135.0,Net 30,True,False
PO-2024-24907,2024-11-15,2024-12-13,2024-12-13,SUP-028,Summit Components,USA,Electronics,Power Supply Unit 450W,Manufacturing,76.62,149,11416.38,Net 30,False,False
PO-2024-24744,2024-11-16,2024-12-15,2024-12-15,SUP-032,Lotus Components,India,Electronics,Power Supply Unit 450W,R&D,63.27,1,63.27,Net 45,True,False
PO-2024-24841,2024-11-16,2024-11-22,2024-11-22,SUP-026,Great Wall Circuits,China,Electronics,PCB Assembly A-11,Field Services,67.64,441,29829.24,Net 30,True,False
PO-2024-24825,2024-11-16,2024-12-20,2024-12-21,SUP-022,Redwood Components,USA,Electronics,Connector Kit CK-8,Field Services,4.86,2339,11367.54,Net 15,True,False
PO-2024-24861,2024-11-16,2024-12-15,2024-12-15,SUP-034,Pacific Rim Circuits,China,Electronics,PCB Assembly A-11,Manufacturing,66.0,451,29766.0,Net 60,True,False
PO-2024-24833,2024-11-16,2024-12-03,2024-12-03,SUP-028,Summit Components,USA,Electronics,Connector Kit CK-8,Field Services,5.2,2003,10415.6,Net 30,True,False
PO-2024-24807,2024-11-16,2024-12-13,2024-12-13,SUP-032,Lotus Components,India,Electronics,PCB Assembly A-11,Manufacturing,59.46,677,40254.42,Net 30,False,False
PO-2024-24881,2024-11-17,2024-12-20,2024-12-20,SUP-036,Golden Dragon Components,China,Electronics,Connector Kit CK-8,R&D,5.61,2301,12908.61,Net 45,True,False
PO-2024-24794,2024-11-17,2024-12-10,2024-12-10,SUP-036,Golden Dragon Components,China,Electronics,Power Supply Unit 450W,R&D,89.55,186,16656.3,Net 30,True,False
PO-2024-24763,2024-11-17,2024-12-18,2024-12-18,SUP-025,Cascade Semitech,USA,Electronics,PCB Assembly A-11,Corporate,67.96,350,23786.0,Net 45,True,False
PO-2024-24762,2024-11-17,2024-12-14,2024-12-14,SUP-028,Summit Components,USA,Electronics,Sensor Module SM-3,Retail Operations,27.94,497,13886.18,Net 60,True,False
PO-2024-24812,2024-11-17,2024-11-23,2024-11-23,SUP-034,Pacific Rim Circuits,China,Electronics,Power Supply Unit 450W,Manufacturing,77.43,169,13085.67,Net 60,True,False
PO-2024-24900,2024-11-18,2024-12-05,2024-12-05,SUP-034,Pacific Rim Circuits,China,Electronics,Sensor Module SM-3,Field Services,29.94,735,22005.9,Net 30,True,False
PO-2024-24800,2024-11-18,2024-12-08,2024-12-08,SUP-032,Lotus Components,India,Electronics,Connector Kit CK-8,Corporate,4.8,3396,16300.8,Net 30,True,False
PO-2024-24818,2024-11-19,2024-12-02,2024-12-02,SUP-032,Lotus Components,India,Electronics,Connector Kit CK-8,R&D,4.22,2721,11482.62,Net 30,True,False
PO-2024-24781,2024-11-19,2024-12-01,2024-12-01,SUP-028,Summit Components,USA,Electronics,Microcontroller MCU-9,Corporate,9.87,1513,14933.31,Net 45,True,False
PO-2024-24903,2024-11-19,2024-12-23,2024-12-24,SUP-032,Lotus Components,India,Electronics,Microcontroller MCU-9,R&D,7.97,1162,9261.14,Net 30,False,False
PO-2024-24835,2024-11-19,2024-12-05,2024-12-05,SUP-033,Busan Components,South Korea,Electronics,Sensor Module SM-3,Retail Operations,25.75,538,13853.5,Net 60,True,False
PO-2024-24901,2024-11-19,2024-12-03,2024-12-03,SUP-036,Golden Dragon Components,China,Electronics,Power Supply Unit 450W,Corporate,80.44,136,10939.84,Net 30,True,False
PO-2024-24827,2024-11-19,2024-12-06,2024-12-06,SUP-028,Summit Components,USA,Electronics,Sensor Module SM-3,Field Services,29.53,673,19873.69,Net 30,True,False
PO-2024-24822,2024-11-19,2024-12-01,2024-12-01,SUP-034,Pacific Rim Circuits,China,Electronics,Microcontroller MCU-9,Manufacturing,8.99,859,7722.41,Net 45,True,False
PO-2024-24871,2024-11-19,2024-12-23,2024-12-23,SUP-028,Summit Components,USA,Electronics,Power Supply Unit 450W,Field Services,79.46,133,10568.18,Net 60,True,False
PO-2024-24846,2024-11-20,2024-11-25,2024-11-25,SUP-028,Summit Components,USA,Electronics,Power Supply Unit 450W,R&D,76.55,195,14927.25,Net 45,True,False
PO-2024-24814,2024-11-20,2024-12-01,2024-12-01,SUP-028,Summit Components,USA,Electronics,Connector Kit CK-8,R&D,5.27,2946,15525.42,Net 30,True,False
PO-2024-24811,2024-11-20,2024-12-11,2024-12-11,SUP-028,Summit Components,USA,Electronics,Power Supply Unit 450W,R&D,77.55,103,7987.65,Net 30,True,False
PO-2024-24795,2024-11-20,2024-12-01,2024-12-01,SUP-033,Busan Components,South Korea,Electronics,Sensor Module SM-3,Field Services,26.55,713,18930.15,Net 30,True,False
PO-2024-24890,2024-11-20,2024-12-11,2024-12-11,SUP-034,Pacific Rim Circuits,China,Electronics,Sensor Module SM-3,Retail Operations,27.77,541,15023.57,Net 30,True,False
PO-2024-24738,2024-11-20,2024-12-01,2024-12-01,SUP-028,Summit Components,USA,Electronics,Connector Kit CK-8,Corporate,5.27,1874,9875.98,Net 30,True,False
PO-2024-24847,2024-11-20,2024-12-12,2024-12-12,SUP-022,Redwood Components,USA,Electronics,Microcontroller MCU-9,Manufacturing,8.53,1682,14347.46,Net 30,True,False
PO-2024-24874,2024-11-20,2024-12-20,2024-12-22,SUP-028,Summit Components,USA,Electronics,Microcontroller MCU-9,Manufacturing,9.81,1881,18452.61,Net 45,True,False
PO-2024-24780,2024-11-20,2024-12-14,2024-12-14,SUP-022,Redwood Components,USA,Electronics,PCB Assembly A-11,Manufacturing,63.6,594,37778.4,Net 30,True,False
PO-2024-24777,2024-11-20,2024-12-07,2024-12-07,SUP-033,Busan Components,South Korea,Electronics,Microcontroller MCU-9,Manufacturing,7.83,3430,26856.9,Net 60,True,False
PO-2024-24817,2024-11-20,2024-12-07,2024-12-07,SUP-028,Summit Components,USA,Electronics,PCB Assembly A-11,Retail Operations,64.97,494,32095.18,Net 30,True,False
PO-2024-24884,2024-11-20,2024-12-11,2024-12-11,SUP-033,Busan Components,South Korea,Electronics,Sensor Module SM-3,Retail Operations,25.9,480,12432.0,Net 30,True,False
PO-2024-24772,2024-11-20,2024-12-19,2024-12-19,SUP-034,Pacific Rim Circuits,China,Electronics,PCB Assembly A-11,R&D,58.14,373,21686.22,Net 15,True,False
PO-2024-24877,2024-11-20,2024-12-06,2024-12-06,SUP-022,Redwood Components,USA,Electronics,PCB Assembly A-11,Manufacturing,60.6,424,25694.4,Net 60,True,False
PO-2024-24829,2024-11-21,2024-11-30,2024-11-30,SUP-024,Sterling Components,USA,Electronics,Power Supply Unit 450W,Corporate,73.33,154,11292.82,Net 60,True,False
PO-2024-24834,2024-11-21,2024-12-12,2024-12-12,SUP-034,Pacific Rim Circuits,China,Electronics,Power Supply Unit 450W,Manufacturing,72.65,234,17000.1,Net 45,True,False
PO-2024-24908,2024-11-21,2024-12-15,2024-12-15,SUP-033,Busan Components,South Korea,Electronics,Sensor Module SM-3,Manufacturing,25.19,688,17330.72,Net 45,True,False
PO-2024-24792,2024-11-21,2024-11-28,2024-11-28,SUP-035,Pacific Rim Semitech,China,Electronics,PCB Assembly A-11,Manufacturing,55.81,405,22603.05,Net 45,True,False
PO-2024-24897,2024-11-21,2024-12-22,2024-12-22,SUP-034,Pacific Rim Circuits,China,Electronics,Sensor Module SM-3,Manufacturing,30.6,962,29437.2,Net 30,True,False
PO-2024-24842,2024-11-22,2024-12-18,2024-12-20,SUP-028,Summit Components,USA,Electronics,PCB Assembly A-11,Field Services,58.94,507,29882.58,Net 45,True,False
PO-2024-24856,2024-11-22,2024-12-23,2024-12-24,SUP-033,Busan Components,South Korea,Electronics,Sensor Module SM-3,Retail Operations,25.12,552,13866.24,Net 30,True,False
PO-2024-24788,2024-11-22,2024-12-09,2024-12-09,SUP-036,Golden Dragon Components,China,Electronics,Power Supply Unit 450W,Retail Operations,82.66,212,17523.92,Net 15,True,False
PO-2024-24768,2024-11-22,2024-12-19,2024-12-20,SUP-028,Summit Components,USA,Electronics,Microcontroller MCU-9,Corporate,9.46,2060,19487.6,Net 30,True,False
PO-2024-24802,2024-11-22,2024-12-20,2024-12-20,SUP-028,Summit Components,USA,Electronics,PCB Assembly A-11,Manufacturing,63.27,448,28344.96,Net 60,True,False
PO-2024-24810,2024-11-22,2024-12-03,2024-12-03,SUP-023,Schwarzwald Circuits,Germany,Electronics,Microcontroller MCU-9,R&D,7.52,2059,15483.68,Net 30,False,False
PO-2024-24740,2024-11-23,2024-12-09,2024-12-09,SUP-028,Summit Components,USA,Electronics,Power Supply Unit 450W,Manufacturing,76.92,135,10384.2,Net 30,True,False
PO-2024-24797,2024-11-23,2024-12-25,2024-12-25,SUP-034,Pacific Rim Circuits,China,Electronics,Sensor Module SM-3,Corporate,30.51,778,23736.78,Net 45,True,False
PO-2024-24761,2024-11-23,2024-12-24,2024-12-24,SUP-022,Redwood Components,USA,Electronics,Connector Kit CK-8,Corporate,4.87,3388,16499.56,Net 30,True,False
PO-2024-24867,2024-11-23,2024-12-01,2024-12-17,SUP-029,Great Wall Components,China,Electronics,Sensor Module SM-3,Manufacturing,30.0,935,28050.0,Net 30,True,False
PO-2024-24914,2024-11-23,2024-12-25,2024-12-25,SUP-032,Lotus Components,India,Electronics,Power Supply Unit 450W,R&D,64.61,170,10983.7,Net 30,True,False
PO-2024-24906,2024-11-23,2024-12-11,2024-12-11,SUP-022,Redwood Components,USA,Electronics,Sensor Module SM-3,Field Services,25.71,554,14243.34,Net 45,False,False
PO-2024-24737,2024-11-24,2024-12-09,2024-12-11,SUP-028,Summit Components,USA,Electronics,Sensor Module SM-3,Retail Operations,26.8,904,24227.2,Net 45,True,False
PO-2024-24785,2024-11-24,2024-11-29,2024-11-29,SUP-034,Pacific Rim Circuits,China,Electronics,Sensor Module SM-3,Corporate,27.12,580,15729.6,Net 15,True,True
PO-2024-24899,2024-11-24,2024-12-05,2024-12-05,SUP-032,Lotus Components,India,Electronics,PCB Assembly A-11,Field Services,53.21,484,25753.64,Net 60,True,False
PO-2024-24902,2024-11-24,2024-12-27,2024-12-27,SUP-028,Summit Components,USA,Electronics,Microcontroller MCU-9,Retail Operations,9.62,1985,19095.7,Net 60,True,False
PO-2024-24793,2024-11-24,2024-12-07,2024-12-07,SUP-034,Pacific Rim Circuits,China,Electronics,Sensor Module SM-3,Retail Operations,30.03,254,7627.62,Net 30,True,False
PO-2024-24775,2024-11-24,2024-11-30,2024-11-30,SUP-027,Golden Dragon Circuits,China,Electronics,Connector Kit CK-8,R&D,4.99,3947,19695.53,Net 15,True,False
PO-2024-24774,2024-11-24,2024-11-29,2024-11-29,SUP-036,Golden Dragon Components,China,Electronics,Power Supply Unit 450W,Field Services,72.25,219,15822.75,Net 45,False,False
PO-2024-24799,2024-11-24,2024-12-06,2024-12-06,SUP-025,Cascade Semitech,USA,Electronics,Microcontroller MCU-9,Field Services,9.17,1797,16478.49,Net 30,False,False
PO-2024-24808,2024-11-24,2024-12-01,2024-12-01,SUP-032,Lotus Components,India,Electronics,Power Supply Unit 450W,Manufacturing,65.56,116,7604.96,Net 60,True,False
PO-2024-24864,2024-11-24,2024-12-08,2024-12-08,SUP-034,Pacific Rim Circuits,China,Electronics,Microcontroller MCU-9,Field Services,9.15,1318,12059.7,Net 45,False,False
PO-2024-24872,2024-11-24,2024-12-15,2024-12-19,SUP-025,Cascade Semitech,USA,Electronics,PCB Assembly A-11,Retail Operations,60.39,582,35146.98,Net 30,True,False
PO-2024-24849,2024-11-24,2024-12-22,2024-12-22,SUP-034,Pacific Rim Circuits,China,Electronics,PCB Assembly A-11,Field Services,62.24,379,23588.96,Net 30,True,False
PO-2024-24898,2024-11-25,2024-11-30,2024-11-30,SUP-033,Busan Components,South Korea,Electronics,Sensor Module SM-3,Field Services,26.5,431,11421.5,Net 60,False,False
PO-2024-24804,2024-11-25,2024-12-12,2024-12-13,SUP-022,Redwood Components,USA,Electronics,Microcontroller MCU-9,Field Services,8.57,1803,15451.71,Net 30,True,False
PO-2024-24805,2024-11-25,2024-12-03,2024-12-03,SUP-034,Pacific Rim Circuits,China,Electronics,Sensor Module SM-3,Retail Operations,28.94,891,25785.54,Net 45,True,False
PO-2024-24889,2024-11-25,2024-12-08,2024-12-08,SUP-025,Cascade Semitech,USA,Electronics,Power Supply Unit 450W,Retail Operations,78.48,87,6827.76,Net 45,True,False
PO-2024-24863,2024-11-25,2024-12-04,2024-12-04,SUP-033,Busan Components,South Korea,Electronics,Microcontroller MCU-9,Manufacturing,8.59,2041,17532.19,Net 45,True,False
PO-2024-24798,2024-11-25,2024-12-02,2024-12-02,SUP-034,Pacific Rim Circuits,China,Electronics,Power Supply Unit 450W,Corporate,75.35,84,6329.4,Net 45,True,False
PO-2024-24909,2024-11-25,2024-12-03,2024-12-03,SUP-032,Lotus Components,India,Electronics,PCB Assembly A-11,Manufacturing,57.46,328,18846.88,Net 45,True,False
PO-2024-24776,2024-11-25,2024-12-05,2024-12-05,SUP-022,Redwood Components,USA,Electronics,Connector Kit CK-8,Retail Operations,5.01,2973,14894.73,Net 30,True,False
PO-2024-24875,2024-11-25,2024-12-10,2024-12-10,SUP-036,Golden Dragon Components,China,Electronics,Microcontroller MCU-9,Field Services,9.51,2365,22491.15,Net 45,False,False
PO-2024-24790,2024-11-26,2024-12-12,2024-12-12,SUP-022,Redwood Components,USA,Electronics,Microcontroller MCU-9,R&D,8.57,1604,13746.28,Net 60,True,True
PO-2024-24831,2024-11-26,2024-12-21,2024-12-21,SUP-029,Great Wall Components,China,Electronics,PCB Assembly A-11,Field Services,53.85,156,8400.6,Net 30,True,False
PO-2024-24806,2024-11-26,2024-12-17,2024-12-17,SUP-025,Cascade Semitech,USA,Electronics,Microcontroller MCU-9,Retail Operations,9.47,3441,32586.27,Net 60,True,False
PO-2024-24854,2024-11-26,2024-12-07,2024-12-08,SUP-028,Summit Components,USA,Electronics,Sensor Module SM-3,Field Services,31.51,253,7972.03,Net 45,True,False
PO-2024-47091,2024-11-26,2024-11-29,2024-11-29,SUP-036,Golden Dragon Components,China,Electronics,Power Supply Unit 450W,Field Services,72.25,219,15822.75,Net 45,False,False
PO-2024-24855,2024-11-26,2024-12-27,2024-12-27,SUP-034,Pacific Rim Circuits,China,Electronics,Power Supply Unit 450W,Retail Operations,76.66,234,17938.44,Net 15,True,False
PO-2024-24754,2024-11-26,2024-12-06,2024-12-10,SUP-022,Redwood Components,USA,Electronics,Power Supply Unit 450W,Corporate,74.66,84,6271.44,Net 30,True,False
PO-2024-24770,2024-11-26,2024-12-12,2024-12-12,SUP-024,Sterling Components,USA,Electronics,PCB Assembly A-11,Corporate,63.82,497,31718.54,Net 45,True,False
PO-2024-24893,2024-11-27,2024-12-09,2024-12-09,SUP-025,Cascade Semitech,USA,Electronics,PCB Assembly A-11,R&D,60.36,505,30481.8,Net 30,False,False
PO-2024-24809,2024-11-27,2024-12-24,2024-12-24,SUP-027,Golden Dragon Circuits,China,Electronics,PCB Assembly A-11,R&D,60.87,339,20634.93,Net 30,False,False
PO-2024-24786,2024-11-27,2024-12-08,2024-12-08,SUP-032,Lotus Components,India,Electronics,Power Supply Unit 450W,Retail Operations,71.57,162,11594.34,Net 45,True,False
PO-2024-24915,2024-11-27,2024-12-06,2024-12-06,SUP-032,Lotus Components,India,Electronics,PCB Assembly A-11,R&D,50.47,452,22812.44,Net 45,False,False
PO-2024-24919,2024-11-27,2024-12-27,2024-12-27,SUP-025,Cascade Semitech,USA,Electronics,Connector Kit CK-8,Retail Operations,5.05,1960,9898.0,Net 30,True,False
PO-2024-24751,2024-11-27,2024-12-23,2024-12-23,SUP-028,Summit Components,USA,Electronics,Microcontroller MCU-9,Retail Operations,10.02,4143,41512.86,Net 30,True,False
PO-2024-24916,2024-11-27,2024-12-31,2024-12-31,SUP-022,Redwood Components,USA,Electronics,Microcontroller MCU-9,Corporate,8.73,3770,32912.1,Net 45,True,False
PO-2024-24741,2024-11-28,2024-12-31,2024-12-31,SUP-024,Sterling Components,USA,Electronics,PCB Assembly A-11,Corporate,61.76,286,17663.36,Net 60,True,False
PO-2024-24746,2024-11-28,2024-12-21,2024-12-21,SUP-025,Cascade Semitech,USA,Electronics,Power Supply Unit 450W,Corporate,78.17,157,12272.69,Net 45,True,False
PO-2024-24752,2024-11-28,2024-12-13,2024-12-13,SUP-032,Lotus Components,India,Electronics,PCB Assembly A-11,Manufacturing,55.15,545,30056.75,Net 30,True,False
PO-2024-24748,2024-11-28,2024-12-26,2024-12-26,SUP-025,Cascade Semitech,USA,Electronics,Microcontroller MCU-9,Retail Operations,8.68,2867,24885.56,Net 30,True,False
PO-2024-24895,2024-11-29,2024-12-17,2024-12-17,SUP-032,Lotus Components,India,Electronics,Power Supply Unit 450W,Manufacturing,63.91,79,5048.89,Net 30,True,False
PO-2024-24905,2024-11-29,2024-12-23,2024-12-23,SUP-032,Lotus Components,India,Electronics,Microcontroller MCU-9,R&D,8.24,3235,26656.4,Net 30,True,False
PO-2024-24783,2024-11-29,2024-12-22,2024-12-22,SUP-028,Summit Components,USA,Electronics,Connector Kit CK-8,Corporate,5.53,2477,13697.81,Net 30,True,False
PO-2024-24756,2024-11-29,2024-12-28,2024-12-28,SUP-028,Summit Components,USA,Electronics,PCB Assembly A-11,Field Services,57.99,361,20934.39,Net 45,True,False
PO-2024-24821,2024-11-29,2024-12-26,2024-12-26,SUP-029,Great Wall Components,China,Electronics,Microcontroller MCU-9,Field Services,9.5,1433,13613.5,Net 45,False,False
PO-2024-24755,2024-11-29,2025-01-02,2025-01-02,SUP-033,Busan Components,South Korea,Electronics,Connector Kit CK-8,Corporate,4.72,3808,17973.76,Net 30,True,False
PO-2024-24816,2024-11-29,2024-12-22,2024-12-22,SUP-024,Sterling Components,USA,Electronics,Power Supply Unit 450W,Field Services,77.78,107,8322.46,Net 45,True,False
PO-2024-24773,2024-11-30,2024-12-13,2024-12-13,SUP-028,Summit Components,USA,Electronics,PCB Assembly A-11,Retail Operations,66.95,328,21959.6,Net 30,True,False
PO-2024-24923,2024-11-30,2024-12-21,2024-12-24,SUP-036,Golden Dragon Components,China,Electronics,Connector Kit CK-8,R&D,5.68,3294,18709.92,Net 60,True,False
PO-2024-24917,2024-11-30,2024-12-17,2024-12-17,SUP-036,Golden Dragon Components,China,Electronics,Microcontroller MCU-9,Manufacturing,9.55,3921,37445.55,Net 45,True,False
PO-2024-24859,2024-11-30,2024-12-14,2024-12-14,SUP-035,Pacific Rim Semitech,China,Electronics,Sensor Module SM-3,R&D,28.79,756,21765.24,Net 30,True,False
PO-2024-24858,2024-11-30,2024-12-21,2024-12-21,SUP-025,Cascade Semitech,USA,Electronics,Sensor Module SM-3,R&D,28.83,568,16375.44,Net 45,True,False
PO-2024-26210,2024-12-01,2024-12-22,2024-12-22,SUP-025,Cascade Semitech,USA,Electronics,Sensor Module SM-3,Corporate,29.19,883,25774.77,Net 30,True,False
PO-2024-26239,2024-12-01,2024-12-26,2024-12-26,SUP-034,Pacific Rim Circuits,China,Electronics,Connector Kit CK-8,Field Services,5.17,2325,12020.25,Net 60,False,False
PO-2024-26240,2024-12-01,2024-12-12,2024-12-12,SUP-028,Summit Components,USA,Electronics,PCB Assembly A-11,Corporate,64.78,424,27466.72,Net 45,True,False
PO-2024-26244,2024-12-01,2024-12-31,2024-12-31,SUP-032,Lotus Components,India,Electronics,PCB Assembly A-11,Field Services,54.64,358,19561.12,Net 45,False,False
PO-2024-26209,2024-12-01,2024-12-21,2024-12-21,SUP-025,Cascade Semitech,USA,Electronics,Power Supply Unit 450W,Field Services,79.93,263,21021.59,Net 45,True,False
PO-2024-26362,2024-12-01,2024-12-27,2024-12-27,SUP-028,Summit Components,USA,Electronics,Power Supply Unit 450W,Retail Operations,75.47,212,15999.64,Net 15,True,False
PO-2024-26321,2024-12-01,2024-12-13,2024-12-13,SUP-028,Summit Components,USA,Electronics,Microcontroller MCU-9,Field Services,8.43,1779,14996.97,Net 15,False,False
PO-2024-26380,2024-12-01,2024-12-22,2024-12-23,SUP-025,Cascade Semitech,USA,Electronics,Connector Kit CK-8,Manufacturing,5.47,3362,18390.14,Net 30,True,False
PO-2024-26354,2024-12-01,2025-01-03,2025-01-03,SUP-025,Cascade Semitech,USA,Electronics,Sensor Module SM-3,R&D,28.62,812,23239.44,Net 45,True,False
PO-2024-26326,2024-12-01,2024-12-14,2024-12-14,SUP-025,Cascade Semitech,USA,Electronics,Connector Kit CK-8,Manufacturing,5.29,2364,12505.56,Net 45,True,False
PO-2024-26325,2024-12-02,2024-12-20,2024-12-22,SUP-036,Golden Dragon Components,China,Electronics,PCB Assembly A-11,Retail Operations,65.92,252,16611.84,Net 30,True,False
PO-2024-26260,2024-12-02,2024-12-29,2024-12-31,SUP-025,Cascade Semitech,USA,Electronics,Connector Kit CK-8,Retail Operations,4.82,1129,5441.78,Net 45,True,False
PO-2024-26333,2024-12-02,2024-12-18,2024-12-19,SUP-034,Pacific Rim Circuits,China,Electronics,Connector Kit CK-8,Retail Operations,5.57,3178,17701.46,Net 45,True,False
PO-2024-26305,2024-12-02,2024-12-10,2024-12-10,SUP-028,Summit Components,USA,Electronics,PCB Assembly A-11,Retail Operations,64.52,437,28195.24,Net 60,True,False
PO-2024-26226,2024-12-02,2024-12-26,2024-12-26,SUP-024,Sterling Components,USA,Electronics,Microcontroller MCU-9,Retail Operations,8.94,2770,24763.8,Net 60,True,False
PO-2024-26338,2024-12-02,2024-12-17,2024-12-17,SUP-032,Lotus Components,India,Electronics,Microcontroller MCU-9,Corporate,7.84,2223,17428.32,Net 45,True,False
PO-2024-26328,2024-12-03,2025-01-06,2025-01-06,SUP-036,Golden Dragon Components,China,Electronics,Microcontroller MCU-9,Corporate,10.18,4518,45993.24,Net 60,True,False
PO-2024-26255,2024-12-03,2025-01-01,2025-01-01,SUP-022,Redwood Components,USA,Electronics,Connector Kit CK-8,Field Services,4.9,4703,23044.7,Net 30,False,False
PO-2024-26241,2024-12-03,2024-12-12,2025-01-01,SUP-029,Great Wall Components,China,Electronics,PCB Assembly A-11,Field Services,65.36,454,29673.44,Net 30,False,False
PO-2024-26343,2024-12-04,2024-12-11,2024-12-15,SUP-036,Golden Dragon Components,China,Electronics,Connector Kit CK-8,Manufacturing,5.52,5145,28400.4,Net 60,True,False
PO-2024-26361,2024-12-04,2024-12-18,2024-12-18,SUP-033,Busan Components,South Korea,Electronics,Connector Kit CK-8,Retail Operations,4.58,4535,20770.3,Net 45,True,False
PO-2024-26310,2024-12-04,2025-01-05,2025-01-05,SUP-028,Summit Components,USA,Electronics,PCB Assembly A-11,Manufacturing,60.48,582,35199.36,Net 45,True,False
PO-2024-26283,2024-12-04,2024-12-22,2024-12-22,SUP-034,Pacific Rim Circuits,China,Electronics,Connector Kit CK-8,Retail Operations,4.85,2270,11009.5,Net 30,True,False
PO-2024-26248,2024-12-04,2025-01-05,2025-01-05,SUP-036,Golden Dragon Components,China,Electronics,Power Supply Unit 450W,Corporate,82.63,111,9171.93,Net 45,True,False
PO-2024-26375,2024-12-05,2024-12-24,2024-12-24,SUP-028,Summit Components,USA,Electronics,Microcontroller MCU-9,R&D,9.91,2497,24745.27,Net 60,True,False
PO-2024-26382,2024-12-05,2024-12-24,2024-12-24,SUP-028,Summit Components,USA,Electronics,Power Supply Unit 450W,R&D,74.76,147,10989.72,Net 30,True,False
PO-2024-26256,2024-12-05,2025-01-08,2025-01-08,SUP-034,Pacific Rim Circuits,China,Electronics,Microcontroller MCU-9,Field Services,9.37,3483,32635.71,Net 15,False,False
PO-2024-26247,2024-12-05,2024-12-15,2024-12-15,SUP-034,Pacific Rim Circuits,China,Electronics,Connector Kit CK-8,Corporate,5.33,3966,21138.78,Net 45,True,False
PO-2024-26366,2024-12-05,2024-12-28,2024-12-30,SUP-029,Great Wall Components,China,Electronics,Connector Kit CK-8,R&D,3.82,2880,11001.6,Net 30,False,False
PO-2024-26316,2024-12-06,2025-01-09,2025-01-09,SUP-025,Cascade Semitech,USA,Electronics,Connector Kit CK-8,Field Services,5.62,4393,24688.66,Net 15,True,False
PO-2024-26284,2024-12-06,2024-12-15,2024-12-15,SUP-022,Redwood Components,USA,Electronics,Sensor Module SM-3,Retail Operations,28.83,396,11416.68,Net 45,True,False
PO-2024-26381,2024-12-06,2025-01-06,2025-01-06,SUP-022,Redwood Components,USA,Electronics,Connector Kit CK-8,R&D,5.04,3054,15392.16,Net 45,False,False
PO-2024-26274,2024-12-06,2024-12-12,2024-12-12,SUP-022,Redwood Components,USA,Electronics,PCB Assembly A-11,Manufacturing,61.67,10,616.7,Net 30,True,False
PO-2024-26373,2024-12-06,2024-12-29,2024-12-29,SUP-036,Golden Dragon Components,China,Electronics,Power Supply Unit 450W,Corporate,78.97,146,11529.62,Net 45,True,False
PO-2024-26378,2024-12-06,2025-01-08,2025-01-08,SUP-027,Golden Dragon Circuits,China,Electronics,Connector Kit CK-8,Corporate,5.17,3632,18777.44,Net 30,True,False
PO-2024-26371,2024-12-07,2025-01-04,2025-01-04,SUP-022,Redwood Components,USA,Electronics,PCB Assembly A-11,Retail Operations,56.15,472,26502.8,Net 30,False,False
PO-2024-26296,2024-12-07,2024-12-20,2024-12-20,SUP-034,Pacific Rim Circuits,China,Electronics,Connector Kit CK-8,Retail Operations,5.23,3971,20768.33,Net 15,False,False
PO-2024-26298,2024-12-07,2025-01-01,2025-01-06,SUP-029,Great Wall Components,China,Electronics,Connector Kit CK-8,Field Services,5.8,763,4425.4,Net 30,True,False
PO-2024-26347,2024-12-07,2024-12-19,2024-12-23,SUP-034,Pacific Rim Circuits,China,Electronics,Connector Kit CK-8,R&D,5.36,5615,30096.4,Net 30,True,False
PO-2024-26270,2024-12-07,2025-01-02,2025-01-02,SUP-036,Golden Dragon Components,China,Electronics,Connector Kit CK-8,Field Services,5.69,2508,14270.52,Net 30,True,False
PO-2024-26237,2024-12-08,2024-12-21,2024-12-21,SUP-028,Summit Components,USA,Electronics,Power Supply Unit 450W,Corporate,77.83,124,9650.92,Net 30,True,False
PO-2024-26215,2024-12-08,2025-01-01,2025-01-15,SUP-029,Great Wall Components,China,Electronics,Power Supply Unit 450W,Field Services,68.38,185,12650.3,Net 45,True,False
PO-2024-26289,2024-12-08,2024-12-20,2024-12-22,SUP-022,Redwood Components,USA,Electronics,PCB Assembly A-11,Corporate,56.7,475,26932.5,Net 30,True,False
PO-2024-26318,2024-12-08,2024-12-25,2024-12-25,SUP-033,Busan Components,South Korea,Electronics,Power Supply Unit 450W,Field Services,71.42,252,17997.84,Net 60,True,False
PO-2024-26317,2024-12-08,2024-12-19,2024-12-19,SUP-028,Summit Components,USA,Electronics,Microcontroller MCU-9,Field Services,9.52,3270,31130.4,Net 30,True,False
PO-2024-26287,2024-12-08,2024-12-29,2024-12-29,SUP-032,Lotus Components,India,Electronics,Power Supply Unit 450W,R&D,66.32,213,14126.16,Net 15,True,False
PO-2024-26363,2024-12-08,2025-01-09,2025-01-09,SUP-028,Summit Components,USA,Electronics,Power Supply Unit 450W,Corporate,82.11,235,19295.85,Net 30,True,False
PO-2024-26235,2024-12-08,2025-01-08,2025-01-08,SUP-036,Golden Dragon Components,China,Electronics,Sensor Module SM-3,Retail Operations,32.06,646,20710.76,Net 45,True,False
PO-2024-26293,2024-12-09,2024-12-19,2024-12-19,SUP-025,Cascade Semitech,USA,Electronics,Sensor Module SM-3,R&D,28.94,135,3906.9,Net 60,True,False
PO-2024-26249,2024-12-09,2024-12-26,2025-01-17,SUP-029,Great Wall Components,China,Electronics,Power Supply Unit 450W,Manufacturing,69.98,141,9867.18,Net 60,True,True
PO-2024-26313,2024-12-09,2024-12-19,2024-12-19,SUP-028,Summit Components,USA,Electronics,Microcontroller MCU-9,Field Services,9.43,2768,26102.24,Net 30,True,False
PO-2024-26345,2024-12-09,2025-01-04,2025-01-04,SUP-022,Redwood Components,USA,Electronics,Connector Kit CK-8,Field Services,4.76,1195,5688.2,Net 30,True,False
PO-2024-26309,2024-12-09,2024-12-14,2024-12-14,SUP-024,Sterling Components,USA,Electronics,PCB Assembly A-11,Field Services,64.09,431,27622.79,Net 45,True,False
PO-2024-26217,2024-12-09,2025-01-06,2025-01-06,SUP-024,Sterling Components,USA,Electronics,Sensor Module SM-3,Manufacturing,29.94,750,22455.0,Net 15,True,False
PO-2024-26216,2024-12-09,2025-01-11,2025-01-11,SUP-028,Summit Components,USA,Electronics,PCB Assembly A-11,Manufacturing,64.69,515,33315.35,Net 30,True,False
PO-2024-26214,2024-12-09,2024-12-29,2024-12-29,SUP-022,Redwood Components,USA,Electronics,Connector Kit CK-8,Corporate,5.24,2081,10904.44,Net 60,True,False
PO-2024-26189,2024-12-09,2024-12-19,2024-12-23,SUP-029,Great Wall Components,China,Electronics,PCB Assembly A-11,R&D,68.42,369,25246.98,Net 30,False,False
PO-2024-26208,2024-12-10,2024-12-26,2024-12-26,SUP-022,Redwood Components,USA,Electronics,Power Supply Unit 450W,Corporate,72.69,88,6396.72,Net 30,True,False
PO-2024-26257,2024-12-10,2024-12-29,2025-01-02,SUP-036,Golden Dragon Components,China,Electronics,Microcontroller MCU-9,Retail Operations,10.25,2217,22724.25,Net 30,True,False
PO-2024-26262,2024-12-10,2024-12-24,2024-12-24,SUP-025,Cascade Semitech,USA,Electronics,Microcontroller MCU-9,Retail Operations,9.02,3092,27889.84,Net 60,True,False
PO-2024-26315,2024-12-11,2024-12-16,2025-01-02,SUP-029,Great Wall Components,China,Electronics,PCB Assembly A-11,Retail Operations,58.8,561,32986.8,Net 60,True,False
PO-2024-26258,2024-12-11,2024-12-20,2024-12-20,SUP-032,Lotus Components,India,Electronics,Microcontroller MCU-9,Field Services,8.26,643,5311.18,Net 60,True,False
PO-2024-26232,2024-12-11,2024-12-24,2024-12-24,SUP-022,Redwood Components,USA,Electronics,PCB Assembly A-11,Field Services,53.07,560,29719.2,Net 60,True,False
PO-2024-26271,2024-12-12,2024-12-20,2024-12-20,SUP-028,Summit Components,USA,Electronics,Sensor Module SM-3,R&D,28.34,381,10797.54,Net 45,True,False
PO-2024-26199,2024-12-12,2025-01-06,2025-01-06,SUP-024,Sterling Components,USA,Electronics,Microcontroller MCU-9,R&D,9.04,2062,18640.48,Net 30,True,False
PO-2024-26344,2024-12-12,2024-12-29,2024-12-29,SUP-032,Lotus Components,India,Electronics,Sensor Module SM-3,Retail Operations,24.21,906,21934.26,Net 30,True,False
PO-2024-26324,2024-12-12,2025-01-07,2025-01-12,SUP-029,Great Wall Components,China,Electronics,PCB Assembly A-11,Corporate,61.99,184,11406.16,Net 30,True,True
PO-2024-26365,2024-12-12,2024-12-22,2024-12-22,SUP-036,Golden Dragon Components,China,Electronics,Power Supply Unit 450W,Field Services,77.49,199,15420.51,Net 15,True,False
PO-2024-26353,2024-12-12,2025-01-12,2025-01-12,SUP-028,Summit Components,USA,Electronics,PCB Assembly A-11,Manufacturing,66.79,411,27450.69,Net 30,True,False
PO-2024-26224,2024-12-13,2024-12-24,2024-12-24,SUP-022,Redwood Components,USA,Electronics,PCB Assembly A-11,Field Services,62.13,436,27088.68,Net 15,True,False
PO-2024-26230,2024-12-13,2024-12-28,2024-12-28,SUP-024,Sterling Components,USA,Electronics,PCB Assembly A-11,Corporate,69.76,436,30415.36,Net 45,False,False
PO-2024-26228,2024-12-13,2025-01-09,2025-01-09,SUP-028,Summit Components,USA,Electronics,PCB Assembly A-11,R&D,61.73,320,19753.6,Net 30,True,False
PO-2024-26212,2024-12-14,2024-12-23,2024-12-23,SUP-028,Summit Components,USA,Electronics,PCB Assembly A-11,R&D,62.21,457,28429.97,Net 15,True,False
PO-2024-26234,2024-12-14,2025-01-15,2025-01-15,SUP-033,Busan Components,South Korea,Electronics,Sensor Module SM-3,R&D,26.36,311,8197.96,Net 45,True,False
PO-2024-26242,2024-12-14,2025-01-04,2025-01-04,SUP-022,Redwood Components,USA,Electronics,Power Supply Unit 450W,Retail Operations,72.87,211,15375.57,Net 30,True,False
PO-2024-26330,2024-12-14,2025-01-07,2025-01-07,SUP-029,Great Wall Components,China,Electronics,Microcontroller MCU-9,Field Services,10.07,3566,35909.62,Net 45,True,False
PO-2024-26376,2024-12-14,2024-12-21,2024-12-21,SUP-028,Summit Components,USA,Electronics,Power Supply Unit 450W,Manufacturing,84.06,138,11600.28,Net 30,True,False
PO-2024-26351,2024-12-14,2024-12-26,2024-12-26,SUP-036,Golden Dragon Components,China,Electronics,Connector Kit CK-8,Manufacturing,5.93,4079,24188.47,Net 30,True,False
PO-2024-26276,2024-12-14,2025-01-11,2025-01-11,SUP-033,Busan Components,South Korea,Electronics,Connector Kit CK-8,R&D,4.46,3916,17465.36,Net 60,True,False
PO-2024-26356,2024-12-14,2024-12-24,2025-01-01,SUP-029,Great Wall Components,China,Electronics,Power Supply Unit 450W,Field Services,74.17,128,9493.76,Net 60,True,False
PO-2024-26339,2024-12-15,2024-12-21,2024-12-21,SUP-025,Cascade Semitech,USA,Electronics,PCB Assembly A-11,Manufacturing,63.78,464,29593.92,Net 30,True,False
PO-2024-26269,2024-12-15,2025-01-03,2025-01-03,SUP-036,Golden Dragon Components,China,Electronics,PCB Assembly A-11,Field Services,66.16,307,20311.12,Net 45,False,False
PO-2024-26349,2024-12-15,2025-01-03,2025-01-03,SUP-034,Pacific Rim Circuits,China,Electronics,Connector Kit CK-8,R&D,5.6,4478,25076.8,Net 30,True,False
PO-2024-26246,2024-12-15,2024-12-20,2024-12-20,SUP-028,Summit Components,USA,Electronics,Connector Kit CK-8,R&D,5.38,3996,21498.48,Net 15,False,False
PO-2024-26254,2024-12-15,2024-12-23,2024-12-24,SUP-036,Golden Dragon Components,China,Electronics,Sensor Module SM-3,Manufacturing,29.81,867,25845.27,Net 60,True,False
PO-2024-26350,2024-12-15,2024-12-21,2024-12-21,SUP-028,Summit Components,USA,Electronics,Sensor Module SM-3,Corporate,29.14,788,22962.32,Net 30,True,False
PO-2024-26301,2024-12-15,2024-12-31,2024-12-31,SUP-028,Summit Components,USA,Electronics,Microcontroller MCU-9,R&D,9.8,2912,28537.6,Net 30,True,False
PO-2024-26334,2024-12-15,2024-12-28,2024-12-28,SUP-025,Cascade Semitech,USA,Electronics,Connector Kit CK-8,Retail Operations,5.18,4172,21610.96,Net 60,True,False
PO-2024-26370,2024-12-15,2024-12-30,2024-12-31,SUP-033,Busan Components,South Korea,Electronics,Power Supply Unit 450W,Retail Operations,66.61,131,8725.91,Net 15,True,False
PO-2024-26359,2024-12-16,2025-01-11,2025-01-11,SUP-028,Summit Components,USA,Electronics,Power Supply Unit 450W,R&D,77.67,171,13281.57,Net 60,True,False
PO-2024-26314,2024-12-16,2024-12-31,2024-12-31,SUP-028,Summit Components,USA,Electronics,Power Supply Unit 450W,Retail Operations,77.66,137,10639.42,Net 45,True,False
PO-2024-26223,2024-12-16,2025-01-04,2025-01-04,SUP-025,Cascade Semitech,USA,Electronics,Microcontroller MCU-9,R&D,9.06,1912,17322.72,Net 30,True,False
PO-2024-26213,2024-12-16,2025-01-02,2025-01-02,SUP-025,Cascade Semitech,USA,Electronics,Connector Kit CK-8,Corporate,5.14,2117,10881.38,Net 45,True,False
PO-2024-26253,2024-12-16,2025-01-12,2025-01-12,SUP-025,Cascade Semitech,USA,Electronics,Power Supply Unit 450W,Retail Operations,80.66,142,11453.72,Net 45,True,False
PO-2024-26335,2024-12-16,2025-01-02,2025-01-03,SUP-036,Golden Dragon Components,China,Electronics,Sensor Module SM-3,Retail Operations,31.1,486,15114.6,Net 60,True,False
PO-2024-26238,2024-12-16,2024-12-29,2024-12-29,SUP-028,Summit Components,USA,Electronics,Microcontroller MCU-9,Manufacturing,9.08,202,1834.16,Net 45,True,False
PO-2024-26374,2024-12-17,2024-12-26,2024-12-26,SUP-033,Busan Components,South Korea,Electronics,PCB Assembly A-11,Retail Operations,53.58,482,25825.56,Net 30,True,False
PO-2024-26302,2024-12-17,2025-01-05,2025-01-05,SUP-036,Golden Dragon Components,China,Electronics,Sensor Module SM-3,Field Services,33.24,605,20110.2,Net 30,True,False
PO-2024-26299,2024-12-17,2024-12-28,2025-01-07,SUP-032,Lotus Components,India,Electronics,Microcontroller MCU-9,R&D,7.64,3183,24318.12,Net 45,True,False
PO-2024-26204,2024-12-17,2025-01-18,2025-01-18,SUP-032,Lotus Components,India,Electronics,Connector Kit CK-8,Field Services,4.26,5667,24141.42,Net 30,True,False
PO-2024-26331,2024-12-17,2025-01-17,2025-01-17,SUP-032,Lotus Components,India,Electronics,PCB Assembly A-11,Manufacturing,53.2,340,18088.0,Net 30,True,False
PO-2024-26320,2024-12-17,2025-01-08,2025-01-08,SUP-028,Summit Components,USA,Electronics,PCB Assembly A-11,Corporate,61.91,349,21606.59,Net 15,True,False
PO-2024-26304,2024-12-18,2025-01-07,2025-01-07,SUP-025,Cascade Semitech,USA,Electronics,PCB Assembly A-11,Field Services,65.24,437,28509.88,Net 30,True,False
PO-2024-26227,2024-12-18,2025-01-15,2025-01-15,SUP-036,Golden Dragon Components,China,Electronics,Connector Kit CK-8,Field Services,5.6,3412,19107.2,Net 45,True,False
PO-2024-26222,2024-12-18,2024-12-31,2024-12-31,SUP-022,Redwood Components,USA,Electronics,Sensor Module SM-3,Retail Operations,28.28,520,14705.6,Net 30,True,False
PO-2024-26279,2024-12-18,2025-01-18,2025-01-18,SUP-024,Sterling Components,USA,Electronics,PCB Assembly A-11,Manufacturing,64.11,447,28657.17,Net 30,True,False
PO-2024-26290,2024-12-18,2024-12-24,2024-12-24,SUP-036,Golden Dragon Components,China,Electronics,Microcontroller MCU-9,Field Services,9.34,4134,38611.56,Net 60,False,False
PO-2024-26292,2024-12-18,2025-01-19,2025-01-19,SUP-025,Cascade Semitech,USA,Electronics,PCB Assembly A-11,R&D,63.67,444,28269.48,Net 30,True,False
PO-2024-26369,2024-12-19,2025-01-04,2025-01-04,SUP-024,Sterling Components,USA,Electronics,PCB Assembly A-11,Corporate,65.78,338,22233.64,Net 30,True,False
PO-2024-26364,2024-12-19,2025-01-22,2025-01-22,SUP-025,Cascade Semitech,USA,Electronics,Sensor Module SM-3,Field Services,31.84,649,20664.16,Net 45,True,False
PO-2024-26308,2024-12-19,2025-01-22,2025-01-22,SUP-032,Lotus Components,India,Electronics,Microcontroller MCU-9,Manufacturing,8.08,3581,28934.48,Net 30,True,False
PO-2024-26360,2024-12-19,2025-01-20,2025-01-22,SUP-026,Great Wall Circuits,China,Electronics,Sensor Module SM-3,Corporate,30.32,693,21011.76,Net 30,True,False
PO-2024-26250,2024-12-19,2024-12-27,2024-12-27,SUP-036,Golden Dragon Components,China,Electronics,Microcontroller MCU-9,R&D,9.18,3957,36325.26,Net 60,True,False
PO-2024-26288,2024-12-19,2025-01-16,2025-01-16,SUP-034,Pacific Rim Circuits,China,Electronics,PCB Assembly A-11,Field Services,59.88,384,22993.92,Net 45,False,False
PO-2024-26348,2024-12-19,2024-12-27,2024-12-27,SUP-022,Redwood Components,USA,Electronics,Microcontroller MCU-9,Corporate,8.37,3005,25151.85,Net 15,True,False
PO-2024-26340,2024-12-20,2025-01-15,2025-01-16,SUP-036,Golden Dragon Components,China,Electronics,Microcontroller MCU-9,Manufacturing,10.58,3040,32163.2,Net 30,True,False
PO-2024-26352,2024-12-20,2025-01-02,2025-01-02,SUP-025,Cascade Semitech,USA,Electronics,Power Supply Unit 450W,R&D,74.38,198,14727.24,Net 15,True,False
PO-2024-26327,2024-12-20,2025-01-02,2025-01-02,SUP-025,Cascade Semitech,USA,Electronics,Connector Kit CK-8,Corporate,5.36,2802,15018.72,Net 30,True,False
PO-2024-26221,2024-12-20,2024-12-25,2024-12-26,SUP-032,Lotus Components,India,Electronics,Sensor Module SM-3,Field Services,24.07,748,18004.36,Net 30,False,False
PO-2024-26265,2024-12-20,2025-01-07,2025-01-07,SUP-028,Summit Components,USA,Electronics,Connector Kit CK-8,Manufacturing,5.45,2861,15592.45,Net 15,True,False
PO-2024-26211,2024-12-20,2025-01-06,2025-01-06,SUP-028,Summit Components,USA,Electronics,PCB Assembly A-11,Retail Operations,63.09,136,8580.24,Net 60,True,False
PO-2024-26267,2024-12-20,2025-01-05,2025-01-05,SUP-027,Golden Dragon Circuits,China,Electronics,Microcontroller MCU-9,Retail Operations,8.82,780,6879.6,Net 60,True,False
PO-2024-26307,2024-12-20,2025-01-17,2025-01-23,SUP-036,Golden Dragon Components,China,Electronics,PCB Assembly A-11,Corporate,62.35,517,32234.95,Net 30,False,False
PO-2024-26300,2024-12-20,2025-01-04,2025-01-04,SUP-028,Summit Components,USA,Electronics,Microcontroller MCU-9,R&D,9.39,3265,30658.35,Net 45,False,False
PO-2024-26268,2024-12-20,2025-01-23,2025-01-23,SUP-024,Sterling Components,USA,Electronics,Connector Kit CK-8,Retail Operations,5.45,2200,11990.0,Net 30,True,False
PO-2024-26190,2024-12-21,2024-12-31,2025-01-17,SUP-029,Great Wall Components,China,Electronics,Microcontroller MCU-9,Field Services,8.25,2579,21276.75,Net 45,True,False
PO-2024-26219,2024-12-21,2024-12-28,2024-12-28,SUP-025,Cascade Semitech,USA,Electronics,PCB Assembly A-11,R&D,65.99,246,16233.54,Net 30,False,False
PO-2024-26319,2024-12-21,2025-01-05,2025-01-05,SUP-028,Summit Components,USA,Electronics,PCB Assembly A-11,R&D,63.75,514,32767.5,Net 15,True,False
PO-2024-26198,2024-12-22,2025-01-05,2025-01-05,SUP-032,Lotus Components,India,Electronics,Sensor Module SM-3,Field Services,24.28,254,6167.12,Net 30,False,False
PO-2024-26194,2024-12-22,2025-01-15,2025-01-15,SUP-028,Summit Components,USA,Electronics,Sensor Module SM-3,R&D,28.14,405,11396.7,Net 60,True,False
PO-2024-26295,2024-12-22,2025-01-19,2025-01-19,SUP-034,Pacific Rim Circuits,China,Electronics,Sensor Module SM-3,Retail Operations,27.49,836,22981.64,Net 45,True,False
PO-2024-26357,2024-12-22,2025-01-23,2025-01-24,SUP-028,Summit Components,USA,Electronics,Connector Kit CK-8,R&D,5.54,653,3617.62,Net 30,True,False
PO-2024-26337,2024-12-22,2025-01-20,2025-01-20,SUP-036,Golden Dragon Components,China,Electronics,Microcontroller MCU-9,Corporate,9.79,1055,10328.45,Net 60,True,False
PO-2024-26252,2024-12-22,2024-12-28,2024-12-28,SUP-028,Summit Components,USA,Electronics,Power Supply Unit 450W,Manufacturing,72.66,151,10971.66,Net 15,True,False
PO-2024-26368,2024-12-23,2025-01-15,2025-01-15,SUP-036,Golden Dragon Components,China,Electronics,Sensor Module SM-3,Retail Operations,30.75,808,24846.0,Net 30,True,False
PO-2024-26294,2024-12-23,2025-01-01,2025-01-01,SUP-025,Cascade Semitech,USA,Electronics,Connector Kit CK-8,Retail Operations,5.03,2552,12836.56,Net 45,True,False
PO-2024-26192,2024-12-23,2024-12-31,2024-12-31,SUP-034,Pacific Rim Circuits,China,Electronics,Sensor Module SM-3,Field Services,27.35,498,13620.3,Net 45,False,False
PO-2024-26191,2024-12-23,2025-01-02,2025-01-02,SUP-025,Cascade Semitech,USA,Electronics,Connector Kit CK-8,Field Services,5.24,2597,13608.28,Net 45,True,False
PO-2024-26259,2024-12-23,2025-01-08,2025-01-08,SUP-028,Summit Components,USA,Electronics,PCB Assembly A-11,Field Services,58.67,625,36668.75,Net 45,True,False
PO-2024-26261,2024-12-23,2025-01-04,2025-01-07,SUP-034,Pacific Rim Circuits,China,Electronics,Microcontroller MCU-9,R&D,9.31,2899,26989.69,Net 30,True,False
PO-2024-26231,2024-12-24,2025-01-10,2025-01-10,SUP-028,Summit Components,USA,Electronics,Sensor Module SM-3,Manufacturing,28.83,471,13578.93,Net 30,True,False
PO-2024-26243,2024-12-24,2025-01-27,2025-01-27,SUP-036,Golden Dragon Components,China,Electronics,PCB Assembly A-11,Corporate,61.19,453,27719.07,Net 30,True,False
PO-2024-26196,2024-12-24,2025-01-19,2025-01-22,SUP-033,Busan Components,South Korea,Electronics,Sensor Module SM-3,Corporate,25.54,759,19384.86,Net 45,True,False
PO-2024-26245,2024-12-24,2025-01-10,2025-01-10,SUP-028,Summit Components,USA,Electronics,Power Supply Unit 450W,Corporate,83.57,84,7019.88,Net 45,True,False
PO-2024-26195,2024-12-24,2025-01-26,2025-01-26,SUP-036,Golden Dragon Components,China,Electronics,Power Supply Unit 450W,Corporate,82.61,183,15117.63,Net 45,True,False
PO-2024-26342,2024-12-24,2025-01-11,2025-01-11,SUP-034,Pacific Rim Circuits,China,Electronics,PCB Assembly A-11,Field Services,68.75,417,28668.75,Net 15,False,False
PO-2024-26355,2024-12-24,2025-01-26,2025-01-30,SUP-028,Summit Components,USA,Electronics,Power Supply Unit 450W,Corporate,76.72,172,13195.84,Net 15,True,False
PO-2024-26377,2024-12-24,2025-01-24,2025-01-24,SUP-028,Summit Components,USA,Electronics,Microcontroller MCU-9,Corporate,9.92,1816,18014.72,Net 30,True,False
PO-2024-26278,2024-12-24,2025-01-16,2025-01-16,SUP-033,Busan Components,South Korea,Electronics,Microcontroller MCU-9,Retail Operations,8.38,4116,34492.08,Net 30,True,False
PO-2024-26275,2024-12-24,2025-01-07,2025-01-07,SUP-036,Golden Dragon Components,China,Electronics,Connector Kit CK-8,R&D,5.8,3657,21210.6,Net 30,True,False
PO-2024-26277,2024-12-24,2025-01-18,2025-01-18,SUP-036,Golden Dragon Components,China,Electronics,Connector Kit CK-8,Corporate,5.22,2369,12366.18,Net 45,True,False
PO-2024-26291,2024-12-24,2025-01-23,2025-01-23,SUP-036,Golden Dragon Components,China,Electronics,Microcontroller MCU-9,Retail Operations,9.36,3583,33536.88,Net 60,True,False
PO-2024-26311,2024-12-25,2025-01-24,2025-02-08,SUP-029,Great Wall Components,China,Electronics,PCB Assembly A-11,R&D,63.11,541,34142.51,Net 45,True,False
PO-2024-26306,2024-12-25,2025-01-13,2025-01-13,SUP-025,Cascade Semitech,USA,Electronics,Microcontroller MCU-9,Field Services,9.64,3995,38511.8,Net 30,False,False
PO-2024-26281,2024-12-25,2024-12-31,2024-12-31,SUP-028,Summit Components,USA,Electronics,Sensor Module SM-3,Manufacturing,30.39,670,20361.3,Net 30,True,False
PO-2024-26218,2024-12-25,2025-01-14,2025-01-16,SUP-025,Cascade Semitech,USA,Electronics,PCB Assembly A-11,R&D,64.64,461,29799.04,Net 45,True,False
PO-2024-26207,2024-12-25,2025-01-13,2025-01-13,SUP-033,Busan Components,South Korea,Electronics,Connector Kit CK-8,Corporate,4.43,4330,19181.9,Net 30,True,False
PO-2024-26322,2024-12-26,2025-01-23,2025-01-23,SUP-024,Sterling Components,USA,Electronics,Connector Kit CK-8,Manufacturing,5.39,2263,12197.57,Net 30,True,False
PO-2024-26367,2024-12-26,2025-01-14,2025-01-14,SUP-028,Summit Components,USA,Electronics,Power Supply Unit 450W,R&D,77.87,235,18299.45,Net 30,False,False
PO-2024-26206,2024-12-26,2025-01-06,2025-01-06,SUP-025,Cascade Semitech,USA,Electronics,Sensor Module SM-3,R&D,29.36,471,13828.56,Net 30,True,False
PO-2024-26203,2024-12-26,2025-01-23,2025-02-02,SUP-029,Great Wall Components,China,Electronics,Connector Kit CK-8,R&D,5.21,2988,15567.48,Net 30,True,False
PO-2024-26193,2024-12-26,2025-01-21,2025-01-21,SUP-022,Redwood Components,USA,Electronics,Connector Kit CK-8,R&D,5.16,3425,17673.0,Net 30,True,False
PO-2024-26272,2024-12-27,2025-01-20,2025-01-22,SUP-032,Lotus Components,India,Electronics,Microcontroller MCU-9,Corporate,8.59,3253,27943.27,Net 15,True,False
PO-2024-26282,2024-12-27,2025-01-03,2025-01-05,SUP-028,Summit Components,USA,Electronics,Microcontroller MCU-9,Field Services,9.68,3963,38361.84,Net 45,True,False
PO-2024-26379,2024-12-27,2025-01-20,2025-01-20,SUP-036,Golden Dragon Components,China,Electronics,Power Supply Unit 450W,Manufacturing,87.89,97,8525.33,Net 45,True,False
PO-2024-26251,2024-12-27,2025-01-06,2025-01-06,SUP-034,Pacific Rim Circuits,China,Electronics,Sensor Module SM-3,R&D,28.49,646,18404.54,Net 45,True,False
PO-2024-26220,2024-12-27,2025-01-15,2025-01-15,SUP-028,Summit Components,USA,Electronics,Connector Kit CK-8,Field Services,5.11,4096,20930.56,Net 45,True,False
PO-2024-26202,2024-12-27,2025-01-23,2025-01-23,SUP-032,Lotus Components,India,Electronics,Sensor Module SM-3,Manufacturing,26.07,743,19370.01,Net 15,True,False
PO-2024-26205,2024-12-27,2025-01-04,2025-01-06,SUP-024,Sterling Components,USA,Electronics,Connector Kit CK-8,R&D,5.02,1282,6435.64,Net 60,True,False
PO-2024-26201,2024-12-27,2025-01-02,2025-01-02,SUP-022,Redwood Components,USA,Electronics,Sensor Module SM-3,Corporate,27.06,598,16181.88,Net 45,True,False
PO-2024-26323,2024-12-28,2025-01-23,2025-01-23,SUP-024,Sterling Components,USA,Electronics,Power Supply Unit 450W,Manufacturing,82.39,73,6014.47,Net 30,True,False
PO-2024-26312,2024-12-28,2025-01-27,2025-01-31,SUP-032,Lotus Components,India,Electronics,Connector Kit CK-8,Manufacturing,4.75,4712,22382.0,Net 30,True,False
PO-2024-26297,2024-12-28,2025-01-15,2025-01-15,SUP-025,Cascade Semitech,USA,Electronics,PCB Assembly A-11,R&D,60.95,241,14688.95,Net 45,True,False
PO-2024-26263,2024-12-28,2025-01-05,2025-01-05,SUP-028,Summit Components,USA,Electronics,Power Supply Unit 450W,Field Services,81.89,154,12611.06,Net 45,False,False
PO-2024-26236,2024-12-28,2025-01-07,2025-01-07,SUP-033,Busan Components,South Korea,Electronics,PCB Assembly A-11,Corporate,53.0,387,20511.0,Net 60,True,True
PO-2024-26233,2024-12-28,2025-01-18,2025-01-18,SUP-025,Cascade Semitech,USA,Electronics,Power Supply Unit 450W,Manufacturing,78.74,238,18740.12,Net 45,True,False
PO-2024-26346,2024-12-28,2025-01-25,2025-02-09,SUP-029,Great Wall Components,China,Electronics,Microcontroller MCU-9,Manufacturing,8.13,3965,32235.45,Net 60,True,False
PO-2024-26332,2024-12-29,2025-01-16,2025-01-16,SUP-025,Cascade Semitech,USA,Electronics,PCB Assembly A-11,Field Services,65.13,206,13416.78,Net 15,True,False
PO-2024-26280,2024-12-29,2025-01-04,2025-01-04,SUP-028,Summit Components,USA,Electronics,Sensor Module SM-3,Manufacturing,31.31,926,28993.06,Net 60,True,False
PO-2024-26358,2024-12-29,2025-01-05,2025-01-06,SUP-028,Summit Components,USA,Electronics,Sensor Module SM-3,Corporate,30.87,446,13768.02,Net 30,True,False
PO-2024-26303,2024-12-29,2025-01-23,2025-01-23,SUP-022,Redwood Components,USA,Electronics,PCB Assembly A-11,Retail Operations,57.93,493,28559.49,Net 30,True,False
PO-2024-26341,2024-12-29,2025-01-10,2025-01-10,SUP-036,Golden Dragon Components,China,Electronics,Connector Kit CK-8,R&D,5.81,5041,29288.21,Net 30,True,False
PO-2024-26197,2024-12-29,2025-01-20,2025-01-20,SUP-033,Busan Components,South Korea,Electronics,PCB Assembly A-11,Field Services,56.41,498,28092.18,Net 30,True,False
PO-2024-26225,2024-12-29,2025-01-08,2025-01-08,SUP-025,Cascade Semitech,USA,Electronics,Sensor Module SM-3,Corporate,30.26,422,12769.72,Net 45,True,False
PO-2024-26200,2024-12-30,2025-01-06,2025-01-06,SUP-028,Summit Components,USA,Electronics,PCB Assembly A-11,Retail Operations,64.0,448,28672.0,Net 30,True,False
PO-2024-26329,2024-12-30,2025-01-20,2025-01-20,SUP-022,Redwood Components,USA,Electronics,PCB Assembly A-11,Corporate,55.6,262,14567.2,Net 30,True,False
PO-2024-26286,2024-12-30,2025-01-25,2025-01-25,SUP-036,Golden Dragon Components,China,Electronics,Connector Kit CK-8,Retail Operations,5.24,3344,17522.56,Net 45,True,False
PO-2024-26285,2024-12-30,2025-01-22,2025-01-22,SUP-025,Cascade Semitech,USA,Electronics,Power Supply Unit 450W,Corporate,81.26,171,13895.46,Net 30,True,False
PO-2024-26229,2024-12-30,2025-01-16,2025-01-16,SUP-035,Pacific Rim Semitech,China,Electronics,Power Supply Unit 450W,Corporate,73.98,119,8803.62,Net 60,True,False
PO-2024-26264,2024-12-31,2025-01-25,2025-01-25,SUP-036,Golden Dragon Components,China,Electronics,Sensor Module SM-3,Manufacturing,31.46,522,16422.12,Net 30,True,False
PO-2024-26266,2024-12-31,2025-01-07,2025-01-07,SUP-032,Lotus Components,India,Electronics,Connector Kit CK-8,R&D,4.66,3593,16743.38,Net 45,True,False
PO-2024-26273,2024-12-31,2025-01-18,2025-01-18,SUP-033,Busan Components,South Korea,Electronics,PCB Assembly A-11,Field Services,55.01,534,29375.34,Net 15,False,False
PO-2024-26372,2024-12-31,2025-01-24,2025-01-24,SUP-034,Pacific Rim Circuits,China,Electronics,Connector Kit CK-8,Corporate,5.4,1977,10675.8,Net 15,True,False
PO-2024-26336,2024-12-31,2025-01-15,2025-01-15,SUP-024,Sterling Components,USA,Electronics,Microcontroller MCU-9,Corporate,8.76,4150,36354.0,Net 45,True,False
PO-2025-27570,2025-01-01,2025-01-08,2025-01-08,SUP-028,Summit Components,USA,Electronics,Microcontroller MCU-9,Corporate,9.9,2005,19849.5,Net 45,True,True
PO-2025-27583,2025-01-01,2025-01-31,2025-01-31,SUP-028,Summit Components,USA,Electronics,Power Supply Unit 450W,Retail Operations,78.84,199,15689.16,Net 30,True,False
PO-2025-27547,2025-01-01,2025-01-10,2025-01-10,SUP-028,Summit Components,USA,Electronics,Power Supply Unit 450W,Manufacturing,78.02,140,10922.8,Net 30,True,False
PO-2025-27537,2025-01-01,2025-01-22,2025-01-22,SUP-034,Pacific Rim Circuits,China,Electronics,Power Supply Unit 450W,Field Services,74.8,168,12566.4,Net 45,True,False
PO-2025-27520,2025-01-01,2025-01-27,2025-01-27,SUP-028,Summit Components,USA,Electronics,PCB Assembly A-11,R&D,62.98,144,9069.12,Net 45,True,False
PO-2025-27503,2025-01-01,2025-01-16,2025-01-16,SUP-028,Summit Components,USA,Electronics,Connector Kit CK-8,Manufacturing,5.55,1904,10567.2,Net 15,False,False
PO-2025-27484,2025-01-01,2025-01-31,2025-01-31,SUP-028,Summit Components,USA,Electronics,Microcontroller MCU-9,R&D,9.03,1891,17075.73,Net 30,False,False
PO-2025-27477,2025-01-01,2025-01-06,2025-01-06,SUP-025,Cascade Semitech,USA,Electronics,PCB Assembly A-11,R&D,64.63,424,27403.12,Net 30,True,False
PO-2025-27544,2025-01-02,2025-01-08,2025-01-11,SUP-022,Redwood Components,USA,Electronics,Connector Kit CK-8,Manufacturing,5.16,677,3493.32,Net 60,True,False
PO-2025-27595,2025-01-02,2025-01-17,2025-01-20,SUP-035,Pacific Rim Semitech,China,Electronics,Power Supply Unit 450W,Corporate,73.18,147,10757.46,Net 45,True,False
PO-2025-27561,2025-01-03,2025-01-26,2025-01-26,SUP-025,Cascade Semitech,USA,Electronics,Power Supply Unit 450W,Field Services,86.16,107,9219.12,Net 30,True,False
PO-2025-27553,2025-01-03,2025-01-20,2025-01-20,SUP-025,Cascade Semitech,USA,Electronics,Connector Kit CK-8,R&D,5.26,2951,15522.26,Net 30,False,False
PO-2025-27517,2025-01-03,2025-01-31,2025-01-31,SUP-024,Sterling Components,USA,Electronics,Power Supply Unit 450W,Manufacturing,80.5,184,14812.0,Net 30,True,False
PO-2025-27543,2025-01-03,2025-01-14,2025-01-14,SUP-024,Sterling Components,USA,Electronics,Microcontroller MCU-9,R&D,9.9,2834,28056.6,Net 30,True,False
PO-2025-27495,2025-01-04,2025-01-13,2025-01-14,SUP-033,Busan Components,South Korea,Electronics,Sensor Module SM-3,Retail Operations,25.52,274,6992.48,Net 30,True,False
PO-2025-27523,2025-01-04,2025-01-15,2025-01-15,SUP-033,Busan Components,South Korea,Electronics,Sensor Module SM-3,Manufacturing,27.26,877,23907.02,Net 30,True,False
PO-2025-27540,2025-01-04,2025-01-27,2025-01-27,SUP-032,Lotus Components,India,Electronics,Connector Kit CK-8,Retail Operations,4.58,2946,13492.68,Net 60,True,False
PO-2025-27575,2025-01-04,2025-01-16,2025-01-16,SUP-036,Golden Dragon Components,China,Electronics,PCB Assembly A-11,Manufacturing,63.18,318,20091.24,Net 30,True,False
PO-2025-27552,2025-01-04,2025-01-11,2025-01-11,SUP-022,Redwood Components,USA,Electronics,Microcontroller MCU-9,Manufacturing,8.55,1477,12628.35,Net 30,True,False
PO-2025-27485,2025-01-04,2025-02-01,2025-02-01,SUP-028,Summit Components,USA,Electronics,Connector Kit CK-8,Retail Operations,5.45,3222,17559.9,Net 45,True,False
PO-2025-27479,2025-01-05,2025-02-05,2025-02-05,SUP-032,Lotus Components,India,Electronics,Sensor Module SM-3,Retail Operations,24.15,795,19199.25,Net 30,True,False
PO-2025-27493,2025-01-05,2025-01-14,2025-01-14,SUP-028,Summit Components,USA,Electronics,Microcontroller MCU-9,Manufacturing,9.23,3787,34954.01,Net 30,True,False
PO-2025-27510,2025-01-05,2025-01-20,2025-01-20,SUP-028,Summit Components,USA,Electronics,Power Supply Unit 450W,Retail Operations,84.26,130,10953.8,Net 30,False,False
PO-2025-27524,2025-01-05,2025-01-30,2025-01-30,SUP-036,Golden Dragon Components,China,Electronics,Power Supply Unit 450W,Corporate,80.26,98,7865.48,Net 30,True,False
PO-2025-27555,2025-01-05,2025-01-24,2025-01-24,SUP-025,Cascade Semitech,USA,Electronics,Power Supply Unit 450W,Manufacturing,81.21,127,10313.67,Net 30,True,False
PO-2025-27530,2025-01-06,2025-02-08,2025-02-08,SUP-022,Redwood Components,USA,Electronics,Sensor Module SM-3,Manufacturing,28.03,434,12165.02,Net 15,True,False
PO-2025-27571,2025-01-06,2025-02-08,2025-02-08,SUP-028,Summit Components,USA,Electronics,Connector Kit CK-8,Manufacturing,5.88,1605,9437.4,Net 30,True,False
PO-2025-27591,2025-01-06,2025-02-06,2025-02-06,SUP-028,Summit Components,USA,Electronics,Sensor Module SM-3,R&D,30.82,552,17012.64,Net 30,True,False
PO-2025-27498,2025-01-07,2025-01-22,2025-01-22,SUP-032,Lotus Components,India,Electronics,Microcontroller MCU-9,Corporate,8.56,2761,23634.16,Net 30,True,False
PO-2025-27545,2025-01-07,2025-01-29,2025-01-29,SUP-034,Pacific Rim Circuits,China,Electronics,PCB Assembly A-11,Retail Operations,65.04,595,38698.8,Net 30,True,False
PO-2025-27527,2025-01-08,2025-01-25,2025-01-25,SUP-032,Lotus Components,India,Electronics,Power Supply Unit 450W,R&D,61.89,183,11325.87,Net 45,True,False
PO-2025-27574,2025-01-08,2025-01-25,2025-01-25,SUP-034,Pacific Rim Circuits,China,Electronics,Power Supply Unit 450W,Manufacturing,79.11,115,9097.65,Net 45,True,False
PO-2025-27551,2025-01-08,2025-01-17,2025-01-17,SUP-022,Redwood Components,USA,Electronics,PCB Assembly A-11,Retail Operations,58.15,340,19771.0,Net 30,True,False
PO-2025-27569,2025-01-09,2025-02-05,2025-02-05,SUP-028,Summit Components,USA,Electronics,Microcontroller MCU-9,Corporate,8.88,1164,10336.32,Net 45,False,False
PO-2025-27538,2025-01-09,2025-01-17,2025-01-17,SUP-028,Summit Components,USA,Electronics,Microcontroller MCU-9,Manufacturing,9.46,1627,15391.42,Net 60,True,False
PO-2025-27576,2025-01-10,2025-01-26,2025-01-26,SUP-032,Lotus Components,India,Electronics,PCB Assembly A-11,Field Services,57.01,627,35745.27,Net 30,True,False
PO-2025-27559,2025-01-10,2025-01-29,2025-01-29,SUP-028,Summit Components,USA,Electronics,Microcontroller MCU-9,Corporate,10.25,1529,15672.25,Net 60,True,False
PO-2025-27560,2025-01-10,2025-02-08,2025-02-08,SUP-024,Sterling Components,USA,Electronics,Microcontroller MCU-9,Retail Operations,9.26,2901,26863.26,Net 60,True,False
PO-2025-27535,2025-01-11,2025-01-27,2025-01-27,SUP-036,Golden Dragon Components,China,Electronics,Sensor Module SM-3,Manufacturing,32.85,920,30222.0,Net 45,True,False
PO-2025-27482,2025-01-11,2025-02-05,2025-02-05,SUP-022,Redwood Components,USA,Electronics,Connector Kit CK-8,Retail Operations,5.13,2105,10798.65,Net 30,False,False
PO-2025-27526,2025-01-11,2025-02-02,2025-02-02,SUP-034,Pacific Rim Circuits,China,Electronics,Sensor Module SM-3,Manufacturing,27.88,507,14135.16,Net 30,True,False
PO-2025-27489,2025-01-11,2025-01-26,2025-02-11,SUP-029,Great Wall Components,China,Electronics,Connector Kit CK-8,Field Services,4.14,2875,11902.5,Net 30,False,False
PO-2025-27490,2025-01-11,2025-01-20,2025-01-20,SUP-034,Pacific Rim Circuits,China,Electronics,Connector Kit CK-8,Manufacturing,5.14,4074,20940.36,Net 30,True,False
PO-2025-27519,2025-01-11,2025-01-24,2025-01-24,SUP-024,Sterling Components,USA,Electronics,Sensor Module SM-3,Retail Operations,30.68,695,21322.6,Net 45,True,False
PO-2025-27483,2025-01-11,2025-02-10,2025-02-10,SUP-028,Summit Components,USA,Electronics,Sensor Module SM-3,Manufacturing,30.72,594,18247.68,Net 45,True,False
PO-2025-27563,2025-01-11,2025-01-20,2025-01-24,SUP-025,Cascade Semitech,USA,Electronics,Power Supply Unit 450W,R&D,78.18,212,16574.16,Net 60,True,False
PO-2025-27487,2025-01-12,2025-02-04,2025-02-04,SUP-036,Golden Dragon Components,China,Electronics,PCB Assembly A-11,R&D,67.07,256,17169.92,Net 30,True,False
PO-2025-27573,2025-01-12,2025-02-14,2025-02-15,SUP-032,Lotus Components,India,Electronics,Microcontroller MCU-9,Retail Operations,8.56,3281,28085.36,Net 45,True,True
PO-2025-27562,2025-01-12,2025-02-04,2025-02-04,SUP-032,Lotus Components,India,Electronics,Sensor Module SM-3,Corporate,27.66,662,18310.92,Net 15,False,False
PO-2025-27528,2025-01-12,2025-01-19,2025-01-19,SUP-033,Busan Components,South Korea,Electronics,Sensor Module SM-3,Retail Operations,24.28,694,16850.32,Net 15,True,False
PO-2025-27536,2025-01-12,2025-01-18,2025-01-18,SUP-023,Schwarzwald Circuits,Germany,Electronics,PCB Assembly A-11,Corporate,53.7,334,17935.8,Net 30,True,False
PO-2025-27539,2025-01-12,2025-01-29,2025-01-29,SUP-033,Busan Components,South Korea,Electronics,Microcontroller MCU-9,R&D,8.01,3239,25944.39,Net 45,True,False
PO-2025-27541,2025-01-12,2025-01-25,2025-01-26,SUP-026,Great Wall Circuits,China,Electronics,Microcontroller MCU-9,Retail Operations,9.38,1672,15683.36,Net 15,True,False
PO-2025-47126,2025-01-13,2025-01-18,2025-01-18,SUP-023,Schwarzwald Circuits,Germany,Electronics,PCB Assembly A-11,Corporate,53.7,334,17935.8,Net 30,True,False
PO-2025-27587,2025-01-13,2025-01-21,2025-01-21,SUP-025,Cascade Semitech,USA,Electronics,Sensor Module SM-3,R&D,27.92,696,19432.32,Net 60,True,False
PO-2025-27515,2025-01-14,2025-02-11,2025-02-11,SUP-034,Pacific Rim Circuits,China,Electronics,Sensor Module SM-3,Manufacturing,32.18,479,15414.22,Net 30,True,False
PO-2025-27508,2025-01-14,2025-02-01,2025-02-03,SUP-036,Golden Dragon Components,China,Electronics,Power Supply Unit 450W,Retail Operations,84.73,129,10930.17,Net 30,True,False
PO-2025-27602,2025-01-14,2025-01-28,2025-01-28,SUP-036,Golden Dragon Components,China,Electronics,Power Supply Unit 450W,Corporate,87.83,214,18795.62,Net 45,True,False
PO-2025-27609,2025-01-14,2025-01-24,2025-01-24,SUP-024,Sterling Components,USA,Electronics,Connector Kit CK-8,Retail Operations,5.2,3256,16931.2,Net 60,True,False
PO-2025-27584,2025-01-14,2025-02-16,2025-02-16,SUP-025,Cascade Semitech,USA,Electronics,Power Supply Unit 450W,Field Services,83.06,181,15033.86,Net 45,True,False
PO-2025-27599,2025-01-15,2025-02-08,2025-02-08,SUP-028,Summit Components,USA,Electronics,Microcontroller MCU-9,R&D,9.72,3667,35643.24,Net 30,True,False
PO-2025-27506,2025-01-15,2025-02-15,2025-02-15,SUP-028,Summit Components,USA,Electronics,Connector Kit CK-8,Retail Operations,5.29,3113,16467.77,Net 45,True,False
PO-2025-27525,2025-01-15,2025-01-24,2025-01-24,SUP-034,Pacific Rim Circuits,China,Electronics,Power Supply Unit 450W,Manufacturing,89.99,160,14398.4,Net 60,True,False
PO-2025-27549,2025-01-15,2025-02-11,2025-02-11,SUP-022,Redwood Components,USA,Electronics,Connector Kit CK-8,Retail Operations,4.81,1164,5598.84,Net 30,True,False
PO-2025-27577,2025-01-15,2025-01-20,2025-01-20,SUP-025,Cascade Semitech,USA,Electronics,Microcontroller MCU-9,Manufacturing,9.6,3164,30374.4,Net 15,True,False
PO-2025-27554,2025-01-15,2025-02-16,2025-02-16,SUP-023,Schwarzwald Circuits,Germany,Electronics,Power Supply Unit 450W,R&D,73.24,137,10033.88,Net 30,True,False
PO-2025-27580,2025-01-16,2025-02-18,2025-02-18,SUP-024,Sterling Components,USA,Electronics,Sensor Module SM-3,Retail Operations,30.62,509,15585.58,Net 45,True,False
PO-2025-27567,2025-01-16,2025-01-31,2025-01-31,SUP-036,Golden Dragon Components,China,Electronics,Power Supply Unit 450W,Field Services,76.48,191,14607.68,Net 15,True,False
PO-2025-27491,2025-01-16,2025-01-27,2025-01-27,SUP-025,Cascade Semitech,USA,Electronics,PCB Assembly A-11,Corporate,65.76,543,35707.68,Net 45,True,False
PO-2025-27480,2025-01-16,2025-02-01,2025-02-01,SUP-025,Cascade Semitech,USA,Electronics,Power Supply Unit 450W,R&D,85.2,115,9798.0,Net 60,True,False
PO-2025-27601,2025-01-16,2025-02-11,2025-02-11,SUP-036,Golden Dragon Components,China,Electronics,Connector Kit CK-8,R&D,5.71,4423,25255.33,Net 30,True,False
PO-2025-27600,2025-01-16,2025-01-28,2025-01-30,SUP-034,Pacific Rim Circuits,China,Electronics,Sensor Module SM-3,Corporate,29.29,473,13854.17,Net 60,True,False
PO-2025-27518,2025-01-17,2025-02-02,2025-02-02,SUP-025,Cascade Semitech,USA,Electronics,Power Supply Unit 450W,Manufacturing,78.54,128,10053.12,Net 45,False,False
PO-2025-27542,2025-01-17,2025-02-13,2025-02-13,SUP-036,Golden Dragon Components,China,Electronics,PCB Assembly A-11,Corporate,69.78,387,27004.86,Net 60,True,False
PO-2025-27572,2025-01-17,2025-02-16,2025-02-16,SUP-024,Sterling Components,USA,Electronics,Power Supply Unit 450W,Corporate,73.11,200,14622.0,Net 30,False,False
PO-2025-27607,2025-01-17,2025-01-30,2025-01-30,SUP-032,Lotus Components,India,Electronics,Power Supply Unit 450W,Manufacturing,68.36,298,20371.28,Net 45,True,False
PO-2025-27499,2025-01-18,2025-02-15,2025-02-15,SUP-035,Pacific Rim Semitech,China,Electronics,Microcontroller MCU-9,Corporate,9.64,2947,28409.08,Net 45,False,False
PO-2025-27565,2025-01-18,2025-02-21,2025-02-23,SUP-032,Lotus Components,India,Electronics,PCB Assembly A-11,Field Services,56.22,377,21194.94,Net 45,False,False
PO-2025-27605,2025-01-18,2025-02-02,2025-02-02,SUP-025,Cascade Semitech,USA,Electronics,Microcontroller MCU-9,Field Services,10.23,826,8449.98,Net 60,True,False
PO-2025-27534,2025-01-18,2025-02-13,2025-02-13,SUP-024,Sterling Components,USA,Electronics,PCB Assembly A-11,Field Services,63.25,498,31498.5,Net 45,False,False
PO-2025-27586,2025-01-19,2025-02-17,2025-02-17,SUP-032,Lotus Components,India,Electronics,Microcontroller MCU-9,Corporate,8.54,2843,24279.22,Net 30,True,False
PO-2025-27488,2025-01-19,2025-02-11,2025-02-11,SUP-032,Lotus Components,India,Electronics,Microcontroller MCU-9,Field Services,8.74,2028,17724.72,Net 30,True,False
PO-2025-27585,2025-01-20,2025-01-28,2025-01-28,SUP-028,Summit Components,USA,Electronics,Power Supply Unit 450W,Corporate,76.76,137,10516.12,Net 15,True,False
PO-2025-27529,2025-01-20,2025-02-18,2025-02-18,SUP-033,Busan Components,South Korea,Electronics,Connector Kit CK-8,Field Services,4.67,2983,13930.61,Net 45,False,False
PO-2025-27507,2025-01-20,2025-02-14,2025-02-14,SUP-033,Busan Components,South Korea,Electronics,PCB Assembly A-11,Corporate,55.53,583,32373.99,Net 30,True,False
PO-2025-27558,2025-01-20,2025-01-28,2025-01-28,SUP-025,Cascade Semitech,USA,Electronics,Connector Kit CK-8,Manufacturing,5.36,4136,22168.96,Net 30,True,False
PO-2025-27533,2025-01-21,2025-01-31,2025-01-31,SUP-028,Summit Components,USA,Electronics,Connector Kit CK-8,Manufacturing,5.13,3427,17580.51,Net 45,True,False
PO-2025-27521,2025-01-21,2025-02-24,2025-02-24,SUP-028,Summit Components,USA,Electronics,Sensor Module SM-3,Field Services,30.21,412,12446.52,Net 30,True,False
PO-2025-27594,2025-01-21,2025-02-03,2025-02-10,SUP-029,Great Wall Components,China,Electronics,Microcontroller MCU-9,Corporate,7.6,2419,18384.4,Net 30,True,False
PO-2025-27588,2025-01-21,2025-02-09,2025-02-23,SUP-029,Great Wall Components,China,Electronics,Sensor Module SM-3,Manufacturing,23.38,816,19078.08,Net 15,True,False
PO-2025-27494,2025-01-21,2025-02-15,2025-02-17,SUP-034,Pacific Rim Circuits,China,Electronics,Power Supply Unit 450W,Corporate,85.88,158,13569.04,Net 30,True,False
PO-2025-27513,2025-01-22,2025-02-11,2025-02-11,SUP-035,Pacific Rim Semitech,China,Electronics,PCB Assembly A-11,Retail Operations,61.56,453,27886.68,Net 60,True,False
PO-2025-27496,2025-01-22,2025-01-29,2025-01-29,SUP-025,Cascade Semitech,USA,Electronics,Microcontroller MCU-9,Field Services,9.16,4172,38215.52,Net 30,True,False
PO-2025-27608,2025-01-22,2025-02-12,2025-02-15,SUP-034,Pacific Rim Circuits,China,Electronics,Sensor Module SM-3,Corporate,29.91,808,24167.28,Net 30,True,False
PO-2025-27582,2025-01-22,2025-02-17,2025-02-18,SUP-036,Golden Dragon Components,China,Electronics,Microcontroller MCU-9,R&D,10.42,1747,18203.74,Net 30,True,False
PO-2025-27481,2025-01-23,2025-02-20,2025-02-20,SUP-028,Summit Components,USA,Electronics,Microcontroller MCU-9,Retail Operations,9.59,3026,29019.34,Net 45,True,False
PO-2025-27516,2025-01-23,2025-02-21,2025-02-23,SUP-036,Golden Dragon Components,China,Electronics,Connector Kit CK-8,Corporate,5.86,1859,10893.74,Net 45,True,False
PO-2025-27512,2025-01-23,2025-02-03,2025-02-09,SUP-028,Summit Components,USA,Electronics,Microcontroller MCU-9,Retail Operations,9.52,1732,16488.64,Net 30,True,False
PO-2025-27509,2025-01-23,2025-02-14,2025-02-14,SUP-025,Cascade Semitech,USA,Electronics,Connector Kit CK-8,Field Services,5.32,1259,6697.88,Net 30,True,False
PO-2025-27564,2025-01-24,2025-02-11,2025-02-11,SUP-028,Summit Components,USA,Electronics,Power Supply Unit 450W,Field Services,78.11,108,8435.88,Net 15,False,False
PO-2025-27505,2025-01-24,2025-02-19,2025-02-19,SUP-025,Cascade Semitech,USA,Electronics,Connector Kit CK-8,Manufacturing,5.48,3682,20177.36,Net 30,True,False
PO-2025-27497,2025-01-25,2025-02-12,2025-02-12,SUP-028,Summit Components,USA,Electronics,Connector Kit CK-8,Field Services,4.91,4229,20764.39,Net 15,False,False
PO-2025-27492,2025-01-25,2025-02-19,2025-02-19,SUP-025,Cascade Semitech,USA,Electronics,Connector Kit CK-8,Retail Operations,5.33,3193,17018.69,Net 45,True,False
PO-2025-27606,2025-01-25,2025-02-09,2025-02-21,SUP-029,Great Wall Components,China,Electronics,Sensor Module SM-3,Retail Operations,35.76,442,15805.92,Net 30,True,False
PO-2025-27593,2025-01-25,2025-02-10,2025-02-10,SUP-034,Pacific Rim Circuits,China,Electronics,Power Supply Unit 450W,Manufacturing,78.45,129,10120.05,Net 45,True,False
PO-2025-27590,2025-01-25,2025-02-05,2025-02-05,SUP-025,Cascade Semitech,USA,Electronics,Microcontroller MCU-9,R&D,9.85,3525,34721.25,Net 30,True,False
PO-2025-27597,2025-01-26,2025-02-03,2025-02-03,SUP-032,Lotus Components,India,Electronics,Connector Kit CK-8,Retail Operations,4.53,4365,19773.45,Net 30,True,False
PO-2025-27501,2025-01-26,2025-02-01,2025-02-01,SUP-028,Summit Components,USA,Electronics,Connector Kit CK-8,R&D,5.23,3527,18446.21,Net 30,True,False
PO-2025-27522,2025-01-26,2025-02-24,2025-02-24,SUP-028,Summit Components,USA,Electronics,Power Supply Unit 450W,Manufacturing,80.2,195,15639.0,Net 30,True,False
PO-2025-27557,2025-01-27,2025-02-19,2025-02-19,SUP-032,Lotus Components,India,Electronics,Microcontroller MCU-9,Manufacturing,8.45,1546,13063.7,Net 15,True,False
PO-2025-27486,2025-01-27,2025-02-19,2025-02-19,SUP-025,Cascade Semitech,USA,Electronics,Power Supply Unit 450W,R&D,84.61,156,13199.16,Net 30,False,False
PO-2025-27578,2025-01-27,2025-02-24,2025-02-24,SUP-024,Sterling Components,USA,Electronics,Connector Kit CK-8,Corporate,5.54,3162,17517.48,Net 45,True,False
PO-2025-27566,2025-01-27,2025-02-02,2025-02-02,SUP-028,Summit Components,USA,Electronics,Connector Kit CK-8,R&D,5.26,4570,24038.2,Net 30,False,True
PO-2025-27604,2025-01-28,2025-02-14,2025-02-14,SUP-032,Lotus Components,India,Electronics,Power Supply Unit 450W,Retail Operations,69.57,141,9809.37,Net 60,True,False
PO-2025-27579,2025-01-28,2025-02-26,2025-02-26,SUP-028,Summit Components,USA,Electronics,Microcontroller MCU-9,Corporate,9.66,1625,15697.5,Net 15,True,False
PO-2025-27589,2025-01-28,2025-02-17,2025-02-17,SUP-036,Golden Dragon Components,China,Electronics,PCB Assembly A-11,Retail Operations,66.12,260,17191.2,Net 15,True,False
PO-2025-27514,2025-01-29,2025-02-28,2025-02-28,SUP-028,Summit Components,USA,Electronics,PCB Assembly A-11,R&D,65.1,358,23305.8,Net 15,True,False
PO-2025-27531,2025-01-29,2025-02-17,2025-02-17,SUP-036,Golden Dragon Components,China,Electronics,PCB Assembly A-11,Manufacturing,66.19,165,10921.35,Net 30,True,False
PO-2025-27598,2025-01-29,2025-02-08,2025-02-08,SUP-022,Redwood Components,USA,Electronics,Power Supply Unit 450W,Retail Operations,74.34,36,2676.24,Net 30,True,False
PO-2025-27592,2025-01-29,2025-02-28,2025-02-28,SUP-028,Summit Components,USA,Electronics,Sensor Module SM-3,Retail Operations,28.23,654,18462.42,Net 30,True,False
PO-2025-27548,2025-01-29,2025-02-14,2025-02-14,SUP-028,Summit Components,USA,Electronics,Connector Kit CK-8,R&D,5.36,2978,15962.08,Net 30,True,False
PO-2025-27504,2025-01-29,2025-02-07,2025-02-07,SUP-022,Redwood Components,USA,Electronics,Connector Kit CK-8,Field Services,5.0,4541,22705.0,Net 30,False,False
PO-2025-27478,2025-01-30,2025-02-13,2025-02-13,SUP-032,Lotus Components,India,Electronics,Microcontroller MCU-9,Retail Operations,8.15,2806,22868.9,Net 30,True,False
PO-2025-27550,2025-01-30,2025-02-24,2025-02-24,SUP-022,Redwood Components,USA,Electronics,Microcontroller MCU-9,R&D,8.74,2231,19498.94,Net 60,True,False
PO-2025-27568,2025-01-30,2025-03-04,2025-03-04,SUP-025,Cascade Semitech,USA,Electronics,PCB Assembly A-11,R&D,63.41,307,19466.87,Net 30,False,False
PO-2025-27546,2025-01-30,2025-02-11,2025-03-03,SUP-029,Great Wall Components,China,Electronics,Microcontroller MCU-9,Field Services,8.63,2315,19978.45,Net 60,True,False
PO-2025-27556,2025-01-30,2025-02-16,2025-02-16,SUP-025,Cascade Semitech,USA,Electronics,Connector Kit CK-8,R&D,5.01,3608,18076.08,Net 15,True,False
PO-2025-27502,2025-01-30,2025-02-05,2025-02-05,SUP-025,Cascade Semitech,USA,Electronics,Microcontroller MCU-9,Retail Operations,9.35,3240,30294.0,Net 45,True,False
PO-2025-27603,2025-01-30,2025-02-21,2025-02-21,SUP-035,Pacific Rim Semitech,China,Electronics,Connector Kit CK-8,Manufacturing,5.16,1299,6702.84,Net 60,True,False
PO-2025-27500,2025-01-30,2025-02-26,2025-02-26,SUP-033,Busan Components,South Korea,Electronics,Power Supply Unit 450W,Field Services,71.91,229,16467.39,Net 45,True,False
PO-2025-27581,2025-01-30,2025-02-06,2025-02-06,SUP-028,Summit Components,USA,Electronics,Sensor Module SM-3,R&D,30.33,590,17894.7,Net 30,True,False
PO-2025-27596,2025-01-30,2025-02-26,2025-02-26,SUP-034,Pacific Rim Circuits,China,Electronics,Connector Kit CK-8,Field Services,5.47,3653,19981.91,Net 30,True,False
PO-2025-27532,2025-01-31,2025-03-05,2025-03-05,SUP-032,Lotus Components,India,Electronics,Power Supply Unit 450W,Manufacturing,63.74,172,10963.28,Net 30,True,False
PO-2025-27511,2025-01-31,2025-02-13,2025-02-13,SUP-032,Lotus Components,India,Electronics,Connector Kit CK-8,Corporate,4.72,4235,19989.2,Net 30,True,False
PO-2025-28565,2025-02-01,2025-02-14,2025-02-16,SUP-036,Golden Dragon Components,China,Electronics,PCB Assembly A-11,Field Services,66.71,551,36757.21,Net 45,True,False
PO-2025-28562,2025-02-01,2025-02-21,2025-02-21,SUP-028,Summit Components,USA,Electronics,Microcontroller MCU-9,Field Services,9.5,1198,11381.0,Net 60,True,False
PO-2025-28519,2025-02-01,2025-02-17,2025-02-17,SUP-024,Sterling Components,USA,Electronics,Connector Kit CK-8,Retail Operations,5.86,2550,14943.0,Net 60,True,False
PO-2025-28549,2025-02-02,2025-02-08,2025-02-08,SUP-028,Summit Components,USA,Electronics,Connector Kit CK-8,Field Services,5.41,1600,8656.0,Net 45,False,False
PO-2025-28534,2025-02-02,2025-02-25,2025-02-25,SUP-022,Redwood Components,USA,Electronics,Power Supply Unit 450W,Corporate,76.93,155,11924.15,Net 30,True,False
PO-2025-28476,2025-02-02,2025-02-08,2025-02-08,SUP-035,Pacific Rim Semitech,China,Electronics,Power Supply Unit 450W,Corporate,76.87,188,14451.56,Net 45,True,False
PO-2025-28573,2025-02-02,2025-03-05,2025-03-05,SUP-023,Schwarzwald Circuits,Germany,Electronics,Power Supply Unit 450W,R&D,68.06,253,17219.18,Net 60,True,False
PO-2025-28552,2025-02-02,2025-03-07,2025-03-07,SUP-026,Great Wall Circuits,China,Electronics,Microcontroller MCU-9,R&D,9.72,2011,19546.92,Net 30,False,False
PO-2025-28586,2025-02-03,2025-03-01,2025-03-22,SUP-029,Great Wall Components,China,Electronics,Microcontroller MCU-9,R&D,10.89,3309,36035.01,Net 45,True,False
PO-2025-28538,2025-02-03,2025-03-01,2025-03-01,SUP-028,Summit Components,USA,Electronics,PCB Assembly A-11,R&D,62.44,398,24851.12,Net 30,False,False
PO-2025-28536,2025-02-03,2025-03-04,2025-03-06,SUP-031,Hanseatic Circuits,Germany,Electronics,Power Supply Unit 450W,Retail Operations,81.61,141,11507.01,Net 45,True,False
PO-2025-28581,2025-02-03,2025-03-02,2025-03-02,SUP-022,Redwood Components,USA,Electronics,Sensor Module SM-3,Corporate,31.94,621,19834.74,Net 45,True,False
PO-2025-28548,2025-02-03,2025-02-15,2025-02-15,SUP-032,Lotus Components,India,Electronics,Power Supply Unit 450W,Corporate,73.2,85,6222.0,Net 45,True,False
PO-2025-28575,2025-02-03,2025-02-11,2025-02-11,SUP-022,Redwood Components,USA,Electronics,Power Supply Unit 450W,Manufacturing,75.25,157,11814.25,Net 45,True,False
PO-2025-28473,2025-02-04,2025-03-10,2025-03-10,SUP-032,Lotus Components,India,Electronics,Microcontroller MCU-9,Manufacturing,8.13,2235,18170.55,Net 30,True,False
PO-2025-28578,2025-02-04,2025-03-03,2025-03-03,SUP-028,Summit Components,USA,Electronics,PCB Assembly A-11,Retail Operations,67.67,531,35932.77,Net 30,True,False
PO-2025-28503,2025-02-04,2025-02-15,2025-02-15,SUP-036,Golden Dragon Components,China,Electronics,Sensor Module SM-3,R&D,32.6,754,24580.4,Net 30,True,False
PO-2025-28593,2025-02-04,2025-02-15,2025-02-15,SUP-033,Busan Components,South Korea,Electronics,Connector Kit CK-8,Manufacturing,4.6,2953,13583.8,Net 30,True,False
PO-2025-28569,2025-02-04,2025-02-10,2025-02-21,SUP-029,Great Wall Components,China,Electronics,PCB Assembly A-11,Field Services,56.89,416,23666.24,Net 30,True,False
PO-2025-28543,2025-02-04,2025-02-23,2025-02-23,SUP-025,Cascade Semitech,USA,Electronics,Microcontroller MCU-9,Manufacturing,10.04,1976,19839.04,Net 45,True,False
PO-2025-28464,2025-02-05,2025-02-25,2025-02-25,SUP-032,Lotus Components,India,Electronics,Power Supply Unit 450W,Corporate,72.53,144,10444.32,Net 45,True,False
PO-2025-47122,2025-02-05,2025-02-15,2025-02-15,SUP-032,Lotus Components,India,Electronics,Power Supply Unit 450W,Corporate,73.2,85,6222.0,Net 45,True,False
PO-2025-28469,2025-02-05,2025-02-20,2025-02-20,SUP-034,Pacific Rim Circuits,China,Electronics,Connector Kit CK-8,Retail Operations,5.44,3374,18354.56,Net 30,True,False
PO-2025-28567,2025-02-05,2025-02-12,2025-02-12,SUP-036,Golden Dragon Components,China,Electronics,Microcontroller MCU-9,Retail Operations,10.07,2911,29313.77,Net 45,True,False
PO-2025-28500,2025-02-06,2025-03-05,2025-03-05,SUP-036,Golden Dragon Components,China,Electronics,Power Supply Unit 450W,Retail Operations,85.96,145,12464.2,Net 30,True,False
PO-2025-28485,2025-02-06,2025-03-11,2025-03-11,SUP-032,Lotus Components,India,Electronics,Microcontroller MCU-9,Corporate,8.18,2386,19517.48,Net 30,True,False
PO-2025-28520,2025-02-06,2025-02-27,2025-02-27,SUP-036,Golden Dragon Components,China,Electronics,Sensor Module SM-3,R&D,30.07,610,18342.7,Net 60,True,False
PO-2025-28515,2025-02-06,2025-02-24,2025-02-24,SUP-034,Pacific Rim Circuits,China,Electronics,Sensor Module SM-3,Retail Operations,29.2,662,19330.4,Net 30,True,False
PO-2025-28527,2025-02-06,2025-02-19,2025-02-19,SUP-029,Great Wall Components,China,Electronics,Sensor Module SM-3,Retail Operations,21.77,853,18569.81,Net 30,True,False
PO-2025-28525,2025-02-06,2025-03-08,2025-03-13,SUP-033,Busan Components,South Korea,Electronics,Connector Kit CK-8,Retail Operations,4.89,1473,7202.97,Net 30,True,False
PO-2025-28545,2025-02-07,2025-02-19,2025-02-19,SUP-033,Busan Components,South Korea,Electronics,Power Supply Unit 450W,Retail Operations,67.74,189,12802.86,Net 15,True,False
PO-2025-28488,2025-02-07,2025-03-13,2025-03-13,SUP-025,Cascade Semitech,USA,Electronics,Sensor Module SM-3,Corporate,28.79,343,9874.97,Net 45,True,False
PO-2025-28507,2025-02-07,2025-03-04,2025-03-04,SUP-024,Sterling Components,USA,Electronics,PCB Assembly A-11,Field Services,63.27,373,23599.71,Net 45,False,False
PO-2025-28509,2025-02-07,2025-03-04,2025-03-04,SUP-025,Cascade Semitech,USA,Electronics,Connector Kit CK-8,R&D,5.66,3537,20019.42,Net 15,True,False
PO-2025-28482,2025-02-07,2025-02-24,2025-02-24,SUP-028,Summit Components,USA,Electronics,Sensor Module SM-3,Corporate,28.51,402,11461.02,Net 45,True,False
PO-2025-28555,2025-02-07,2025-02-19,2025-02-19,SUP-028,Summit Components,USA,Electronics,Connector Kit CK-8,Retail Operations,5.34,1408,7518.72,Net 30,True,False
PO-2025-28472,2025-02-07,2025-02-15,2025-02-15,SUP-025,Cascade Semitech,USA,Electronics,Microcontroller MCU-9,Manufacturing,10.37,2461,25520.57,Net 45,True,False
PO-2025-28580,2025-02-08,2025-02-20,2025-02-20,SUP-028,Summit Components,USA,Electronics,Sensor Module SM-3,Manufacturing,28.66,571,16364.86,Net 45,True,False
PO-2025-28556,2025-02-08,2025-03-09,2025-03-09,SUP-025,Cascade Semitech,USA,Electronics,Microcontroller MCU-9,R&D,10.0,2003,20030.0,Net 30,True,False
PO-2025-28533,2025-02-08,2025-02-14,2025-02-14,SUP-028,Summit Components,USA,Electronics,Power Supply Unit 450W,Manufacturing,85.75,107,9175.25,Net 60,True,False
PO-2025-28596,2025-02-08,2025-02-17,2025-02-17,SUP-025,Cascade Semitech,USA,Electronics,Microcontroller MCU-9,Retail Operations,9.3,2562,23826.6,Net 30,True,False
PO-2025-28465,2025-02-08,2025-02-13,2025-02-13,SUP-036,Golden Dragon Components,China,Electronics,Connector Kit CK-8,Manufacturing,5.81,2900,16849.0,Net 30,True,False
PO-2025-28550,2025-02-08,2025-02-16,2025-02-16,SUP-028,Summit Components,USA,Electronics,Connector Kit CK-8,Field Services,5.42,2520,13658.4,Net 45,True,False
PO-2025-28597,2025-02-09,2025-03-06,2025-03-09,SUP-036,Golden Dragon Components,China,Electronics,PCB Assembly A-11,Corporate,68.08,379,25802.32,Net 30,True,False
PO-2025-28558,2025-02-09,2025-03-05,2025-03-05,SUP-032,Lotus Components,India,Electronics,PCB Assembly A-11,Manufacturing,59.07,487,28767.09,Net 45,True,False
PO-2025-28530,2025-02-09,2025-02-24,2025-02-24,SUP-025,Cascade Semitech,USA,Electronics,Connector Kit CK-8,R&D,4.97,2026,10069.22,Net 30,True,False
PO-2025-28524,2025-02-09,2025-03-09,2025-03-12,SUP-029,Great Wall Components,China,Electronics,Sensor Module SM-3,Retail Operations,30.85,660,20361.0,Net 45,True,True
PO-2025-28484,2025-02-09,2025-03-05,2025-03-13,SUP-029,Great Wall Components,China,Electronics,Sensor Module SM-3,Field Services,30.63,828,25361.64,Net 30,False,False
PO-2025-28480,2025-02-10,2025-03-13,2025-03-13,SUP-028,Summit Components,USA,Electronics,Connector Kit CK-8,Retail Operations,5.53,3564,19708.92,Net 45,True,False
PO-2025-28483,2025-02-10,2025-03-08,2025-03-08,SUP-036,Golden Dragon Components,China,Electronics,Power Supply Unit 450W,R&D,88.03,106,9331.18,Net 30,True,False
PO-2025-28528,2025-02-10,2025-03-14,2025-03-14,SUP-036,Golden Dragon Components,China,Electronics,Power Supply Unit 450W,Corporate,88.57,129,11425.53,Net 60,True,False
PO-2025-28490,2025-02-11,2025-03-09,2025-03-09,SUP-035,Pacific Rim Semitech,China,Electronics,Microcontroller MCU-9,Corporate,9.15,2806,25674.9,Net 30,True,False
PO-2025-28486,2025-02-11,2025-02-26,2025-02-26,SUP-025,Cascade Semitech,USA,Electronics,Microcontroller MCU-9,Corporate,8.87,2625,23283.75,Net 15,True,False
PO-2025-28571,2025-02-11,2025-02-26,2025-02-26,SUP-032,Lotus Components,India,Electronics,Sensor Module SM-3,Manufacturing,27.26,241,6569.66,Net 30,True,False
PO-2025-28504,2025-02-12,2025-03-15,2025-03-15,SUP-028,Summit Components,USA,Electronics,PCB Assembly A-11,Corporate,66.11,516,34112.76,Net 30,True,False
PO-2025-28539,2025-02-12,2025-03-05,2025-03-05,SUP-032,Lotus Components,India,Electronics,Microcontroller MCU-9,R&D,8.44,2188,18466.72,Net 15,True,False
PO-2025-28595,2025-02-12,2025-03-08,2025-03-25,SUP-029,Great Wall Components,China,Electronics,Sensor Module SM-3,Manufacturing,33.22,731,24283.82,Net 30,True,False
PO-2025-28591,2025-02-12,2025-03-10,2025-03-10,SUP-028,Summit Components,USA,Electronics,Connector Kit CK-8,Field Services,5.33,2433,12967.89,Net 30,True,False
PO-2025-28563,2025-02-13,2025-03-15,2025-03-15,SUP-036,Golden Dragon Components,China,Electronics,Power Supply Unit 450W,Field Services,83.65,142,11878.3,Net 45,True,False
PO-2025-28518,2025-02-13,2025-03-07,2025-03-07,SUP-033,Busan Components,South Korea,Electronics,Connector Kit CK-8,R&D,4.61,4751,21902.11,Net 30,True,False
PO-2025-28471,2025-02-13,2025-03-02,2025-03-02,SUP-024,Sterling Components,USA,Electronics,Connector Kit CK-8,Field Services,5.54,6943,38464.22,Net 30,True,False
PO-2025-28599,2025-02-13,2025-02-23,2025-02-23,SUP-034,Pacific Rim Circuits,China,Electronics,PCB Assembly A-11,Field Services,62.83,656,41216.48,Net 45,True,False
PO-2025-28546,2025-02-13,2025-02-28,2025-02-28,SUP-034,Pacific Rim Circuits,China,Electronics,PCB Assembly A-11,Corporate,62.09,446,27692.14,Net 45,True,False
PO-2025-28512,2025-02-13,2025-02-20,2025-02-20,SUP-036,Golden Dragon Components,China,Electronics,Connector Kit CK-8,Retail Operations,5.82,3098,18030.36,Net 45,True,False
PO-2025-28589,2025-02-13,2025-03-10,2025-03-10,SUP-033,Busan Components,South Korea,Electronics,Sensor Module SM-3,R&D,27.0,798,21546.0,Net 45,False,False
PO-2025-28585,2025-02-13,2025-03-02,2025-03-02,SUP-033,Busan Components,South Korea,Electronics,Sensor Module SM-3,R&D,25.13,858,21561.54,Net 30,True,False
PO-2025-28505,2025-02-13,2025-02-22,2025-02-22,SUP-033,Busan Components,South Korea,Electronics,Power Supply Unit 450W,R&D,75.51,135,10193.85,Net 30,False,False
PO-2025-28553,2025-02-13,2025-03-19,2025-03-19,SUP-033,Busan Components,South Korea,Electronics,Microcontroller MCU-9,Retail Operations,8.92,2958,26385.36,Net 30,True,False
PO-2025-28535,2025-02-13,2025-03-07,2025-03-07,SUP-024,Sterling Components,USA,Electronics,PCB Assembly A-11,Field Services,63.57,94,5975.58,Net 45,False,False
PO-2025-28529,2025-02-13,2025-03-14,2025-03-14,SUP-028,Summit Components,USA,Electronics,Sensor Module SM-3,Manufacturing,29.71,439,13042.69,Net 45,False,False
PO-2025-28526,2025-02-13,2025-02-24,2025-02-24,SUP-022,Redwood Components,USA,Electronics,Sensor Module SM-3,Manufacturing,27.8,390,10842.0,Net 30,True,False
PO-2025-28479,2025-02-14,2025-02-21,2025-02-21,SUP-022,Redwood Components,USA,Electronics,Microcontroller MCU-9,Field Services,9.65,3638,35106.7,Net 60,True,False
PO-2025-28531,2025-02-14,2025-03-10,2025-03-10,SUP-033,Busan Components,South Korea,Electronics,PCB Assembly A-11,Corporate,55.62,200,11124.0,Net 60,True,False
PO-2025-28574,2025-02-14,2025-03-04,2025-03-04,SUP-022,Redwood Components,USA,Electronics,Connector Kit CK-8,Retail Operations,4.7,1677,7881.9,Net 30,True,False
PO-2025-28514,2025-02-15,2025-03-04,2025-03-04,SUP-022,Redwood Components,USA,Electronics,Connector Kit CK-8,Manufacturing,5.05,2805,14165.25,Net 45,True,False
PO-2025-28494,2025-02-15,2025-03-17,2025-03-17,SUP-028,Summit Components,USA,Electronics,Microcontroller MCU-9,Field Services,9.26,1541,14269.66,Net 60,False,False
PO-2025-28496,2025-02-15,2025-03-03,2025-03-03,SUP-028,Summit Components,USA,Electronics,PCB Assembly A-11,Corporate,66.45,188,12492.6,Net 30,True,False
PO-2025-28513,2025-02-15,2025-03-20,2025-03-20,SUP-032,Lotus Components,India,Electronics,Microcontroller MCU-9,Corporate,8.23,3538,29117.74,Net 30,True,False
PO-2025-28579,2025-02-15,2025-03-13,2025-03-13,SUP-025,Cascade Semitech,USA,Electronics,Microcontroller MCU-9,Field Services,9.76,4396,42904.96,Net 45,True,False
PO-2025-28601,2025-02-16,2025-03-17,2025-03-17,SUP-032,Lotus Components,India,Electronics,Microcontroller MCU-9,R&D,8.37,2937,24582.69,Net 45,True,False
PO-2025-28600,2025-02-16,2025-03-21,2025-03-22,SUP-034,Pacific Rim Circuits,China,Electronics,Connector Kit CK-8,Field Services,5.68,708,4021.44,Net 60,False,False
PO-2025-28523,2025-02-16,2025-03-05,2025-03-06,SUP-028,Summit Components,USA,Electronics,Power Supply Unit 450W,Corporate,73.45,284,20859.8,Net 30,True,False
PO-2025-28547,2025-02-16,2025-02-25,2025-03-01,SUP-034,Pacific Rim Circuits,China,Electronics,PCB Assembly A-11,Manufacturing,66.08,152,10044.16,Net 60,True,False
PO-2025-28583,2025-02-16,2025-02-24,2025-02-24,SUP-028,Summit Components,USA,Electronics,Microcontroller MCU-9,Retail Operations,9.83,2368,23277.44,Net 45,True,False
PO-2025-28542,2025-02-17,2025-03-10,2025-03-10,SUP-022,Redwood Components,USA,Electronics,Sensor Module SM-3,Manufacturing,27.97,843,23578.71,Net 45,True,False
PO-2025-28587,2025-02-17,2025-03-01,2025-03-01,SUP-032,Lotus Components,India,Electronics,PCB Assembly A-11,R&D,52.74,135,7119.9,Net 30,True,False
PO-2025-28487,2025-02-17,2025-03-23,2025-03-23,SUP-028,Summit Components,USA,Electronics,PCB Assembly A-11,R&D,69.59,282,19624.38,Net 45,True,False
PO-2025-28568,2025-02-18,2025-03-13,2025-03-13,SUP-025,Cascade Semitech,USA,Electronics,Sensor Module SM-3,Corporate,30.65,340,10421.0,Net 30,True,False
PO-2025-28544,2025-02-18,2025-03-04,2025-03-04,SUP-032,Lotus Components,India,Electronics,Microcontroller MCU-9,Manufacturing,8.27,2518,20823.86,Net 30,True,False
PO-2025-28554,2025-02-18,2025-03-13,2025-03-13,SUP-024,Sterling Components,USA,Electronics,Microcontroller MCU-9,Retail Operations,9.45,2385,22538.25,Net 45,True,False
PO-2025-28493,2025-02-19,2025-03-05,2025-03-06,SUP-022,Redwood Components,USA,Electronics,Power Supply Unit 450W,Manufacturing,81.76,57,4660.32,Net 45,True,False
PO-2025-28506,2025-02-19,2025-03-03,2025-03-03,SUP-036,Golden Dragon Components,China,Electronics,Power Supply Unit 450W,Manufacturing,84.23,165,13897.95,Net 45,True,False
PO-2025-28498,2025-02-19,2025-03-07,2025-03-12,SUP-029,Great Wall Components,China,Electronics,Power Supply Unit 450W,Retail Operations,89.16,253,22557.48,Net 45,True,False
PO-2025-28557,2025-02-19,2025-03-09,2025-03-09,SUP-024,Sterling Components,USA,Electronics,Connector Kit CK-8,Retail Operations,5.37,3712,19933.44,Net 30,True,False
PO-2025-28590,2025-02-20,2025-03-14,2025-03-14,SUP-028,Summit Components,USA,Electronics,Connector Kit CK-8,Field Services,5.05,3771,19043.55,Net 15,False,False
PO-2025-28598,2025-02-20,2025-03-10,2025-03-10,SUP-028,Summit Components,USA,Electronics,Power Supply Unit 450W,Field Services,81.33,163,13256.79,Net 30,False,False
PO-2025-28502,2025-02-21,2025-02-27,2025-02-27,SUP-024,Sterling Components,USA,Electronics,Power Supply Unit 450W,R&D,84.66,86,7280.76,Net 60,True,False
PO-2025-28492,2025-02-21,2025-03-04,2025-03-04,SUP-024,Sterling Components,USA,Electronics,Connector Kit CK-8,Retail Operations,5.83,3896,22713.68,Net 60,True,False
PO-2025-28470,2025-02-21,2025-02-28,2025-02-28,SUP-034,Pacific Rim Circuits,China,Electronics,PCB Assembly A-11,Field Services,60.67,188,11405.96,Net 30,True,False
PO-2025-28516,2025-02-21,2025-03-12,2025-03-12,SUP-025,Cascade Semitech,USA,Electronics,Power Supply Unit 450W,Retail Operations,73.55,123,9046.65,Net 45,True,False
PO-2025-28489,2025-02-21,2025-03-05,2025-03-05,SUP-034,Pacific Rim Circuits,China,Electronics,Power Supply Unit 450W,R&D,79.9,186,14861.4,Net 30,True,False
PO-2025-28508,2025-02-21,2025-03-14,2025-03-30,SUP-029,Great Wall Components,China,Electronics,Power Supply Unit 450W,R&D,86.65,163,14123.95,Net 45,False,False
PO-2025-28588,2025-02-21,2025-03-20,2025-04-07,SUP-029,Great Wall Components,China,Electronics,PCB Assembly A-11,Corporate,66.11,229,15139.19,Net 45,True,False
PO-2025-28468,2025-02-22,2025-03-24,2025-03-25,SUP-025,Cascade Semitech,USA,Electronics,Microcontroller MCU-9,R&D,9.11,2364,21536.04,Net 15,True,False
PO-2025-28541,2025-02-22,2025-03-13,2025-03-13,SUP-036,Golden Dragon Components,China,Electronics,Power Supply Unit 450W,Field Services,84.85,154,13066.9,Net 60,True,False
PO-2025-28474,2025-02-22,2025-03-18,2025-03-18,SUP-028,Summit Components,USA,Electronics,Power Supply Unit 450W,R&D,80.3,82,6584.6,Net 30,False,False
PO-2025-28584,2025-02-22,2025-03-04,2025-03-05,SUP-028,Summit Components,USA,Electronics,Connector Kit CK-8,Corporate,5.4,1895,10233.0,Net 30,True,False
PO-2025-28522,2025-02-22,2025-03-22,2025-03-22,SUP-026,Great Wall Circuits,China,Electronics,Microcontroller MCU-9,Retail Operations,9.95,2428,24158.6,Net 45,True,False
PO-2025-28559,2025-02-22,2025-03-21,2025-03-21,SUP-028,Summit Components,USA,Electronics,Power Supply Unit 450W,Manufacturing,77.57,175,13574.75,Net 45,True,False
PO-2025-28551,2025-02-22,2025-03-05,2025-03-05,SUP-032,Lotus Components,India,Electronics,PCB Assembly A-11,Manufacturing,53.23,255,13573.65,Net 30,True,False
PO-2025-28495,2025-02-23,2025-03-01,2025-03-01,SUP-036,Golden Dragon Components,China,Electronics,PCB Assembly A-11,Manufacturing,68.17,255,17383.35,Net 60,True,False
PO-2025-28510,2025-02-23,2025-03-05,2025-03-23,SUP-029,Great Wall Components,China,Electronics,Connector Kit CK-8,Retail Operations,5.01,3152,15791.52,Net 60,True,True
PO-2025-28478,2025-02-23,2025-03-12,2025-03-12,SUP-032,Lotus Components,India,Electronics,Power Supply Unit 450W,Retail Operations,66.4,159,10557.6,Net 45,True,False
PO-2025-28561,2025-02-23,2025-03-22,2025-03-22,SUP-028,Summit Components,USA,Electronics,Sensor Module SM-3,Manufacturing,28.98,670,19416.6,Net 45,True,False
PO-2025-28521,2025-02-23,2025-03-22,2025-03-23,SUP-022,Redwood Components,USA,Electronics,Microcontroller MCU-9,Corporate,9.36,1228,11494.08,Net 45,True,False
PO-2025-28576,2025-02-24,2025-03-29,2025-03-29,SUP-025,Cascade Semitech,USA,Electronics,PCB Assembly A-11,Corporate,62.15,155,9633.25,Net 30,True,False
PO-2025-28594,2025-02-24,2025-03-02,2025-03-02,SUP-025,Cascade Semitech,USA,Electronics,Power Supply Unit 450W,Corporate,89.97,160,14395.2,Net 45,True,False
PO-2025-28560,2025-02-24,2025-03-05,2025-03-05,SUP-028,Summit Components,USA,Electronics,Sensor Module SM-3,Manufacturing,29.78,462,13758.36,Net 30,True,False
PO-2025-28467,2025-02-24,2025-03-22,2025-03-22,SUP-022,Redwood Components,USA,Electronics,PCB Assembly A-11,Manufacturing,56.28,690,38833.2,Net 45,True,False
PO-2025-28532,2025-02-24,2025-03-03,2025-03-03,SUP-034,Pacific Rim Circuits,China,Electronics,Connector Kit CK-8,Corporate,5.13,2746,14086.98,Net 30,True,False
PO-2025-28572,2025-02-24,2025-03-18,2025-03-25,SUP-029,Great Wall Components,China,Electronics,Connector Kit CK-8,Corporate,5.04,2316,11672.64,Net 45,True,False
PO-2025-28477,2025-02-25,2025-03-23,2025-03-23,SUP-033,Busan Components,South Korea,Electronics,Sensor Module SM-3,Retail Operations,24.84,743,18456.12,Net 45,True,False
PO-2025-28501,2025-02-25,2025-03-31,2025-03-31,SUP-025,Cascade Semitech,USA,Electronics,PCB Assembly A-11,Field Services,64.82,136,8815.52,Net 60,True,False
PO-2025-28582,2025-02-26,2025-03-22,2025-03-22,SUP-025,Cascade Semitech,USA,Electronics,PCB Assembly A-11,R&D,62.86,537,33755.82,Net 45,True,False
PO-2025-28475,2025-02-26,2025-03-24,2025-03-24,SUP-036,Golden Dragon Components,China,Electronics,Power Supply Unit 450W,Retail Operations,81.05,150,12157.5,Net 30,True,False
PO-2025-28491,2025-02-26,2025-03-29,2025-03-29,SUP-028,Summit Components,USA,Electronics,Microcontroller MCU-9,Corporate,9.56,3978,38029.68,Net 30,True,False
PO-2025-28540,2025-02-26,2025-03-16,2025-03-16,SUP-032,Lotus Components,India,Electronics,Power Supply Unit 450W,Field Services,74.53,215,16023.95,Net 30,True,False
PO-2025-28564,2025-02-26,2025-03-03,2025-03-14,SUP-029,Great Wall Components,China,Electronics,Connector Kit CK-8,Retail Operations,5.55,1988,11033.4,Net 30,True,False
PO-2025-28592,2025-02-26,2025-03-20,2025-03-20,SUP-034,Pacific Rim Circuits,China,Electronics,Microcontroller MCU-9,Field Services,9.65,1139,10991.35,Net 30,True,False
PO-2025-28537,2025-02-26,2025-04-01,2025-04-01,SUP-027,Golden Dragon Circuits,China,Electronics,Connector Kit CK-8,Corporate,4.9,3294,16140.6,Net 30,True,False
PO-2025-28566,2025-02-27,2025-03-21,2025-03-23,SUP-029,Great Wall Components,China,Electronics,Power Supply Unit 450W,Field Services,92.09,88,8103.92,Net 45,True,False
PO-2025-28511,2025-02-27,2025-03-15,2025-04-02,SUP-029,Great Wall Components,China,Electronics,Power Supply Unit 450W,Manufacturing,104.42,110,11486.2,Net 15,True,False
PO-2025-28517,2025-02-27,2025-03-29,2025-03-29,SUP-028,Summit Components,USA,Electronics,Sensor Module SM-3,Field Services,27.44,628,17232.32,Net 45,True,False
PO-2025-28466,2025-02-27,2025-03-25,2025-03-25,SUP-034,Pacific Rim Circuits,China,Electronics,Sensor Module SM-3,Corporate,29.11,738,21483.18,Net 60,True,False
PO-2025-28570,2025-02-27,2025-04-02,2025-04-02,SUP-034,Pacific Rim Circuits,China,Electronics,PCB Assembly A-11,Retail Operations,65.79,647,42566.13,Net 60,True,False
PO-2025-28481,2025-02-27,2025-03-09,2025-03-09,SUP-033,Busan Components,South Korea,Electronics,PCB Assembly A-11,Manufacturing,57.49,54,3104.46,Net 15,True,False
PO-2025-28499,2025-02-27,2025-03-23,2025-03-23,SUP-025,Cascade Semitech,USA,Electronics,Connector Kit CK-8,Field Services,5.8,1850,10730.0,Net 45,True,False
PO-2025-28577,2025-02-28,2025-03-31,2025-03-31,SUP-032,Lotus Components,India,Electronics,Connector Kit CK-8,Retail Operations,4.58,1560,7144.8,Net 60,True,False
PO-2025-28497,2025-02-28,2025-03-18,2025-03-18,SUP-032,Lotus Components,India,Electronics,Sensor Module SM-3,R&D,23.7,899,21306.3,Net 45,True,False
PO-2025-29563,2025-03-01,2025-03-15,2025-03-15,SUP-028,Summit Components,USA,Electronics,Microcontroller MCU-9,R&D,9.19,1763,16201.97,Net 45,True,False
PO-2025-29549,2025-03-01,2025-03-09,2025-03-09,SUP-034,Pacific Rim Circuits,China,Electronics,Power Supply Unit 450W,Manufacturing,79.84,181,14451.04,Net 45,True,False
PO-2025-29532,2025-03-01,2025-03-28,2025-03-28,SUP-030,Sterling Semitech,USA,Electronics,Microcontroller MCU-9,Retail Operations,9.35,1384,12940.4,Net 15,True,False
PO-2025-29489,2025-03-01,2025-03-28,2025-03-28,SUP-035,Pacific Rim Semitech,China,Electronics,Sensor Module SM-3,Manufacturing,31.92,549,17524.08,Net 45,True,False
PO-2025-29463,2025-03-01,2025-03-19,2025-03-19,SUP-033,Busan Components,South Korea,Electronics,Sensor Module SM-3,Corporate,24.82,751,18639.82,Net 45,True,False
PO-2025-29530,2025-03-02,2025-03-25,2025-03-26,SUP-036,Golden Dragon Components,China,Electronics,Connector Kit CK-8,R&D,5.83,4297,25051.51,Net 30,False,False
PO-2025-29559,2025-03-02,2025-03-13,2025-03-13,SUP-033,Busan Components,South Korea,Electronics,Sensor Module SM-3,Corporate,26.44,302,7984.88,Net 30,True,False
PO-2025-29581,2025-03-02,2025-04-01,2025-04-01,SUP-025,Cascade Semitech,USA,Electronics,Microcontroller MCU-9,R&D,9.48,2887,27368.76,Net 45,False,False
PO-2025-29466,2025-03-03,2025-03-21,2025-03-21,SUP-025,Cascade Semitech,USA,Electronics,Connector Kit CK-8,Corporate,5.57,2252,12543.64,Net 45,True,False
PO-2025-29500,2025-03-03,2025-03-19,2025-04-03,SUP-029,Great Wall Components,China,Electronics,PCB Assembly A-11,R&D,72.97,153,11164.41,Net 45,True,False
PO-2025-29525,2025-03-03,2025-03-22,2025-03-22,SUP-028,Summit Components,USA,Electronics,Microcontroller MCU-9,Field Services,9.75,2105,20523.75,Net 30,True,False
PO-2025-29502,2025-03-03,2025-03-23,2025-03-23,SUP-022,Redwood Components,USA,Electronics,PCB Assembly A-11,R&D,64.8,366,23716.8,Net 30,False,False
PO-2025-29553,2025-03-03,2025-03-28,2025-03-28,SUP-028,Summit Components,USA,Electronics,Sensor Module SM-3,Corporate,27.44,686,18823.84,Net 45,True,False
PO-2025-29450,2025-03-04,2025-03-28,2025-03-28,SUP-032,Lotus Components,India,Electronics,Sensor Module SM-3,Manufacturing,25.02,717,17939.34,Net 30,True,False
PO-2025-29455,2025-03-04,2025-03-09,2025-03-09,SUP-036,Golden Dragon Components,China,Electronics,Power Supply Unit 450W,Manufacturing,85.7,204,17482.8,Net 30,True,False
PO-2025-29510,2025-03-04,2025-03-27,2025-03-27,SUP-022,Redwood Components,USA,Electronics,Power Supply Unit 450W,Field Services,73.23,120,8787.6,Net 60,False,False
PO-2025-29501,2025-03-04,2025-03-30,2025-03-30,SUP-034,Pacific Rim Circuits,China,Electronics,Power Supply Unit 450W,Corporate,71.11,197,14008.67,Net 30,True,False
PO-2025-29568,2025-03-04,2025-03-23,2025-03-23,SUP-028,Summit Components,USA,Electronics,Sensor Module SM-3,Retail Operations,29.63,355,10518.65,Net 45,True,False
PO-2025-29569,2025-03-04,2025-03-21,2025-03-21,SUP-033,Busan Components,South Korea,Electronics,Power Supply Unit 450W,Manufacturing,72.57,85,6168.45,Net 30,False,False
PO-2025-29486,2025-03-05,2025-03-12,2025-03-12,SUP-034,Pacific Rim Circuits,China,Electronics,Connector Kit CK-8,Retail Operations,5.68,4512,25628.16,Net 60,True,False
PO-2025-29480,2025-03-05,2025-03-24,2025-03-24,SUP-032,Lotus Components,India,Electronics,PCB Assembly A-11,Field Services,52.77,449,23693.73,Net 45,True,False
PO-2025-29540,2025-03-05,2025-03-19,2025-03-19,SUP-028,Summit Components,USA,Electronics,Microcontroller MCU-9,R&D,10.1,3713,37501.3,Net 30,False,False
PO-2025-29554,2025-03-05,2025-03-10,2025-03-10,SUP-035,Pacific Rim Semitech,China,Electronics,Sensor Module SM-3,Retail Operations,28.8,758,21830.4,Net 30,True,False
PO-2025-29506,2025-03-05,2025-03-10,2025-03-10,SUP-025,Cascade Semitech,USA,Electronics,Microcontroller MCU-9,Manufacturing,9.17,1324,12141.08,Net 60,True,False
PO-2025-29512,2025-03-05,2025-03-10,2025-03-10,SUP-025,Cascade Semitech,USA,Electronics,Power Supply Unit 450W,Manufacturing,80.94,265,21449.1,Net 60,True,False
PO-2025-29474,2025-03-05,2025-03-22,2025-03-22,SUP-032,Lotus Components,India,Electronics,PCB Assembly A-11,Retail Operations,58.62,582,34116.84,Net 45,True,False
PO-2025-29564,2025-03-06,2025-03-22,2025-03-22,SUP-032,Lotus Components,India,Electronics,Sensor Module SM-3,Manufacturing,27.35,820,22427.0,Net 30,True,False
PO-2025-29477,2025-03-06,2025-03-20,2025-03-20,SUP-033,Busan Components,South Korea,Electronics,Connector Kit CK-8,Field Services,4.95,3294,16305.3,Net 30,True,False
PO-2025-29484,2025-03-07,2025-04-04,2025-04-04,SUP-022,Redwood Components,USA,Electronics,Power Supply Unit 450W,Retail Operations,77.77,166,12909.82,Net 45,False,False
PO-2025-29481,2025-03-07,2025-03-22,2025-03-22,SUP-024,Sterling Components,USA,Electronics,Power Supply Unit 450W,Field Services,80.13,161,12900.93,Net 60,True,False
PO-2025-29507,2025-03-07,2025-03-18,2025-03-18,SUP-022,Redwood Components,USA,Electronics,Sensor Module SM-3,Field Services,30.26,361,10923.86,Net 30,False,False
PO-2025-29471,2025-03-08,2025-04-02,2025-04-02,SUP-028,Summit Components,USA,Electronics,Power Supply Unit 450W,Field Services,82.68,78,6449.04,Net 45,False,False
PO-2025-29449,2025-03-08,2025-03-23,2025-03-23,SUP-022,Redwood Components,USA,Electronics,Power Supply Unit 450W,Retail Operations,76.01,174,13225.74,Net 60,True,False
PO-2025-29558,2025-03-10,2025-03-22,2025-03-22,SUP-036,Golden Dragon Components,China,Electronics,Power Supply Unit 450W,Manufacturing,89.08,144,12827.52,Net 45,True,False
PO-2025-29562,2025-03-10,2025-04-13,2025-04-13,SUP-022,Redwood Components,USA,Electronics,Connector Kit CK-8,Retail Operations,5.08,1761,8945.88,Net 60,True,False
PO-2025-29567,2025-03-10,2025-04-01,2025-04-02,SUP-022,Redwood Components,USA,Electronics,Power Supply Unit 450W,Retail Operations,75.8,59,4472.2,Net 45,True,True
PO-2025-29469,2025-03-10,2025-03-18,2025-03-18,SUP-028,Summit Components,USA,Electronics,Power Supply Unit 450W,Corporate,80.38,153,12298.14,Net 45,True,False
PO-2025-29511,2025-03-10,2025-04-06,2025-04-06,SUP-034,Pacific Rim Circuits,China,Electronics,Sensor Module SM-3,Retail Operations,30.99,425,13170.75,Net 30,True,False
PO-2025-29513,2025-03-10,2025-03-22,2025-03-22,SUP-033,Busan Components,South Korea,Electronics,PCB Assembly A-11,Retail Operations,53.1,653,34674.3,Net 30,True,False
PO-2025-29475,2025-03-11,2025-03-31,2025-03-31,SUP-028,Summit Components,USA,Electronics,Microcontroller MCU-9,Retail Operations,8.99,4334,38962.66,Net 45,True,False
PO-2025-29465,2025-03-11,2025-04-10,2025-04-10,SUP-025,Cascade Semitech,USA,Electronics,Power Supply Unit 450W,R&D,81.99,144,11806.56,Net 30,True,False
PO-2025-29531,2025-03-11,2025-03-23,2025-03-23,SUP-029,Great Wall Components,China,Electronics,Power Supply Unit 450W,R&D,70.77,187,13233.99,Net 30,False,False
PO-2025-29543,2025-03-11,2025-04-03,2025-04-03,SUP-028,Summit Components,USA,Electronics,Microcontroller MCU-9,Retail Operations,9.4,1358,12765.2,Net 45,True,False
PO-2025-29497,2025-03-11,2025-03-22,2025-03-25,SUP-036,Golden Dragon Components,China,Electronics,Connector Kit CK-8,Corporate,5.87,3745,21983.15,Net 45,True,False
PO-2025-29493,2025-03-11,2025-03-24,2025-03-24,SUP-032,Lotus Components,India,Electronics,PCB Assembly A-11,Retail Operations,53.8,653,35131.4,Net 60,True,False
PO-2025-29566,2025-03-11,2025-04-13,2025-04-13,SUP-034,Pacific Rim Circuits,China,Electronics,PCB Assembly A-11,Field Services,62.4,421,26270.4,Net 45,True,False
PO-2025-29472,2025-03-12,2025-03-19,2025-03-31,SUP-029,Great Wall Components,China,Electronics,Microcontroller MCU-9,R&D,9.42,2337,22014.54,Net 60,True,False
PO-2025-29538,2025-03-12,2025-03-22,2025-03-22,SUP-034,Pacific Rim Circuits,China,Electronics,Power Supply Unit 450W,Retail Operations,86.57,218,18872.26,Net 30,True,False
PO-2025-29470,2025-03-13,2025-04-02,2025-04-02,SUP-033,Busan Components,South Korea,Electronics,Sensor Module SM-3,Field Services,26.76,924,24726.24,Net 45,True,False
PO-2025-29492,2025-03-13,2025-04-15,2025-04-15,SUP-026,Great Wall Circuits,China,Electronics,Power Supply Unit 450W,Field Services,78.68,104,8182.72,Net 45,True,False
PO-2025-29534,2025-03-13,2025-04-13,2025-04-24,SUP-029,Great Wall Components,China,Electronics,Sensor Module SM-3,Manufacturing,37.8,292,11037.6,Net 45,True,False
PO-2025-29556,2025-03-13,2025-04-08,2025-04-08,SUP-036,Golden Dragon Components,China,Electronics,Connector Kit CK-8,R&D,5.34,4287,22892.58,Net 45,False,False
PO-2025-29573,2025-03-13,2025-04-08,2025-04-08,SUP-033,Busan Components,South Korea,Electronics,Connector Kit CK-8,Retail Operations,5.21,3922,20433.62,Net 30,True,False
PO-2025-29576,2025-03-14,2025-03-27,2025-03-30,SUP-025,Cascade Semitech,USA,Electronics,Microcontroller MCU-9,Corporate,9.67,2168,20964.56,Net 30,True,False
PO-2025-29499,2025-03-14,2025-03-27,2025-03-27,SUP-022,Redwood Components,USA,Electronics,Power Supply Unit 450W,Manufacturing,79.26,111,8797.86,Net 60,True,False
PO-2025-29533,2025-03-14,2025-03-28,2025-03-28,SUP-032,Lotus Components,India,Electronics,PCB Assembly A-11,Retail Operations,54.56,633,34536.48,Net 15,True,False
PO-2025-29452,2025-03-14,2025-04-03,2025-04-03,SUP-032,Lotus Components,India,Electronics,Microcontroller MCU-9,Field Services,8.55,2347,20066.85,Net 15,True,True
PO-2025-29515,2025-03-15,2025-03-31,2025-03-31,SUP-025,Cascade Semitech,USA,Electronics,Connector Kit CK-8,Manufacturing,5.57,6405,35675.85,Net 45,True,False
PO-2025-29467,2025-03-15,2025-04-10,2025-04-24,SUP-029,Great Wall Components,China,Electronics,Sensor Module SM-3,Retail Operations,26.89,631,16967.59,Net 30,True,True
PO-2025-29536,2025-03-15,2025-04-13,2025-04-13,SUP-028,Summit Components,USA,Electronics,Microcontroller MCU-9,Corporate,8.8,1391,12240.8,Net 30,True,False
PO-2025-29571,2025-03-16,2025-04-05,2025-04-05,SUP-033,Busan Components,South Korea,Electronics,Power Supply Unit 450W,R&D,72.49,179,12975.71,Net 45,True,False
PO-2025-29565,2025-03-16,2025-04-10,2025-04-15,SUP-028,Summit Components,USA,Electronics,PCB Assembly A-11,R&D,65.23,335,21852.05,Net 15,False,False
PO-2025-29546,2025-03-16,2025-04-12,2025-04-12,SUP-024,Sterling Components,USA,Electronics,Power Supply Unit 450W,Manufacturing,78.67,161,12665.87,Net 45,True,False
PO-2025-29491,2025-03-16,2025-04-19,2025-04-19,SUP-036,Golden Dragon Components,China,Electronics,PCB Assembly A-11,Manufacturing,64.47,265,17084.55,Net 45,True,False
PO-2025-29527,2025-03-16,2025-04-18,2025-04-18,SUP-028,Summit Components,USA,Electronics,Sensor Module SM-3,Corporate,31.28,473,14795.44,Net 45,True,False
PO-2025-29514,2025-03-16,2025-04-03,2025-04-03,SUP-033,Busan Components,South Korea,Electronics,PCB Assembly A-11,Corporate,58.78,320,18809.6,Net 30,True,False
PO-2025-29487,2025-03-17,2025-03-23,2025-03-23,SUP-036,Golden Dragon Components,China,Electronics,Power Supply Unit 450W,R&D,83.95,129,10829.55,Net 45,False,False
PO-2025-29453,2025-03-17,2025-04-13,2025-04-13,SUP-022,Redwood Components,USA,Electronics,PCB Assembly A-11,Field Services,61.52,433,26638.16,Net 30,True,False
PO-2025-29458,2025-03-17,2025-04-19,2025-04-19,SUP-034,Pacific Rim Circuits,China,Electronics,Power Supply Unit 450W,Manufacturing,82.64,207,17106.48,Net 45,True,False
PO-2025-29509,2025-03-17,2025-04-14,2025-04-14,SUP-022,Redwood Components,USA,Electronics,PCB Assembly A-11,Manufacturing,59.54,484,28817.36,Net 60,True,False
PO-2025-29518,2025-03-17,2025-03-28,2025-03-28,SUP-034,Pacific Rim Circuits,China,Electronics,Sensor Module SM-3,Corporate,30.16,344,10375.04,Net 30,False,False
PO-2025-29552,2025-03-17,2025-03-25,2025-03-25,SUP-032,Lotus Components,India,Electronics,Connector Kit CK-8,R&D,4.71,3503,16499.13,Net 15,False,False
PO-2025-29523,2025-03-18,2025-04-05,2025-04-06,SUP-032,Lotus Components,India,Electronics,Connector Kit CK-8,R&D,4.94,764,3774.16,Net 45,True,False
PO-2025-29572,2025-03-19,2025-04-11,2025-04-11,SUP-028,Summit Components,USA,Electronics,Connector Kit CK-8,Field Services,5.64,2646,14923.44,Net 30,True,False
PO-2025-29575,2025-03-19,2025-03-31,2025-03-31,SUP-033,Busan Components,South Korea,Electronics,Connector Kit CK-8,Field Services,4.47,2967,13262.49,Net 15,True,False
PO-2025-29495,2025-03-19,2025-03-25,2025-03-25,SUP-028,Summit Components,USA,Electronics,Connector Kit CK-8,Corporate,5.6,3276,18345.6,Net 30,True,False
PO-2025-29560,2025-03-19,2025-04-01,2025-04-01,SUP-032,Lotus Components,India,Electronics,Power Supply Unit 450W,R&D,67.78,155,10505.9,Net 45,True,False
PO-2025-29524,2025-03-19,2025-04-19,2025-04-19,SUP-028,Summit Components,USA,Electronics,Connector Kit CK-8,Manufacturing,5.63,3358,18905.54,Net 30,True,False
PO-2025-29504,2025-03-19,2025-04-15,2025-04-15,SUP-028,Summit Components,USA,Electronics,Power Supply Unit 450W,R&D,83.68,179,14978.72,Net 30,True,False
PO-2025-29551,2025-03-20,2025-04-13,2025-04-13,SUP-036,Golden Dragon Components,China,Electronics,Connector Kit CK-8,Manufacturing,5.67,3875,21971.25,Net 45,True,False
PO-2025-29542,2025-03-20,2025-04-09,2025-04-09,SUP-024,Sterling Components,USA,Electronics,Sensor Module SM-3,Manufacturing,31.56,587,18525.72,Net 45,False,False
PO-2025-29459,2025-03-20,2025-04-01,2025-04-01,SUP-024,Sterling Components,USA,Electronics,Power Supply Unit 450W,Retail Operations,78.16,172,13443.52,Net 15,True,False
PO-2025-29580,2025-03-20,2025-04-16,2025-04-16,SUP-028,Summit Components,USA,Electronics,PCB Assembly A-11,R&D,65.23,397,25896.31,Net 30,False,False
PO-2025-29555,2025-03-20,2025-03-31,2025-03-31,SUP-025,Cascade Semitech,USA,Electronics,Connector Kit CK-8,Retail Operations,5.77,3635,20973.95,Net 30,True,False
PO-2025-29528,2025-03-20,2025-03-28,2025-03-28,SUP-036,Golden Dragon Components,China,Electronics,Connector Kit CK-8,R&D,5.84,2112,12334.08,Net 60,True,False
PO-2025-29529,2025-03-20,2025-04-19,2025-04-19,SUP-032,Lotus Components,India,Electronics,Sensor Module SM-3,Field Services,26.96,421,11350.16,Net 30,True,False
PO-2025-29579,2025-03-20,2025-04-15,2025-04-15,SUP-028,Summit Components,USA,Electronics,Sensor Module SM-3,Manufacturing,26.23,823,21587.29,Net 30,True,False
PO-2025-29544,2025-03-20,2025-04-18,2025-04-18,SUP-025,Cascade Semitech,USA,Electronics,PCB Assembly A-11,Field Services,69.82,502,35049.64,Net 15,False,False
PO-2025-29570,2025-03-21,2025-03-28,2025-03-28,SUP-036,Golden Dragon Components,China,Electronics,Sensor Module SM-3,Retail Operations,32.29,933,30126.57,Net 15,True,False
PO-2025-29550,2025-03-21,2025-03-26,2025-04-07,SUP-029,Great Wall Components,China,Electronics,Power Supply Unit 450W,R&D,85.82,78,6693.96,Net 45,True,False
PO-2025-29535,2025-03-21,2025-04-07,2025-04-09,SUP-028,Summit Components,USA,Electronics,Connector Kit CK-8,Retail Operations,5.59,2576,14399.84,Net 45,True,False
PO-2025-29457,2025-03-21,2025-04-08,2025-04-08,SUP-031,Hanseatic Circuits,Germany,Electronics,Sensor Module SM-3,Field Services,29.56,463,13686.28,Net 45,True,False
PO-2025-29460,2025-03-21,2025-04-06,2025-04-06,SUP-032,Lotus Components,India,Electronics,PCB Assembly A-11,Corporate,57.03,427,24351.81,Net 30,True,False
PO-2025-29517,2025-03-22,2025-03-28,2025-03-28,SUP-028,Summit Components,USA,Electronics,PCB Assembly A-11,Manufacturing,69.2,235,16262.0,Net 30,True,False
PO-2025-29490,2025-03-22,2025-04-03,2025-04-03,SUP-032,Lotus Components,India,Electronics,Microcontroller MCU-9,R&D,8.07,2967,23943.69,Net 45,True,False
PO-2025-29488,2025-03-22,2025-04-19,2025-04-19,SUP-034,Pacific Rim Circuits,China,Electronics,Sensor Module SM-3,R&D,29.47,622,18330.34,Net 15,True,False
PO-2025-29468,2025-03-22,2025-04-14,2025-04-14,SUP-028,Summit Components,USA,Electronics,Connector Kit CK-8,Manufacturing,5.48,4007,21958.36,Net 30,True,False
PO-2025-29505,2025-03-23,2025-03-28,2025-03-28,SUP-022,Redwood Components,USA,Electronics,Sensor Module SM-3,R&D,29.6,419,12402.4,Net 30,True,False
PO-2025-29521,2025-03-23,2025-04-13,2025-04-13,SUP-028,Summit Components,USA,Electronics,Power Supply Unit 450W,Field Services,88.07,157,13826.99,Net 15,True,False
PO-2025-29574,2025-03-23,2025-04-05,2025-04-05,SUP-023,Schwarzwald Circuits,Germany,Electronics,Power Supply Unit 450W,Field Services,77.34,119,9203.46,Net 30,True,False
PO-2025-29451,2025-03-23,2025-04-22,2025-04-24,SUP-036,Golden Dragon Components,China,Electronics,Microcontroller MCU-9,Corporate,10.48,1987,20823.76,Net 60,True,False
PO-2025-29494,2025-03-24,2025-04-25,2025-04-25,SUP-036,Golden Dragon Components,China,Electronics,Power Supply Unit 450W,Retail Operations,86.71,113,9798.23,Net 45,True,False
PO-2025-29547,2025-03-24,2025-04-05,2025-04-06,SUP-024,Sterling Components,USA,Electronics,Connector Kit CK-8,Manufacturing,5.3,3146,16673.8,Net 45,True,False
PO-2025-29456,2025-03-24,2025-03-31,2025-03-31,SUP-028,Summit Components,USA,Electronics,Connector Kit CK-8,Retail Operations,6.1,942,5746.2,Net 45,False,False
PO-2025-29464,2025-03-24,2025-03-31,2025-03-31,SUP-036,Golden Dragon Components,China,Electronics,Power Supply Unit 450W,Corporate,85.71,180,15427.8,Net 15,True,False
PO-2025-29473,2025-03-24,2025-04-09,2025-04-09,SUP-034,Pacific Rim Circuits,China,Electronics,PCB Assembly A-11,Manufacturing,58.8,186,10936.8,Net 30,True,False
PO-2025-29508,2025-03-25,2025-04-26,2025-04-26,SUP-036,Golden Dragon Components,China,Electronics,Sensor Module SM-3,Field Services,33.72,494,16657.68,Net 45,True,False
PO-2025-29519,2025-03-25,2025-04-13,2025-04-13,SUP-023,Schwarzwald Circuits,Germany,Electronics,Sensor Module SM-3,Corporate,25.12,870,21854.4,Net 45,True,False
PO-2025-29485,2025-03-25,2025-04-22,2025-04-22,SUP-025,Cascade Semitech,USA,Electronics,Microcontroller MCU-9,Manufacturing,9.07,3611,32751.77,Net 30,True,False
PO-2025-29461,2025-03-25,2025-04-26,2025-04-26,SUP-032,Lotus Components,India,Electronics,Microcontroller MCU-9,Field Services,8.4,2073,17413.2,Net 30,False,False
PO-2025-29462,2025-03-25,2025-04-12,2025-04-12,SUP-034,Pacific Rim Circuits,China,Electronics,PCB Assembly A-11,Field Services,67.8,459,31120.2,Net 60,True,False
PO-2025-29483,2025-03-26,2025-04-01,2025-04-01,SUP-033,Busan Components,South Korea,Electronics,Microcontroller MCU-9,Manufacturing,8.63,3439,29678.57,Net 15,True,False
PO-2025-29537,2025-03-26,2025-04-06,2025-04-06,SUP-034,Pacific Rim Circuits,China,Electronics,Power Supply Unit 450W,Field Services,80.85,191,15442.35,Net 30,True,False
PO-2025-29578,2025-03-27,2025-04-04,2025-04-05,SUP-032,Lotus Components,India,Electronics,Connector Kit CK-8,Manufacturing,4.6,3767,17328.2,Net 45,True,False
PO-2025-29577,2025-03-27,2025-04-22,2025-04-22,SUP-034,Pacific Rim Circuits,China,Electronics,Connector Kit CK-8,Corporate,5.36,2290,12274.4,Net 45,True,False
PO-2025-29561,2025-03-27,2025-04-09,2025-04-09,SUP-032,Lotus Components,India,Electronics,Sensor Module SM-3,Field Services,25.32,491,12432.12,Net 60,True,False
PO-2025-29548,2025-03-27,2025-04-23,2025-04-23,SUP-034,Pacific Rim Circuits,China,Electronics,PCB Assembly A-11,Field Services,61.51,251,15439.01,Net 15,False,False
PO-2025-29545,2025-03-27,2025-04-04,2025-04-04,SUP-025,Cascade Semitech,USA,Electronics,PCB Assembly A-11,Retail Operations,63.55,457,29042.35,Net 30,True,False
PO-2025-29516,2025-03-27,2025-04-05,2025-04-05,SUP-034,Pacific Rim Circuits,China,Electronics,PCB Assembly A-11,Field Services,55.01,409,22499.09,Net 45,True,False
PO-2025-29479,2025-03-27,2025-04-19,2025-04-19,SUP-024,Sterling Components,USA,Electronics,Sensor Module SM-3,Field Services,27.48,869,23880.12,Net 30,True,False
PO-2025-29541,2025-03-28,2025-04-04,2025-04-06,SUP-022,Redwood Components,USA,Electronics,Connector Kit CK-8,Corporate,5.05,1509,7620.45,Net 30,True,False
PO-2025-29526,2025-03-28,2025-04-28,2025-04-28,SUP-034,Pacific Rim Circuits,China,Electronics,Power Supply Unit 450W,Field Services,80.18,77,6173.86,Net 30,False,False
PO-2025-29498,2025-03-28,2025-04-21,2025-04-21,SUP-028,Summit Components,USA,Electronics,Connector Kit CK-8,Manufacturing,5.47,2751,15047.97,Net 45,True,False
PO-2025-29496,2025-03-28,2025-04-12,2025-04-12,SUP-024,Sterling Components,USA,Electronics,PCB Assembly A-11,Retail Operations,59.72,479,28605.88,Net 30,True,False
PO-2025-29478,2025-03-28,2025-04-27,2025-04-27,SUP-036,Golden Dragon Components,China,Electronics,Power Supply Unit 450W,Manufacturing,82.33,132,10867.56,Net 45,True,False
PO-2025-29522,2025-03-29,2025-04-24,2025-04-24,SUP-034,Pacific Rim Circuits,China,Electronics,Power Supply Unit 450W,R&D,86.44,166,14349.04,Net 45,True,False
PO-2025-29520,2025-03-29,2025-04-24,2025-04-24,SUP-034,Pacific Rim Circuits,China,Electronics,Sensor Module SM-3,Retail Operations,30.19,585,17661.15,Net 45,True,False
PO-2025-29476,2025-03-30,2025-04-25,2025-04-25,SUP-024,Sterling Components,USA,Electronics,Sensor Module SM-3,Retail Operations,28.55,315,8993.25,Net 45,False,False
PO-2025-29482,2025-03-30,2025-05-01,2025-05-01,SUP-036,Golden Dragon Components,China,Electronics,Sensor Module SM-3,Field Services,30.97,341,10560.77,Net 30,True,False
PO-2025-29503,2025-03-30,2025-04-24,2025-04-24,SUP-028,Summit Components,USA,Electronics,Microcontroller MCU-9,R&D,9.83,1531,15049.73,Net 45,True,False
PO-2025-29539,2025-03-30,2025-04-19,2025-04-19,SUP-033,Busan Components,South Korea,Electronics,Power Supply Unit 450W,Corporate,73.71,222,16363.62,Net 30,True,False
PO-2025-29454,2025-03-31,2025-04-30,2025-05-01,SUP-035,Pacific Rim Semitech,China,Electronics,PCB Assembly A-11,Corporate,61.75,324,20007.0,Net 15,True,False
PO-2025-29557,2025-03-31,2025-04-05,2025-04-05,SUP-028,Summit Components,USA,Electronics,Sensor Module SM-3,Corporate,30.48,810,24688.8,Net 60,True,False
PO-2025-30571,2025-04-01,2025-05-01,2025-05-01,SUP-036,Golden Dragon Components,China,Electronics,Power Supply Unit 450W,Retail Operations,86.61,151,13078.11,Net 30,True,False
PO-2025-30651,2025-04-01,2025-05-01,2025-05-01,SUP-034,Pacific Rim Circuits,China,Electronics,Microcontroller MCU-9,R&D,9.3,1760,16368.0,Net 45,True,False
PO-2025-30570,2025-04-01,2025-04-22,2025-04-22,SUP-022,Redwood Components,USA,Electronics,Power Supply Unit 450W,Field Services,75.32,171,12879.72,Net 45,False,False
PO-2025-30650,2025-04-01,2025-04-27,2025-04-27,SUP-025,Cascade Semitech,USA,Electronics,PCB Assembly A-11,R&D,65.47,223,14599.81,Net 60,True,False
PO-2025-30645,2025-04-01,2025-04-20,2025-04-21,SUP-034,Pacific Rim Circuits,China,Electronics,PCB Assembly A-11,Manufacturing,67.07,547,36687.29,Net 45,True,False
PO-2025-30554,2025-04-01,2025-04-18,2025-04-18,SUP-033,Busan Components,South Korea,Electronics,Microcontroller MCU-9,Retail Operations,8.22,1276,10488.72,Net 30,True,False
PO-2025-30592,2025-04-02,2025-04-14,2025-04-14,SUP-036,Golden Dragon Components,China,Electronics,PCB Assembly A-11,R&D,70.95,297,21072.15,Net 15,True,False
PO-2025-30602,2025-04-02,2025-04-14,2025-04-14,SUP-028,Summit Components,USA,Electronics,Microcontroller MCU-9,Field Services,9.44,2838,26790.72,Net 30,False,False
PO-2025-30638,2025-04-02,2025-04-10,2025-04-10,SUP-032,Lotus Components,India,Electronics,Sensor Module SM-3,Corporate,27.53,337,9277.61,Net 45,True,False
PO-2025-30552,2025-04-03,2025-05-02,2025-05-02,SUP-034,Pacific Rim Circuits,China,Electronics,Power Supply Unit 450W,Field Services,82.36,253,20837.08,Net 45,False,False
PO-2025-30556,2025-04-03,2025-04-19,2025-04-19,SUP-036,Golden Dragon Components,China,Electronics,Microcontroller MCU-9,Corporate,10.56,3890,41078.4,Net 30,True,False
PO-2025-30576,2025-04-03,2025-04-23,2025-04-23,SUP-035,Pacific Rim Semitech,China,Electronics,Connector Kit CK-8,Retail Operations,5.96,2737,16312.52,Net 30,True,False
PO-2025-30574,2025-04-03,2025-04-23,2025-04-26,SUP-023,Schwarzwald Circuits,Germany,Electronics,PCB Assembly A-11,Manufacturing,59.66,354,21119.64,Net 30,True,False
PO-2025-30568,2025-04-03,2025-05-03,2025-05-03,SUP-032,Lotus Components,India,Electronics,Sensor Module SM-3,R&D,26.4,1018,26875.2,Net 60,True,False
PO-2025-30633,2025-04-04,2025-04-11,2025-04-11,SUP-022,Redwood Components,USA,Electronics,Power Supply Unit 450W,Manufacturing,72.48,88,6378.24,Net 30,True,False
PO-2025-30642,2025-04-04,2025-05-05,2025-05-27,SUP-029,Great Wall Components,China,Electronics,Connector Kit CK-8,Field Services,4.99,3308,16506.92,Net 45,False,False
PO-2025-30572,2025-04-04,2025-05-03,2025-05-03,SUP-025,Cascade Semitech,USA,Electronics,Power Supply Unit 450W,Retail Operations,85.76,157,13464.32,Net 30,True,False
PO-2025-30625,2025-04-04,2025-05-04,2025-05-04,SUP-033,Busan Components,South Korea,Electronics,Sensor Module SM-3,R&D,27.14,966,26217.24,Net 30,True,False
PO-2025-30591,2025-04-04,2025-04-24,2025-04-24,SUP-025,Cascade Semitech,USA,Electronics,Sensor Module SM-3,Retail Operations,31.22,781,24382.82,Net 45,True,False
PO-2025-30585,2025-04-05,2025-05-01,2025-05-01,SUP-028,Summit Components,USA,Electronics,Power Supply Unit 450W,Field Services,81.18,164,13313.52,Net 15,True,False
PO-2025-30578,2025-04-05,2025-05-01,2025-05-09,SUP-029,Great Wall Components,China,Electronics,Sensor Module SM-3,Retail Operations,29.82,322,9602.04,Net 15,True,False
PO-2025-30555,2025-04-05,2025-05-01,2025-05-01,SUP-028,Summit Components,USA,Electronics,Power Supply Unit 450W,Manufacturing,82.95,125,10368.75,Net 30,True,False
PO-2025-30587,2025-04-07,2025-05-09,2025-05-09,SUP-028,Summit Components,USA,Electronics,Connector Kit CK-8,Retail Operations,5.53,4902,27108.06,Net 30,True,False
PO-2025-30647,2025-04-07,2025-04-16,2025-04-19,SUP-029,Great Wall Components,China,Electronics,PCB Assembly A-11,Retail Operations,71.98,495,35630.1,Net 60,True,False
PO-2025-30609,2025-04-07,2025-04-16,2025-04-16,SUP-035,Pacific Rim Semitech,China,Electronics,Sensor Module SM-3,Corporate,27.55,607,16722.85,Net 60,True,False
PO-2025-30589,2025-04-07,2025-05-11,2025-05-11,SUP-032,Lotus Components,India,Electronics,Sensor Module SM-3,Corporate,27.28,818,22315.04,Net 45,True,False
PO-2025-30577,2025-04-07,2025-05-08,2025-05-08,SUP-034,Pacific Rim Circuits,China,Electronics,Connector Kit CK-8,Corporate,5.54,1277,7074.58,Net 45,True,False
PO-2025-30622,2025-04-08,2025-05-07,2025-05-07,SUP-024,Sterling Components,USA,Electronics,Power Supply Unit 450W,R&D,85.37,109,9305.33,Net 30,False,False
PO-2025-30564,2025-04-08,2025-04-14,2025-04-30,SUP-029,Great Wall Components,China,Electronics,PCB Assembly A-11,Retail Operations,63.82,322,20550.04,Net 30,True,False
PO-2025-30607,2025-04-08,2025-05-05,2025-05-05,SUP-036,Golden Dragon Components,China,Electronics,Sensor Module SM-3,Manufacturing,28.66,422,12094.52,Net 30,True,False
PO-2025-30550,2025-04-09,2025-04-30,2025-04-30,SUP-028,Summit Components,USA,Electronics,Power Supply Unit 450W,Retail Operations,80.11,186,14900.46,Net 45,True,False
PO-2025-30588,2025-04-10,2025-04-28,2025-04-28,SUP-032,Lotus Components,India,Electronics,Connector Kit CK-8,R&D,4.58,1376,6302.08,Net 45,True,False
PO-2025-30649,2025-04-11,2025-04-21,2025-04-21,SUP-033,Busan Components,South Korea,Electronics,Connector Kit CK-8,R&D,4.84,2513,12162.92,Net 30,True,False
PO-2025-30632,2025-04-11,2025-04-20,2025-04-20,SUP-024,Sterling Components,USA,Electronics,Connector Kit CK-8,Field Services,5.54,4088,22647.52,Net 60,True,False
PO-2025-30584,2025-04-11,2025-05-13,2025-05-13,SUP-034,Pacific Rim Circuits,China,Electronics,Power Supply Unit 450W,Manufacturing,84.76,155,13137.8,Net 45,True,False
PO-2025-30597,2025-04-11,2025-04-29,2025-04-29,SUP-032,Lotus Components,India,Electronics,Sensor Module SM-3,Retail Operations,26.26,317,8324.42,Net 45,True,False
PO-2025-30583,2025-04-12,2025-05-05,2025-05-05,SUP-032,Lotus Components,India,Electronics,Power Supply Unit 450W,Corporate,69.16,188,13002.08,Net 30,True,False
PO-2025-30557,2025-04-12,2025-05-12,2025-05-12,SUP-036,Golden Dragon Components,China,Electronics,Sensor Module SM-3,Field Services,33.36,50,1668.0,Net 30,False,False
PO-2025-30566,2025-04-12,2025-04-30,2025-04-30,SUP-033,Busan Components,South Korea,Electronics,Microcontroller MCU-9,Corporate,8.81,2313,20377.53,Net 30,True,False
PO-2025-30608,2025-04-12,2025-04-21,2025-04-22,SUP-032,Lotus Components,India,Electronics,Microcontroller MCU-9,R&D,8.55,1328,11354.4,Net 30,True,False
PO-2025-30648,2025-04-12,2025-05-14,2025-05-14,SUP-025,Cascade Semitech,USA,Electronics,Sensor Module SM-3,Retail Operations,29.09,466,13555.94,Net 15,True,False
PO-2025-30599,2025-04-12,2025-05-13,2025-05-13,SUP-028,Summit Components,USA,Electronics,Connector Kit CK-8,Corporate,5.67,5435,30816.45,Net 30,True,False
PO-2025-30641,2025-04-12,2025-04-17,2025-04-17,SUP-033,Busan Components,South Korea,Electronics,Connector Kit CK-8,Corporate,4.84,3441,16654.44,Net 45,True,False
PO-2025-30635,2025-04-13,2025-04-30,2025-04-30,SUP-032,Lotus Components,India,Electronics,Sensor Module SM-3,Retail Operations,25.33,752,19048.16,Net 45,True,False
PO-2025-30636,2025-04-14,2025-04-27,2025-04-27,SUP-034,Pacific Rim Circuits,China,Electronics,Power Supply Unit 450W,Retail Operations,80.13,148,11859.24,Net 30,True,False
PO-2025-30643,2025-04-14,2025-04-22,2025-04-22,SUP-025,Cascade Semitech,USA,Electronics,Power Supply Unit 450W,Corporate,80.85,173,13987.05,Net 45,True,False
PO-2025-30596,2025-04-14,2025-05-09,2025-05-09,SUP-036,Golden Dragon Components,China,Electronics,Power Supply Unit 450W,Field Services,84.39,183,15443.37,Net 30,True,False
PO-2025-30563,2025-04-14,2025-05-04,2025-05-04,SUP-035,Pacific Rim Semitech,China,Electronics,Sensor Module SM-3,Field Services,27.6,270,7452.0,Net 30,False,False
PO-2025-30569,2025-04-15,2025-05-03,2025-05-03,SUP-034,Pacific Rim Circuits,China,Electronics,PCB Assembly A-11,Retail Operations,64.06,440,28186.4,Net 60,True,False
PO-2025-30615,2025-04-16,2025-05-18,2025-05-18,SUP-025,Cascade Semitech,USA,Electronics,Connector Kit CK-8,Field Services,5.68,4215,23941.2,Net 45,False,False
PO-2025-30553,2025-04-16,2025-05-17,2025-05-17,SUP-032,Lotus Components,India,Electronics,Connector Kit CK-8,Retail Operations,5.03,4174,20995.22,Net 30,True,True
PO-2025-30573,2025-04-16,2025-04-30,2025-04-30,SUP-034,Pacific Rim Circuits,China,Electronics,Microcontroller MCU-9,Field Services,9.04,3266,29524.64,Net 30,False,False
PO-2025-30565,2025-04-17,2025-05-07,2025-05-07,SUP-028,Summit Components,USA,Electronics,Sensor Module SM-3,Corporate,31.8,819,26044.2,Net 30,False,False
PO-2025-30579,2025-04-17,2025-05-11,2025-05-11,SUP-028,Summit Components,USA,Electronics,Connector Kit CK-8,Manufacturing,5.36,1230,6592.8,Net 30,True,False
PO-2025-30626,2025-04-17,2025-05-08,2025-05-08,SUP-028,Summit Components,USA,Electronics,PCB Assembly A-11,R&D,62.8,475,29830.0,Net 45,True,False
PO-2025-30640,2025-04-17,2025-05-09,2025-05-09,SUP-032,Lotus Components,India,Electronics,Connector Kit CK-8,Corporate,4.75,1657,7870.75,Net 45,True,False
PO-2025-30610,2025-04-17,2025-05-03,2025-05-03,SUP-025,Cascade Semitech,USA,Electronics,Microcontroller MCU-9,Retail Operations,9.18,3184,29229.12,Net 45,True,False
PO-2025-30581,2025-04-17,2025-04-28,2025-04-28,SUP-028,Summit Components,USA,Electronics,PCB Assembly A-11,R&D,66.45,465,30899.25,Net 30,True,False
PO-2025-30618,2025-04-18,2025-05-16,2025-05-16,SUP-032,Lotus Components,India,Electronics,PCB Assembly A-11,Manufacturing,53.89,283,15250.87,Net 45,True,False
PO-2025-30652,2025-04-18,2025-05-05,2025-05-05,SUP-024,Sterling Components,USA,Electronics,Power Supply Unit 450W,Field Services,84.37,68,5737.16,Net 45,False,False
PO-2025-30612,2025-04-18,2025-05-09,2025-05-09,SUP-028,Summit Components,USA,Electronics,Sensor Module SM-3,R&D,31.62,904,28584.48,Net 30,False,False
PO-2025-30575,2025-04-19,2025-04-28,2025-04-30,SUP-028,Summit Components,USA,Electronics,Power Supply Unit 450W,Field Services,82.05,133,10912.65,Net 30,False,False
PO-2025-30639,2025-04-19,2025-05-13,2025-05-13,SUP-028,Summit Components,USA,Electronics,PCB Assembly A-11,Retail Operations,65.17,399,26002.83,Net 30,True,False
PO-2025-30601,2025-04-19,2025-05-05,2025-05-07,SUP-034,Pacific Rim Circuits,China,Electronics,Power Supply Unit 450W,Corporate,79.58,109,8674.22,Net 45,True,False
PO-2025-30551,2025-04-20,2025-05-06,2025-05-08,SUP-028,Summit Components,USA,Electronics,Connector Kit CK-8,Corporate,6.09,2728,16613.52,Net 45,True,False
PO-2025-30613,2025-04-21,2025-05-05,2025-05-05,SUP-034,Pacific Rim Circuits,China,Electronics,Sensor Module SM-3,R&D,30.03,445,13363.35,Net 30,False,False
PO-2025-30567,2025-04-21,2025-05-07,2025-05-07,SUP-028,Summit Components,USA,Electronics,Microcontroller MCU-9,Retail Operations,10.16,1331,13522.96,Net 45,True,False
PO-2025-30598,2025-04-21,2025-05-03,2025-05-03,SUP-028,Summit Components,USA,Electronics,Sensor Module SM-3,Manufacturing,29.48,844,24881.12,Net 30,True,False
PO-2025-30624,2025-04-21,2025-05-01,2025-05-01,SUP-034,Pacific Rim Circuits,China,Electronics,Sensor Module SM-3,Field Services,30.26,712,21545.12,Net 15,True,False
PO-2025-30629,2025-04-21,2025-05-06,2025-05-06,SUP-028,Summit Components,USA,Electronics,Power Supply Unit 450W,Corporate,84.18,150,12627.0,Net 60,True,False
PO-2025-30600,2025-04-21,2025-05-03,2025-05-03,SUP-028,Summit Components,USA,Electronics,PCB Assembly A-11,Manufacturing,62.73,516,32368.68,Net 30,True,False
PO-2025-30558,2025-04-22,2025-05-21,2025-05-21,SUP-036,Golden Dragon Components,China,Electronics,Power Supply Unit 450W,Manufacturing,82.36,128,10542.08,Net 60,True,False
PO-2025-30605,2025-04-22,2025-05-20,2025-05-20,SUP-028,Summit Components,USA,Electronics,Sensor Module SM-3,R&D,32.58,1295,42191.1,Net 30,True,False
PO-2025-30646,2025-04-22,2025-05-14,2025-05-14,SUP-028,Summit Components,USA,Electronics,Connector Kit CK-8,R&D,5.25,5374,28213.5,Net 45,True,False
PO-2025-30631,2025-04-22,2025-05-16,2025-05-16,SUP-033,Busan Components,South Korea,Electronics,Microcontroller MCU-9,Manufacturing,8.81,926,8158.06,Net 30,True,False
PO-2025-30617,2025-04-23,2025-04-30,2025-04-30,SUP-034,Pacific Rim Circuits,China,Electronics,PCB Assembly A-11,Retail Operations,62.13,475,29511.75,Net 30,True,False
PO-2025-30582,2025-04-23,2025-05-04,2025-05-04,SUP-025,Cascade Semitech,USA,Electronics,Connector Kit CK-8,Corporate,5.34,3966,21178.44,Net 60,True,False
PO-2025-30562,2025-04-23,2025-05-11,2025-05-11,SUP-032,Lotus Components,India,Electronics,PCB Assembly A-11,Field Services,56.26,171,9620.46,Net 30,False,False
PO-2025-30580,2025-04-23,2025-04-28,2025-04-28,SUP-032,Lotus Components,India,Electronics,PCB Assembly A-11,Corporate,58.19,75,4364.25,Net 45,True,False
PO-2025-30593,2025-04-24,2025-05-10,2025-05-11,SUP-022,Redwood Components,USA,Electronics,Connector Kit CK-8,Manufacturing,5.54,4654,25783.16,Net 45,True,False
PO-2025-30616,2025-04-24,2025-05-13,2025-05-13,SUP-025,Cascade Semitech,USA,Electronics,Power Supply Unit 450W,R&D,74.82,189,14140.98,Net 30,True,False
PO-2025-30604,2025-04-25,2025-05-15,2025-05-15,SUP-035,Pacific Rim Semitech,China,Electronics,Sensor Module SM-3,Manufacturing,29.55,486,14361.3,Net 60,True,False
PO-2025-30621,2025-04-25,2025-05-13,2025-05-13,SUP-024,Sterling Components,USA,Electronics,Connector Kit CK-8,R&D,5.69,2962,16853.78,Net 45,True,False
PO-2025-30619,2025-04-26,2025-05-16,2025-05-16,SUP-022,Redwood Components,USA,Electronics,Microcontroller MCU-9,Corporate,8.93,1832,16359.76,Net 30,True,False
PO-2025-30595,2025-04-26,2025-05-09,2025-05-09,SUP-028,Summit Components,USA,Electronics,Microcontroller MCU-9,R&D,9.15,5276,48275.4,Net 60,True,False
PO-2025-30620,2025-04-26,2025-05-22,2025-05-22,SUP-022,Redwood Components,USA,Electronics,Microcontroller MCU-9,Manufacturing,9.62,2880,27705.6,Net 15,True,False
PO-2025-30559,2025-04-26,2025-05-15,2025-05-16,SUP-028,Summit Components,USA,Electronics,PCB Assembly A-11,Manufacturing,61.74,407,25128.18,Net 45,True,False
PO-2025-30590,2025-04-26,2025-05-20,2025-06-04,SUP-029,Great Wall Components,China,Electronics,Sensor Module SM-3,Corporate,28.31,747,21147.57,Net 60,True,False
PO-2025-30560,2025-04-27,2025-05-05,2025-05-05,SUP-028,Summit Components,USA,Electronics,Microcontroller MCU-9,Corporate,10.44,3041,31748.04,Net 30,True,False
PO-2025-30644,2025-04-27,2025-05-10,2025-05-12,SUP-028,Summit Components,USA,Electronics,Connector Kit CK-8,Retail Operations,5.63,3376,19006.88,Net 30,True,False
PO-2025-30628,2025-04-27,2025-05-27,2025-06-05,SUP-029,Great Wall Components,China,Electronics,Microcontroller MCU-9,R&D,10.84,1987,21539.08,Net 45,True,False
PO-2025-30561,2025-04-28,2025-05-31,2025-05-31,SUP-032,Lotus Components,India,Electronics,PCB Assembly A-11,R&D,54.57,484,26411.88,Net 30,False,False
PO-2025-30611,2025-04-29,2025-05-31,2025-06-07,SUP-028,Summit Components,USA,Electronics,PCB Assembly A-11,Corporate,67.99,480,32635.2,Net 30,True,False
PO-2025-30603,2025-04-29,2025-05-09,2025-05-09,SUP-025,Cascade Semitech,USA,Electronics,Power Supply Unit 450W,Field Services,78.63,210,16512.3,Net 30,True,False
PO-2025-30606,2025-04-29,2025-05-13,2025-05-18,SUP-032,Lotus Components,India,Electronics,Sensor Module SM-3,R&D,26.2,662,17344.4,Net 30,True,False
PO-2025-30623,2025-04-29,2025-05-16,2025-05-16,SUP-032,Lotus Components,India,Electronics,PCB Assembly A-11,Corporate,56.93,265,15086.45,Net 30,True,False
PO-2025-30614,2025-04-29,2025-05-25,2025-05-25,SUP-032,Lotus Components,India,Electronics,Connector Kit CK-8,Field Services,4.54,3282,14900.28,Net 45,False,False
PO-2025-30586,2025-04-29,2025-05-08,2025-05-08,SUP-032,Lotus Components,India,Electronics,Sensor Module SM-3,R&D,25.23,603,15213.69,Net 45,True,False
PO-2025-30627,2025-04-30,2025-05-25,2025-05-25,SUP-035,Pacific Rim Semitech,China,Electronics,Connector Kit CK-8,Corporate,5.36,4101,21981.36,Net 60,True,False
PO-2025-30630,2025-04-30,2025-06-02,2025-06-02,SUP-025,Cascade Semitech,USA,Electronics,Microcontroller MCU-9,Retail Operations,9.46,2997,28351.62,Net 30,True,False
PO-2025-30594,2025-04-30,2025-05-06,2025-05-06,SUP-022,Redwood Components,USA,Electronics,Sensor Module SM-3,Corporate,27.29,260,7095.4,Net 30,True,False
PO-2025-30637,2025-04-30,2025-05-11,2025-05-11,SUP-025,Cascade Semitech,USA,Electronics,Microcontroller MCU-9,Retail Operations,10.16,2462,25013.92,Net 15,True,False
PO-2025-30634,2025-04-30,2025-05-26,2025-05-26,SUP-033,Busan Components,South Korea,Electronics,Sensor Module SM-3,Corporate,26.96,555,14962.8,Net 45,True,False
PO-2025-31567,2025-05-01,2025-05-29,2025-05-29,SUP-033,Busan Components,South Korea,Electronics,Microcontroller MCU-9,Field Services,8.72,1940,16916.8,Net 30,True,False
PO-2025-31585,2025-05-01,2025-05-18,2025-05-18,SUP-036,Golden Dragon Components,China,Electronics,Microcontroller MCU-9,R&D,10.84,1998,21658.32,Net 30,True,False
PO-2025-31527,2025-05-01,2025-05-12,2025-05-12,SUP-024,Sterling Components,USA,Electronics,PCB Assembly A-11,Retail Operations,70.06,249,17444.94,Net 30,True,False
PO-2025-31614,2025-05-01,2025-05-14,2025-05-14,SUP-036,Golden Dragon Components,China,Electronics,PCB Assembly A-11,Retail Operations,70.46,317,22335.82,Net 60,True,False
PO-2025-31610,2025-05-01,2025-05-09,2025-05-09,SUP-022,Redwood Components,USA,Electronics,PCB Assembly A-11,R&D,55.31,483,26714.73,Net 60,True,False
PO-2025-31550,2025-05-01,2025-05-27,2025-06-07,SUP-029,Great Wall Components,China,Electronics,Sensor Module SM-3,Corporate,33.98,560,19028.8,Net 45,True,False
PO-2025-31554,2025-05-01,2025-05-21,2025-05-21,SUP-036,Golden Dragon Components,China,Electronics,Connector Kit CK-8,Field Services,5.67,2487,14101.29,Net 30,True,False
PO-2025-31555,2025-05-01,2025-06-04,2025-06-04,SUP-036,Golden Dragon Components,China,Electronics,Power Supply Unit 450W,Field Services,86.94,53,4607.82,Net 60,True,False
PO-2025-31613,2025-05-02,2025-05-29,2025-05-29,SUP-033,Busan Components,South Korea,Electronics,Sensor Module SM-3,Retail Operations,25.89,683,17682.87,Net 30,True,False
PO-2025-31620,2025-05-02,2025-05-18,2025-05-18,SUP-033,Busan Components,South Korea,Electronics,Power Supply Unit 450W,Field Services,71.09,93,6611.37,Net 15,True,False
PO-2025-31622,2025-05-02,2025-05-25,2025-05-25,SUP-036,Golden Dragon Components,China,Electronics,Power Supply Unit 450W,Manufacturing,87.46,179,15655.34,Net 45,True,False
PO-2025-31626,2025-05-02,2025-05-28,2025-05-28,SUP-036,Golden Dragon Components,China,Electronics,Connector Kit CK-8,Manufacturing,5.75,4790,27542.5,Net 30,True,False
PO-2025-31635,2025-05-02,2025-06-01,2025-06-01,SUP-035,Pacific Rim Semitech,China,Electronics,Power Supply Unit 450W,Corporate,74.46,163,12136.98,Net 30,True,False
PO-2025-31526,2025-05-02,2025-05-21,2025-05-21,SUP-025,Cascade Semitech,USA,Electronics,Sensor Module SM-3,Corporate,31.57,667,21057.19,Net 60,True,False
PO-2025-31596,2025-05-02,2025-05-23,2025-05-23,SUP-034,Pacific Rim Circuits,China,Electronics,PCB Assembly A-11,R&D,68.94,603,41570.82,Net 45,True,True
PO-2025-31602,2025-05-03,2025-06-05,2025-06-09,SUP-036,Golden Dragon Components,China,Electronics,Power Supply Unit 450W,R&D,87.98,202,17771.96,Net 30,True,False
PO-2025-31592,2025-05-03,2025-05-09,2025-05-09,SUP-028,Summit Components,USA,Electronics,PCB Assembly A-11,Field Services,70.8,303,21452.4,Net 15,True,False
PO-2025-31535,2025-05-03,2025-05-27,2025-05-28,SUP-035,Pacific Rim Semitech,China,Electronics,PCB Assembly A-11,R&D,61.72,76,4690.72,Net 30,False,False
PO-2025-31584,2025-05-04,2025-06-02,2025-06-02,SUP-025,Cascade Semitech,USA,Electronics,PCB Assembly A-11,Retail Operations,67.4,409,27566.6,Net 60,True,False
PO-2025-31594,2025-05-04,2025-05-27,2025-05-27,SUP-034,Pacific Rim Circuits,China,Electronics,Power Supply Unit 450W,Manufacturing,82.52,81,6684.12,Net 15,True,False
PO-2025-31576,2025-05-04,2025-05-12,2025-05-12,SUP-034,Pacific Rim Circuits,China,Electronics,Power Supply Unit 450W,Retail Operations,84.85,139,11794.15,Net 15,True,False
PO-2025-31530,2025-05-04,2025-06-01,2025-06-01,SUP-034,Pacific Rim Circuits,China,Electronics,Microcontroller MCU-9,Retail Operations,9.35,1005,9396.75,Net 45,True,False
PO-2025-31618,2025-05-05,2025-05-19,2025-05-22,SUP-028,Summit Components,USA,Electronics,Microcontroller MCU-9,Retail Operations,9.82,2170,21309.4,Net 30,True,False
PO-2025-31621,2025-05-05,2025-05-15,2025-05-15,SUP-035,Pacific Rim Semitech,China,Electronics,Power Supply Unit 450W,Field Services,76.67,150,11500.5,Net 45,False,False
PO-2025-31632,2025-05-05,2025-06-02,2025-06-02,SUP-028,Summit Components,USA,Electronics,Microcontroller MCU-9,Manufacturing,10.13,2458,24899.54,Net 30,True,False
PO-2025-31573,2025-05-05,2025-05-31,2025-05-31,SUP-032,Lotus Components,India,Electronics,Sensor Module SM-3,Corporate,24.81,738,18309.78,Net 30,True,False
PO-2025-31547,2025-05-05,2025-05-10,2025-05-10,SUP-028,Summit Components,USA,Electronics,Power Supply Unit 450W,Retail Operations,84.15,171,14389.65,Net 30,True,False
PO-2025-31536,2025-05-05,2025-05-11,2025-05-11,SUP-025,Cascade Semitech,USA,Electronics,Sensor Module SM-3,Manufacturing,31.6,474,14978.4,Net 45,True,False
PO-2025-31534,2025-05-05,2025-05-26,2025-05-26,SUP-033,Busan Components,South Korea,Electronics,PCB Assembly A-11,Manufacturing,60.03,517,31035.51,Net 15,False,False
PO-2025-31589,2025-05-06,2025-05-25,2025-05-25,SUP-028,Summit Components,USA,Electronics,Microcontroller MCU-9,Manufacturing,10.67,1115,11897.05,Net 15,True,False
PO-2025-31607,2025-05-06,2025-05-27,2025-05-27,SUP-028,Summit Components,USA,Electronics,Sensor Module SM-3,R&D,33.64,440,14801.6,Net 30,False,False
PO-2025-31558,2025-05-07,2025-05-18,2025-05-18,SUP-028,Summit Components,USA,Electronics,Microcontroller MCU-9,Retail Operations,9.89,1629,16110.81,Net 30,False,False
PO-2025-31582,2025-05-07,2025-05-25,2025-05-25,SUP-033,Busan Components,South Korea,Electronics,Microcontroller MCU-9,Retail Operations,8.32,2406,20017.92,Net 45,True,False
PO-2025-31580,2025-05-07,2025-06-06,2025-06-06,SUP-032,Lotus Components,India,Electronics,PCB Assembly A-11,Manufacturing,53.86,320,17235.2,Net 30,True,False
PO-2025-31591,2025-05-08,2025-06-04,2025-06-04,SUP-029,Great Wall Components,China,Electronics,Sensor Module SM-3,Manufacturing,28.83,369,10638.27,Net 30,True,False
PO-2025-31583,2025-05-08,2025-06-03,2025-06-03,SUP-025,Cascade Semitech,USA,Electronics,Sensor Module SM-3,Field Services,29.56,511,15105.16,Net 30,True,False
PO-2025-31619,2025-05-08,2025-06-02,2025-06-02,SUP-028,Summit Components,USA,Electronics,Connector Kit CK-8,Field Services,5.78,3667,21195.26,Net 45,True,False
PO-2025-31629,2025-05-08,2025-05-25,2025-05-25,SUP-028,Summit Components,USA,Electronics,Connector Kit CK-8,Retail Operations,6.41,2869,18390.29,Net 30,True,False
PO-2025-31604,2025-05-09,2025-05-15,2025-05-28,SUP-029,Great Wall Components,China,Electronics,PCB Assembly A-11,Manufacturing,61.43,487,29916.41,Net 60,True,False
PO-2025-31612,2025-05-09,2025-05-28,2025-05-28,SUP-033,Busan Components,South Korea,Electronics,Connector Kit CK-8,R&D,5.32,3808,20258.56,Net 30,True,False
PO-2025-31625,2025-05-09,2025-05-26,2025-05-26,SUP-036,Golden Dragon Components,China,Electronics,Power Supply Unit 450W,Corporate,88.49,255,22564.95,Net 30,True,False
PO-2025-31605,2025-05-09,2025-05-17,2025-05-17,SUP-028,Summit Components,USA,Electronics,PCB Assembly A-11,Corporate,66.34,325,21560.5,Net 30,True,False
PO-2025-31623,2025-05-09,2025-05-19,2025-05-19,SUP-032,Lotus Components,India,Electronics,Power Supply Unit 450W,Retail Operations,72.97,196,14302.12,Net 15,True,False
PO-2025-31523,2025-05-09,2025-05-17,2025-05-19,SUP-028,Summit Components,USA,Electronics,Connector Kit CK-8,Retail Operations,5.65,2482,14023.3,Net 60,True,False
PO-2025-31548,2025-05-09,2025-05-15,2025-05-17,SUP-028,Summit Components,USA,Electronics,Sensor Module SM-3,R&D,31.34,617,19336.78,Net 45,True,False
PO-2025-31562,2025-05-09,2025-05-19,2025-05-19,SUP-034,Pacific Rim Circuits,China,Electronics,Sensor Module SM-3,R&D,29.83,950,28338.5,Net 30,True,False
PO-2025-31631,2025-05-10,2025-05-22,2025-05-22,SUP-028,Summit Components,USA,Electronics,PCB Assembly A-11,Retail Operations,68.4,265,18126.0,Net 30,True,False
PO-2025-31531,2025-05-10,2025-05-15,2025-05-15,SUP-032,Lotus Components,India,Electronics,Microcontroller MCU-9,Field Services,8.63,3191,27538.33,Net 15,True,False
PO-2025-31564,2025-05-10,2025-05-30,2025-05-30,SUP-022,Redwood Components,USA,Electronics,Power Supply Unit 450W,R&D,81.67,226,18457.42,Net 15,True,False
PO-2025-31563,2025-05-10,2025-06-09,2025-06-11,SUP-024,Sterling Components,USA,Electronics,Connector Kit CK-8,Corporate,5.9,3265,19263.5,Net 30,True,False
PO-2025-31595,2025-05-11,2025-06-11,2025-06-11,SUP-022,Redwood Components,USA,Electronics,Sensor Module SM-3,Manufacturing,29.04,635,18440.4,Net 15,True,False
PO-2025-31616,2025-05-11,2025-06-04,2025-06-04,SUP-022,Redwood Components,USA,Electronics,Sensor Module SM-3,Retail Operations,28.13,579,16287.27,Net 45,True,False
PO-2025-31581,2025-05-12,2025-05-25,2025-05-25,SUP-036,Golden Dragon Components,China,Electronics,PCB Assembly A-11,R&D,72.24,456,32941.44,Net 45,True,False
PO-2025-31586,2025-05-12,2025-06-10,2025-06-12,SUP-022,Redwood Components,USA,Electronics,Power Supply Unit 450W,R&D,80.0,200,16000.0,Net 60,True,False
PO-2025-31627,2025-05-12,2025-06-08,2025-06-08,SUP-036,Golden Dragon Components,China,Electronics,Connector Kit CK-8,Retail Operations,5.82,3011,17524.02,Net 15,True,False
PO-2025-31640,2025-05-12,2025-06-10,2025-06-10,SUP-033,Busan Components,South Korea,Electronics,Power Supply Unit 450W,Manufacturing,69.16,123,8506.68,Net 30,True,False
PO-2025-31574,2025-05-13,2025-05-22,2025-05-24,SUP-034,Pacific Rim Circuits,China,Electronics,Microcontroller MCU-9,R&D,8.87,3708,32889.96,Net 30,False,False
PO-2025-31637,2025-05-13,2025-05-23,2025-05-23,SUP-028,Summit Components,USA,Electronics,Power Supply Unit 450W,Field Services,85.66,282,24156.12,Net 30,True,False
PO-2025-31608,2025-05-13,2025-06-15,2025-06-15,SUP-032,Lotus Components,India,Electronics,Sensor Module SM-3,Corporate,27.98,307,8589.86,Net 45,True,False
PO-2025-31544,2025-05-13,2025-05-31,2025-06-01,SUP-034,Pacific Rim Circuits,China,Electronics,Sensor Module SM-3,R&D,29.18,736,21476.48,Net 30,True,False
PO-2025-31541,2025-05-13,2025-05-29,2025-05-29,SUP-023,Schwarzwald Circuits,Germany,Electronics,Power Supply Unit 450W,Retail Operations,68.78,125,8597.5,Net 30,True,False
PO-2025-31521,2025-05-13,2025-06-05,2025-06-05,SUP-028,Summit Components,USA,Electronics,PCB Assembly A-11,R&D,65.73,351,23071.23,Net 30,True,False
PO-2025-31515,2025-05-13,2025-06-10,2025-06-11,SUP-028,Summit Components,USA,Electronics,Connector Kit CK-8,Manufacturing,5.48,3361,18418.28,Net 15,True,False
PO-2025-31638,2025-05-14,2025-05-27,2025-05-27,SUP-032,Lotus Components,India,Electronics,PCB Assembly A-11,Manufacturing,57.89,552,31955.28,Net 30,True,False
PO-2025-31522,2025-05-14,2025-06-11,2025-06-11,SUP-028,Summit Components,USA,Electronics,Connector Kit CK-8,Manufacturing,5.46,3139,17138.94,Net 30,True,False
PO-2025-31624,2025-05-14,2025-06-02,2025-06-02,SUP-027,Golden Dragon Circuits,China,Electronics,Sensor Module SM-3,Field Services,29.79,520,15490.8,Net 30,True,False
PO-2025-31532,2025-05-14,2025-06-13,2025-06-13,SUP-036,Golden Dragon Components,China,Electronics,Power Supply Unit 450W,Corporate,91.44,132,12070.08,Net 30,False,False
PO-2025-31537,2025-05-14,2025-06-02,2025-06-02,SUP-034,Pacific Rim Circuits,China,Electronics,Sensor Module SM-3,Corporate,30.25,290,8772.5,Net 60,True,False
PO-2025-31560,2025-05-14,2025-05-21,2025-05-21,SUP-022,Redwood Components,USA,Electronics,Microcontroller MCU-9,Field Services,8.63,1428,12323.64,Net 60,True,False
PO-2025-31587,2025-05-14,2025-06-13,2025-06-13,SUP-032,Lotus Components,India,Electronics,Sensor Module SM-3,Corporate,28.07,703,19733.21,Net 30,True,False
PO-2025-31575,2025-05-15,2025-05-31,2025-05-31,SUP-024,Sterling Components,USA,Electronics,Microcontroller MCU-9,Field Services,9.24,268,2476.32,Net 60,True,False
PO-2025-31577,2025-05-15,2025-06-09,2025-06-09,SUP-034,Pacific Rim Circuits,China,Electronics,Sensor Module SM-3,Field Services,31.18,800,24944.0,Net 30,True,False
PO-2025-31520,2025-05-15,2025-06-12,2025-06-12,SUP-025,Cascade Semitech,USA,Electronics,PCB Assembly A-11,Corporate,64.02,453,29001.06,Net 60,True,False
PO-2025-31519,2025-05-15,2025-06-10,2025-06-10,SUP-034,Pacific Rim Circuits,China,Electronics,Power Supply Unit 450W,R&D,81.8,85,6953.0,Net 45,True,False
PO-2025-31518,2025-05-16,2025-05-30,2025-05-30,SUP-032,Lotus Components,India,Electronics,Sensor Module SM-3,Manufacturing,26.18,383,10026.94,Net 45,True,False
PO-2025-31538,2025-05-16,2025-05-23,2025-05-23,SUP-028,Summit Components,USA,Electronics,PCB Assembly A-11,Manufacturing,66.77,420,28043.4,Net 30,True,False
PO-2025-31529,2025-05-16,2025-05-21,2025-05-21,SUP-022,Redwood Components,USA,Electronics,Connector Kit CK-8,Corporate,5.36,4398,23573.28,Net 45,True,False
PO-2025-31641,2025-05-16,2025-06-15,2025-06-15,SUP-028,Summit Components,USA,Electronics,Microcontroller MCU-9,Retail Operations,9.31,2847,26505.57,Net 30,True,False
PO-2025-31636,2025-05-16,2025-05-30,2025-05-30,SUP-028,Summit Components,USA,Electronics,Power Supply Unit 450W,Manufacturing,84.8,151,12804.8,Net 45,True,False
PO-2025-31590,2025-05-16,2025-06-19,2025-06-19,SUP-032,Lotus Components,India,Electronics,Connector Kit CK-8,Retail Operations,4.7,1881,8840.7,Net 30,True,False
PO-2025-31569,2025-05-17,2025-06-11,2025-06-11,SUP-034,Pacific Rim Circuits,China,Electronics,PCB Assembly A-11,Manufacturing,69.01,693,47823.93,Net 60,True,False
PO-2025-31533,2025-05-17,2025-05-31,2025-05-31,SUP-026,Great Wall Circuits,China,Electronics,Power Supply Unit 450W,Corporate,91.74,164,15045.36,Net 30,True,False
PO-2025-31542,2025-05-17,2025-06-15,2025-06-15,SUP-025,Cascade Semitech,USA,Electronics,Connector Kit CK-8,Corporate,5.86,2394,14028.84,Net 30,True,False
PO-2025-31524,2025-05-18,2025-06-13,2025-06-13,SUP-028,Summit Components,USA,Electronics,Microcontroller MCU-9,Retail Operations,9.4,3397,31931.8,Net 30,True,False
PO-2025-31634,2025-05-18,2025-05-27,2025-06-03,SUP-029,Great Wall Components,China,Electronics,Power Supply Unit 450W,Retail Operations,100.25,141,14135.25,Net 45,True,False
PO-2025-31552,2025-05-18,2025-05-30,2025-05-30,SUP-022,Redwood Components,USA,Electronics,Power Supply Unit 450W,Field Services,74.53,175,13042.75,Net 60,False,False
PO-2025-31601,2025-05-18,2025-06-21,2025-06-24,SUP-028,Summit Components,USA,Electronics,Connector Kit CK-8,Field Services,5.88,2646,15558.48,Net 30,True,False
PO-2025-31609,2025-05-18,2025-05-27,2025-05-27,SUP-022,Redwood Components,USA,Electronics,PCB Assembly A-11,Retail Operations,65.51,326,21356.26,Net 30,True,False
PO-2025-31598,2025-05-18,2025-06-21,2025-06-21,SUP-032,Lotus Components,India,Electronics,PCB Assembly A-11,Retail Operations,59.11,336,19860.96,Net 30,True,False
PO-2025-31572,2025-05-18,2025-06-14,2025-06-14,SUP-025,Cascade Semitech,USA,Electronics,Microcontroller MCU-9,Corporate,10.23,3398,34761.54,Net 30,True,False
PO-2025-31571,2025-05-19,2025-05-30,2025-05-30,SUP-025,Cascade Semitech,USA,Electronics,PCB Assembly A-11,Manufacturing,64.63,612,39553.56,Net 45,True,False
PO-2025-31630,2025-05-19,2025-06-20,2025-06-20,SUP-028,Summit Components,USA,Electronics,Sensor Module SM-3,Manufacturing,31.58,495,15632.1,Net 30,True,False
PO-2025-31525,2025-05-19,2025-06-21,2025-06-21,SUP-036,Golden Dragon Components,China,Electronics,Microcontroller MCU-9,R&D,10.83,2788,30194.04,Net 45,False,False
PO-2025-31603,2025-05-20,2025-06-21,2025-06-21,SUP-028,Summit Components,USA,Electronics,Connector Kit CK-8,Manufacturing,5.6,2627,14711.2,Net 30,True,False
PO-2025-31546,2025-05-20,2025-06-07,2025-06-08,SUP-035,Pacific Rim Semitech,China,Electronics,Connector Kit CK-8,Field Services,5.63,2247,12650.61,Net 45,True,False
PO-2025-31578,2025-05-20,2025-06-17,2025-06-17,SUP-036,Golden Dragon Components,China,Electronics,Power Supply Unit 450W,Retail Operations,83.33,179,14916.07,Net 45,True,False
PO-2025-31549,2025-05-20,2025-06-16,2025-06-16,SUP-025,Cascade Semitech,USA,Electronics,Microcontroller MCU-9,Retail Operations,9.6,3738,35884.8,Net 30,True,False
PO-2025-31557,2025-05-20,2025-06-08,2025-06-15,SUP-029,Great Wall Components,China,Electronics,Sensor Module SM-3,Manufacturing,35.54,184,6539.36,Net 30,True,False
PO-2025-31570,2025-05-21,2025-05-28,2025-05-28,SUP-032,Lotus Components,India,Electronics,Microcontroller MCU-9,R&D,8.71,3847,33507.37,Net 30,True,False
PO-2025-31539,2025-05-21,2025-06-14,2025-06-14,SUP-022,Redwood Components,USA,Electronics,Connector Kit CK-8,Retail Operations,5.08,2036,10342.88,Net 45,True,False
PO-2025-31516,2025-05-21,2025-06-01,2025-06-01,SUP-028,Summit Components,USA,Electronics,Connector Kit CK-8,Field Services,5.66,2383,13487.78,Net 30,False,False
PO-2025-31600,2025-05-22,2025-06-12,2025-06-12,SUP-028,Summit Components,USA,Electronics,Connector Kit CK-8,R&D,5.45,3536,19271.2,Net 45,True,False
PO-2025-31553,2025-05-22,2025-05-27,2025-05-28,SUP-028,Summit Components,USA,Electronics,Power Supply Unit 450W,Retail Operations,86.66,186,16118.76,Net 60,True,False
PO-2025-31561,2025-05-22,2025-06-03,2025-06-03,SUP-035,Pacific Rim Semitech,China,Electronics,PCB Assembly A-11,R&D,65.2,260,16952.0,Net 15,True,False
PO-2025-31565,2025-05-23,2025-06-04,2025-06-11,SUP-029,Great Wall Components,China,Electronics,Microcontroller MCU-9,Corporate,10.14,1941,19681.74,Net 30,True,False
PO-2025-31588,2025-05-23,2025-06-24,2025-06-24,SUP-032,Lotus Components,India,Electronics,Power Supply Unit 450W,R&D,66.74,124,8275.76,Net 30,True,False
PO-2025-31579,2025-05-24,2025-06-10,2025-06-10,SUP-025,Cascade Semitech,USA,Electronics,PCB Assembly A-11,Corporate,67.59,304,20547.36,Net 45,True,False
PO-2025-31593,2025-05-24,2025-06-04,2025-06-04,SUP-032,Lotus Components,India,Electronics,Power Supply Unit 450W,Field Services,70.34,204,14349.36,Net 60,False,False
PO-2025-31559,2025-05-24,2025-06-26,2025-06-26,SUP-028,Summit Components,USA,Electronics,Sensor Module SM-3,Retail Operations,31.76,800,25408.0,Net 30,True,False
PO-2025-31633,2025-05-24,2025-05-29,2025-05-29,SUP-032,Lotus Components,India,Electronics,Sensor Module SM-3,Manufacturing,25.36,554,14049.44,Net 30,True,False
PO-2025-31615,2025-05-25,2025-06-11,2025-06-11,SUP-036,Golden Dragon Components,China,Electronics,Power Supply Unit 450W,Field Services,86.49,167,14443.83,Net 60,True,False
PO-2025-31568,2025-05-25,2025-06-21,2025-06-21,SUP-024,Sterling Components,USA,Electronics,Connector Kit CK-8,R&D,5.76,1677,9659.52,Net 45,True,False
PO-2025-31545,2025-05-26,2025-06-08,2025-06-08,SUP-028,Summit Components,USA,Electronics,Sensor Module SM-3,Field Services,29.9,568,16983.2,Net 30,True,False
PO-2025-31597,2025-05-27,2025-06-10,2025-06-10,SUP-036,Golden Dragon Components,China,Electronics,Microcontroller MCU-9,R&D,10.41,2626,27336.66,Net 15,True,False
PO-2025-31617,2025-05-27,2025-06-15,2025-06-15,SUP-028,Summit Components,USA,Electronics,Microcontroller MCU-9,R&D,10.01,1758,17597.58,Net 45,False,False
PO-2025-31639,2025-05-28,2025-06-06,2025-06-06,SUP-034,Pacific Rim Circuits,China,Electronics,PCB Assembly A-11,R&D,69.89,546,38159.94,Net 30,False,False
PO-2025-31543,2025-05-28,2025-06-07,2025-06-10,SUP-029,Great Wall Components,China,Electronics,Microcontroller MCU-9,Corporate,8.24,2771,22833.04,Net 30,True,False
PO-2025-31611,2025-05-28,2025-06-20,2025-06-20,SUP-033,Busan Components,South Korea,Electronics,PCB Assembly A-11,R&D,56.56,403,22793.68,Net 30,True,False
PO-2025-31528,2025-05-29,2025-06-26,2025-06-26,SUP-034,Pacific Rim Circuits,China,Electronics,Sensor Module SM-3,Retail Operations,29.84,493,14711.12,Net 60,True,False
PO-2025-31566,2025-05-29,2025-06-29,2025-06-29,SUP-036,Golden Dragon Components,China,Electronics,Microcontroller MCU-9,Manufacturing,10.29,2379,24479.91,Net 45,True,False
PO-2025-31556,2025-05-29,2025-06-08,2025-06-08,SUP-028,Summit Components,USA,Electronics,PCB Assembly A-11,Retail Operations,67.07,479,32126.53,Net 45,True,False
PO-2025-31551,2025-05-29,2025-06-26,2025-06-26,SUP-032,Lotus Components,India,Electronics,PCB Assembly A-11,R&D,58.03,443,25707.29,Net 30,True,False
PO-2025-31628,2025-05-30,2025-06-26,2025-06-26,SUP-032,Lotus Components,India,Electronics,Connector Kit CK-8,Corporate,4.73,3254,15391.42,Net 30,True,False
PO-2025-31599,2025-05-30,2025-06-17,2025-06-17,SUP-033,Busan Components,South Korea,Electronics,Power Supply Unit 450W,R&D,74.48,61,4543.28,Net 45,True,False
PO-2025-31517,2025-05-30,2025-06-26,2025-06-26,SUP-032,Lotus Components,India,Electronics,Sensor Module SM-3,Corporate,26.29,571,15011.59,Net 60,True,False
PO-2025-31540,2025-05-31,2025-06-07,2025-06-07,SUP-022,Redwood Components,USA,Electronics,Connector Kit CK-8,Corporate,5.13,4220,21648.6,Net 60,True,False
PO-2025-31606,2025-05-31,2025-06-23,2025-06-23,SUP-034,Pacific Rim Circuits,China,Electronics,PCB Assembly A-11,Corporate,66.31,377,24998.87,Net 45,True,False
PO-2025-32675,2025-06-01,2025-07-02,2025-07-03,SUP-028,Summit Components,USA,Electronics,Microcontroller MCU-9,Retail Operations,9.52,2154,20506.08,Net 45,True,False
PO-2025-32593,2025-06-01,2025-07-02,2025-07-02,SUP-036,Golden Dragon Components,China,Electronics,Microcontroller MCU-9,R&D,10.28,2165,22256.2,Net 45,False,False
PO-2025-32685,2025-06-01,2025-07-03,2025-07-03,SUP-033,Busan Components,South Korea,Electronics,Power Supply Unit 450W,Manufacturing,75.66,147,11122.02,Net 45,False,False
PO-2025-32665,2025-06-01,2025-06-16,2025-06-16,SUP-027,Golden Dragon Circuits,China,Electronics,Power Supply Unit 450W,Retail Operations,81.22,30,2436.6,Net 30,True,False
PO-2025-32666,2025-06-01,2025-06-11,2025-06-11,SUP-033,Busan Components,South Korea,Electronics,Sensor Module SM-3,R&D,25.53,855,21828.15,Net 45,False,False
PO-2025-32686,2025-06-01,2025-06-22,2025-06-22,SUP-028,Summit Components,USA,Electronics,Connector Kit CK-8,Field Services,5.77,1399,8072.23,Net 60,True,False
PO-2025-32618,2025-06-01,2025-06-13,2025-06-13,SUP-025,Cascade Semitech,USA,Electronics,Sensor Module SM-3,R&D,28.9,990,28611.0,Net 30,False,False
PO-2025-32692,2025-06-01,2025-07-04,2025-07-04,SUP-024,Sterling Components,USA,Electronics,Power Supply Unit 450W,Corporate,75.29,171,12874.59,Net 45,True,False
PO-2025-32682,2025-06-02,2025-06-09,2025-06-09,SUP-034,Pacific Rim Circuits,China,Electronics,Connector Kit CK-8,R&D,5.68,1633,9275.44,Net 45,True,False
PO-2025-32668,2025-06-02,2025-06-21,2025-06-21,SUP-035,Pacific Rim Semitech,China,Electronics,PCB Assembly A-11,Retail Operations,61.04,444,27101.76,Net 45,True,False
PO-2025-32606,2025-06-02,2025-06-14,2025-06-14,SUP-027,Golden Dragon Circuits,China,Electronics,Power Supply Unit 450W,Manufacturing,83.37,48,4001.76,Net 45,False,False
PO-2025-32639,2025-06-02,2025-07-06,2025-07-06,SUP-022,Redwood Components,USA,Electronics,Sensor Module SM-3,R&D,29.68,332,9853.76,Net 30,True,False
PO-2025-32619,2025-06-03,2025-06-17,2025-06-17,SUP-034,Pacific Rim Circuits,China,Electronics,Connector Kit CK-8,R&D,5.65,3661,20684.65,Net 30,True,False
PO-2025-32705,2025-06-03,2025-06-28,2025-06-28,SUP-022,Redwood Components,USA,Electronics,Connector Kit CK-8,Field Services,5.79,2406,13930.74,Net 30,True,False
PO-2025-32584,2025-06-03,2025-07-04,2025-07-04,SUP-034,Pacific Rim Circuits,China,Electronics,Power Supply Unit 450W,Field Services,85.92,77,6615.84,Net 60,False,False
PO-2025-32652,2025-06-03,2025-06-10,2025-06-10,SUP-025,Cascade Semitech,USA,Electronics,Sensor Module SM-3,Retail Operations,32.65,686,22397.9,Net 30,True,False
PO-2025-32628,2025-06-04,2025-07-07,2025-07-07,SUP-032,Lotus Components,India,Electronics,Microcontroller MCU-9,Retail Operations,8.96,1866,16719.36,Net 45,True,False
PO-2025-32615,2025-06-04,2025-07-08,2025-07-08,SUP-034,Pacific Rim Circuits,China,Electronics,Power Supply Unit 450W,Field Services,85.18,145,12351.1,Net 30,True,False
PO-2025-32614,2025-06-04,2025-06-17,2025-06-17,SUP-036,Golden Dragon Components,China,Electronics,Power Supply Unit 450W,Manufacturing,81.7,217,17728.9,Net 15,True,False
PO-2025-32605,2025-06-04,2025-06-16,2025-06-19,SUP-028,Summit Components,USA,Electronics,PCB Assembly A-11,Corporate,63.97,452,28914.44,Net 15,True,False
PO-2025-32663,2025-06-04,2025-07-01,2025-07-01,SUP-025,Cascade Semitech,USA,Electronics,Connector Kit CK-8,Field Services,6.05,2562,15500.1,Net 30,True,False
PO-2025-32681,2025-06-04,2025-06-22,2025-06-22,SUP-028,Summit Components,USA,Electronics,Microcontroller MCU-9,Retail Operations,10.47,1479,15485.13,Net 60,True,False
PO-2025-32655,2025-06-04,2025-06-29,2025-06-29,SUP-035,Pacific Rim Semitech,China,Electronics,Power Supply Unit 450W,R&D,82.82,96,7950.72,Net 45,False,False
PO-2025-32672,2025-06-05,2025-06-16,2025-06-16,SUP-033,Busan Components,South Korea,Electronics,Power Supply Unit 450W,Retail Operations,71.69,126,9032.94,Net 60,True,False
PO-2025-32713,2025-06-05,2025-06-11,2025-06-11,SUP-025,Cascade Semitech,USA,Electronics,Power Supply Unit 450W,Retail Operations,82.0,143,11726.0,Net 15,True,False
PO-2025-32649,2025-06-05,2025-06-18,2025-06-18,SUP-028,Summit Components,USA,Electronics,Connector Kit CK-8,Corporate,6.03,1762,10624.86,Net 60,True,False
PO-2025-32717,2025-06-05,2025-06-14,2025-06-14,SUP-036,Golden Dragon Components,China,Electronics,Sensor Module SM-3,Retail Operations,31.04,942,29239.68,Net 45,True,False
PO-2025-32704,2025-06-06,2025-07-04,2025-07-04,SUP-028,Summit Components,USA,Electronics,Power Supply Unit 450W,Retail Operations,81.6,237,19339.2,Net 60,True,False
PO-2025-32647,2025-06-06,2025-07-01,2025-07-01,SUP-028,Summit Components,USA,Electronics,Microcontroller MCU-9,Retail Operations,9.98,2062,20578.76,Net 15,True,False
PO-2025-32634,2025-06-06,2025-07-10,2025-07-10,SUP-034,Pacific Rim Circuits,China,Electronics,Power Supply Unit 450W,R&D,79.15,198,15671.7,Net 60,True,False
PO-2025-32603,2025-06-06,2025-06-14,2025-06-14,SUP-022,Redwood Components,USA,Electronics,Power Supply Unit 450W,Manufacturing,73.85,111,8197.35,Net 60,True,False
PO-2025-32597,2025-06-06,2025-07-03,2025-07-20,SUP-029,Great Wall Components,China,Electronics,Sensor Module SM-3,Corporate,37.8,197,7446.6,Net 45,True,True
PO-2025-32674,2025-06-07,2025-06-26,2025-06-26,SUP-024,Sterling Components,USA,Electronics,Microcontroller MCU-9,Manufacturing,9.91,2441,24190.31,Net 45,True,False
PO-2025-32697,2025-06-07,2025-06-20,2025-06-20,SUP-036,Golden Dragon Components,China,Electronics,Sensor Module SM-3,Retail Operations,31.75,500,15875.0,Net 30,True,False
PO-2025-32691,2025-06-07,2025-06-22,2025-06-22,SUP-024,Sterling Components,USA,Electronics,Microcontroller MCU-9,Retail Operations,9.65,3630,35029.5,Net 45,True,False
PO-2025-32684,2025-06-07,2025-06-15,2025-06-15,SUP-028,Summit Components,USA,Electronics,PCB Assembly A-11,Retail Operations,61.51,388,23865.88,Net 45,True,False
PO-2025-32583,2025-06-07,2025-06-22,2025-06-22,SUP-032,Lotus Components,India,Electronics,PCB Assembly A-11,Corporate,58.14,285,16569.9,Net 60,True,False
PO-2025-32592,2025-06-07,2025-06-28,2025-06-28,SUP-034,Pacific Rim Circuits,China,Electronics,Microcontroller MCU-9,Field Services,9.25,3876,35853.0,Net 45,True,False
PO-2025-32664,2025-06-08,2025-06-22,2025-06-22,SUP-036,Golden Dragon Components,China,Electronics,Microcontroller MCU-9,Corporate,11.11,2506,27841.66,Net 30,True,False
PO-2025-32648,2025-06-08,2025-07-01,2025-07-01,SUP-024,Sterling Components,USA,Electronics,Power Supply Unit 450W,Corporate,89.9,177,15912.3,Net 30,True,False
PO-2025-32679,2025-06-08,2025-07-07,2025-07-07,SUP-027,Golden Dragon Circuits,China,Electronics,PCB Assembly A-11,Field Services,62.47,541,33796.27,Net 30,True,False
PO-2025-32711,2025-06-08,2025-06-28,2025-06-28,SUP-022,Redwood Components,USA,Electronics,Power Supply Unit 450W,Field Services,82.2,160,13152.0,Net 60,True,False
PO-2025-32612,2025-06-08,2025-06-18,2025-06-18,SUP-028,Summit Components,USA,Electronics,PCB Assembly A-11,Field Services,70.64,268,18931.52,Net 45,True,False
PO-2025-32586,2025-06-08,2025-06-24,2025-06-24,SUP-022,Redwood Components,USA,Electronics,PCB Assembly A-11,Retail Operations,62.26,538,33495.88,Net 30,True,False
PO-2025-32716,2025-06-08,2025-07-01,2025-07-01,SUP-025,Cascade Semitech,USA,Electronics,Sensor Module SM-3,Field Services,31.04,864,26818.56,Net 60,True,False
PO-2025-32712,2025-06-09,2025-06-30,2025-06-30,SUP-024,Sterling Components,USA,Electronics,Power Supply Unit 450W,Corporate,81.47,130,10591.1,Net 45,True,True
PO-2025-32585,2025-06-09,2025-06-23,2025-06-23,SUP-036,Golden Dragon Components,China,Electronics,PCB Assembly A-11,Field Services,72.5,181,13122.5,Net 45,False,False
PO-2025-32637,2025-06-09,2025-06-18,2025-06-19,SUP-025,Cascade Semitech,USA,Electronics,PCB Assembly A-11,Corporate,75.93,337,25588.41,Net 30,True,False
PO-2025-32617,2025-06-09,2025-06-26,2025-06-26,SUP-028,Summit Components,USA,Electronics,PCB Assembly A-11,Field Services,65.04,333,21658.32,Net 45,True,False
PO-2025-32621,2025-06-09,2025-07-08,2025-07-08,SUP-032,Lotus Components,India,Electronics,Microcontroller MCU-9,Corporate,8.41,2008,16887.28,Net 15,True,False
PO-2025-32625,2025-06-09,2025-07-06,2025-07-06,SUP-023,Schwarzwald Circuits,Germany,Electronics,Connector Kit CK-8,R&D,4.63,1128,5222.64,Net 60,True,False
PO-2025-32646,2025-06-10,2025-06-24,2025-06-24,SUP-025,Cascade Semitech,USA,Electronics,Microcontroller MCU-9,R&D,9.62,2597,24983.14,Net 60,True,False
PO-2025-32680,2025-06-10,2025-07-08,2025-07-08,SUP-036,Golden Dragon Components,China,Electronics,Connector Kit CK-8,Retail Operations,6.23,3134,19524.82,Net 45,True,False
PO-2025-32610,2025-06-10,2025-07-04,2025-07-04,SUP-025,Cascade Semitech,USA,Electronics,Microcontroller MCU-9,Field Services,10.83,2140,23176.2,Net 45,True,False
PO-2025-32688,2025-06-10,2025-06-24,2025-06-24,SUP-025,Cascade Semitech,USA,Electronics,Sensor Module SM-3,Corporate,31.44,782,24586.08,Net 30,True,False
PO-2025-32629,2025-06-10,2025-06-24,2025-06-24,SUP-025,Cascade Semitech,USA,Electronics,Microcontroller MCU-9,Manufacturing,9.34,1501,14019.34,Net 45,False,False
PO-2025-32642,2025-06-11,2025-06-23,2025-06-23,SUP-025,Cascade Semitech,USA,Electronics,PCB Assembly A-11,Corporate,68.8,628,43206.4,Net 60,True,False
PO-2025-32641,2025-06-11,2025-06-21,2025-06-21,SUP-033,Busan Components,South Korea,Electronics,Sensor Module SM-3,Corporate,27.04,689,18630.56,Net 60,True,False
PO-2025-32677,2025-06-11,2025-06-28,2025-06-28,SUP-028,Summit Components,USA,Electronics,Connector Kit CK-8,R&D,6.1,3562,21728.2,Net 30,True,False
PO-2025-32662,2025-06-11,2025-07-03,2025-07-18,SUP-029,Great Wall Components,China,Electronics,Power Supply Unit 450W,Manufacturing,83.75,162,13567.5,Net 60,True,False
PO-2025-32635,2025-06-11,2025-06-30,2025-06-30,SUP-024,Sterling Components,USA,Electronics,Sensor Module SM-3,R&D,31.54,521,16432.34,Net 45,True,False
PO-2025-32645,2025-06-12,2025-06-26,2025-06-26,SUP-033,Busan Components,South Korea,Electronics,Connector Kit CK-8,Manufacturing,5.13,3202,16426.26,Net 30,True,False
PO-2025-32699,2025-06-12,2025-06-28,2025-06-28,SUP-032,Lotus Components,India,Electronics,Connector Kit CK-8,Manufacturing,4.66,3623,16883.18,Net 15,True,False
PO-2025-32632,2025-06-12,2025-07-09,2025-07-09,SUP-032,Lotus Components,India,Electronics,Connector Kit CK-8,Manufacturing,4.67,2542,11871.14,Net 60,True,False
PO-2025-32598,2025-06-12,2025-07-12,2025-07-12,SUP-028,Summit Components,USA,Electronics,Microcontroller MCU-9,Retail Operations,10.25,2481,25430.25,Net 45,True,False
PO-2025-32611,2025-06-12,2025-07-08,2025-07-08,SUP-023,Schwarzwald Circuits,Germany,Electronics,Microcontroller MCU-9,Retail Operations,8.35,1691,14119.85,Net 30,True,True
PO-2025-32690,2025-06-13,2025-06-23,2025-07-02,SUP-029,Great Wall Components,China,Electronics,Power Supply Unit 450W,Corporate,88.29,72,6356.88,Net 45,True,False
PO-2025-32710,2025-06-13,2025-06-29,2025-06-29,SUP-028,Summit Components,USA,Electronics,Power Supply Unit 450W,Corporate,84.83,110,9331.3,Net 15,True,False
PO-2025-32616,2025-06-14,2025-07-05,2025-07-18,SUP-029,Great Wall Components,China,Electronics,Sensor Module SM-3,Manufacturing,26.85,340,9129.0,Net 30,True,False
PO-2025-32687,2025-06-14,2025-07-05,2025-07-05,SUP-025,Cascade Semitech,USA,Electronics,PCB Assembly A-11,Field Services,65.1,300,19530.0,Net 30,True,False
PO-2025-32693,2025-06-14,2025-07-17,2025-07-17,SUP-028,Summit Components,USA,Electronics,Sensor Module SM-3,R&D,30.8,428,13182.4,Net 30,True,False
PO-2025-32719,2025-06-14,2025-06-19,2025-06-19,SUP-025,Cascade Semitech,USA,Electronics,Connector Kit CK-8,Manufacturing,5.44,966,5255.04,Net 30,True,False
PO-2025-32640,2025-06-15,2025-06-29,2025-06-29,SUP-025,Cascade Semitech,USA,Electronics,Sensor Module SM-3,Retail Operations,32.06,237,7598.22,Net 15,True,False
PO-2025-32650,2025-06-15,2025-06-26,2025-06-26,SUP-028,Summit Components,USA,Electronics,Sensor Module SM-3,Corporate,33.21,772,25638.12,Net 30,True,False
PO-2025-32695,2025-06-15,2025-06-27,2025-06-27,SUP-025,Cascade Semitech,USA,Electronics,PCB Assembly A-11,R&D,62.08,561,34826.88,Net 45,True,False
PO-2025-32669,2025-06-15,2025-07-10,2025-07-10,SUP-025,Cascade Semitech,USA,Electronics,PCB Assembly A-11,Retail Operations,70.02,432,30248.64,Net 30,True,False
PO-2025-32651,2025-06-16,2025-07-18,2025-07-18,SUP-032,Lotus Components,India,Electronics,Sensor Module SM-3,R&D,26.7,146,3898.2,Net 60,True,False
PO-2025-32715,2025-06-16,2025-06-23,2025-06-23,SUP-028,Summit Components,USA,Electronics,Sensor Module SM-3,Manufacturing,30.61,757,23171.77,Net 45,True,False
PO-2025-32599,2025-06-16,2025-07-01,2025-07-01,SUP-025,Cascade Semitech,USA,Electronics,Power Supply Unit 450W,Manufacturing,85.25,254,21653.5,Net 45,True,False
PO-2025-32626,2025-06-16,2025-06-23,2025-06-23,SUP-034,Pacific Rim Circuits,China,Electronics,Connector Kit CK-8,Retail Operations,5.63,1257,7076.91,Net 60,True,False
PO-2025-32671,2025-06-16,2025-07-01,2025-07-01,SUP-033,Busan Components,South Korea,Electronics,Microcontroller MCU-9,Manufacturing,9.25,786,7270.5,Net 45,True,False
PO-2025-32624,2025-06-17,2025-07-20,2025-07-20,SUP-025,Cascade Semitech,USA,Electronics,Sensor Module SM-3,Retail Operations,31.73,120,3807.6,Net 30,True,False
PO-2025-32600,2025-06-17,2025-07-17,2025-07-17,SUP-025,Cascade Semitech,USA,Electronics,PCB Assembly A-11,Corporate,61.63,594,36608.22,Net 15,True,False
PO-2025-32720,2025-06-17,2025-07-11,2025-07-11,SUP-027,Golden Dragon Circuits,China,Electronics,PCB Assembly A-11,Retail Operations,68.16,794,54119.04,Net 45,True,False
PO-2025-32588,2025-06-17,2025-07-02,2025-07-02,SUP-022,Redwood Components,USA,Electronics,PCB Assembly A-11,Corporate,60.73,461,27996.53,Net 30,True,False
PO-2025-32609,2025-06-17,2025-06-23,2025-06-23,SUP-031,Hanseatic Circuits,Germany,Electronics,Sensor Module SM-3,Field Services,32.41,885,28682.85,Net 45,False,False
PO-2025-32633,2025-06-17,2025-07-03,2025-07-03,SUP-025,Cascade Semitech,USA,Electronics,Microcontroller MCU-9,Manufacturing,10.29,3152,32434.08,Net 60,True,False
PO-2025-32630,2025-06-17,2025-06-30,2025-06-30,SUP-032,Lotus Components,India,Electronics,PCB Assembly A-11,R&D,56.28,520,29265.6,Net 30,True,False
PO-2025-32700,2025-06-18,2025-06-25,2025-06-30,SUP-031,Hanseatic Circuits,Germany,Electronics,Power Supply Unit 450W,R&D,80.39,196,15756.44,Net 45,True,False
PO-2025-32707,2025-06-18,2025-06-25,2025-06-25,SUP-032,Lotus Components,India,Electronics,PCB Assembly A-11,R&D,53.04,182,9653.28,Net 30,False,False
PO-2025-32594,2025-06-18,2025-07-12,2025-07-12,SUP-022,Redwood Components,USA,Electronics,Sensor Module SM-3,Corporate,31.21,429,13389.09,Net 30,True,False
PO-2025-32673,2025-06-19,2025-07-14,2025-07-14,SUP-034,Pacific Rim Circuits,China,Electronics,PCB Assembly A-11,R&D,67.84,649,44028.16,Net 30,True,False
PO-2025-32714,2025-06-19,2025-06-28,2025-06-28,SUP-025,Cascade Semitech,USA,Electronics,Sensor Module SM-3,Manufacturing,31.74,554,17583.96,Net 45,True,False
PO-2025-32596,2025-06-19,2025-07-08,2025-07-08,SUP-028,Summit Components,USA,Electronics,Sensor Module SM-3,R&D,32.0,543,17376.0,Net 30,True,False
PO-2025-32620,2025-06-19,2025-07-18,2025-07-18,SUP-034,Pacific Rim Circuits,China,Electronics,PCB Assembly A-11,Retail Operations,69.32,387,26826.84,Net 45,False,False
PO-2025-32659,2025-06-20,2025-07-17,2025-07-17,SUP-028,Summit Components,USA,Electronics,Power Supply Unit 450W,R&D,78.84,110,8672.4,Net 30,True,False
PO-2025-32643,2025-06-20,2025-07-06,2025-07-06,SUP-032,Lotus Components,India,Electronics,Microcontroller MCU-9,Manufacturing,9.24,2284,21104.16,Net 30,True,True
PO-2025-32698,2025-06-20,2025-07-18,2025-07-18,SUP-025,Cascade Semitech,USA,Electronics,Sensor Module SM-3,Manufacturing,30.53,368,11235.04,Net 45,True,False
PO-2025-32718,2025-06-20,2025-07-19,2025-07-19,SUP-033,Busan Components,South Korea,Electronics,Microcontroller MCU-9,Field Services,9.17,1814,16634.38,Net 30,True,False
PO-2025-32591,2025-06-21,2025-07-09,2025-07-09,SUP-032,Lotus Components,India,Electronics,Connector Kit CK-8,Corporate,4.53,4034,18274.02,Net 45,False,False
PO-2025-32653,2025-06-21,2025-07-21,2025-07-21,SUP-024,Sterling Components,USA,Electronics,PCB Assembly A-11,Corporate,70.98,847,60120.06,Net 45,True,False
PO-2025-32590,2025-06-22,2025-07-03,2025-07-03,SUP-025,Cascade Semitech,USA,Electronics,Sensor Module SM-3,Field Services,30.03,331,9939.93,Net 30,True,False
PO-2025-32678,2025-06-22,2025-07-15,2025-07-15,SUP-025,Cascade Semitech,USA,Electronics,Sensor Module SM-3,R&D,34.54,531,18340.74,Net 45,True,False
PO-2025-32667,2025-06-22,2025-07-02,2025-07-12,SUP-029,Great Wall Components,China,Electronics,Power Supply Unit 450W,Corporate,85.5,133,11371.5,Net 60,True,True
PO-2025-32683,2025-06-22,2025-07-06,2025-07-06,SUP-036,Golden Dragon Components,China,Electronics,Power Supply Unit 450W,Manufacturing,89.64,125,11205.0,Net 30,True,False
PO-2025-32701,2025-06-23,2025-07-13,2025-07-13,SUP-034,Pacific Rim Circuits,China,Electronics,PCB Assembly A-11,Manufacturing,64.71,365,23619.15,Net 45,True,False
PO-2025-32706,2025-06-23,2025-07-23,2025-07-24,SUP-034,Pacific Rim Circuits,China,Electronics,Connector Kit CK-8,Corporate,5.04,4432,22337.28,Net 30,True,False
PO-2025-32661,2025-06-23,2025-07-13,2025-07-13,SUP-033,Busan Components,South Korea,Electronics,Connector Kit CK-8,Retail Operations,4.72,3379,15948.88,Net 30,True,False
PO-2025-32657,2025-06-23,2025-07-15,2025-07-15,SUP-028,Summit Components,USA,Electronics,Power Supply Unit 450W,Field Services,81.88,155,12691.4,Net 45,False,True
PO-2025-32721,2025-06-23,2025-06-29,2025-06-29,SUP-036,Golden Dragon Components,China,Electronics,Sensor Module SM-3,Manufacturing,32.84,908,29818.72,Net 30,True,False
PO-2025-32607,2025-06-24,2025-07-27,2025-07-27,SUP-024,Sterling Components,USA,Electronics,PCB Assembly A-11,R&D,65.76,379,24923.04,Net 45,False,False
PO-2025-32613,2025-06-24,2025-07-26,2025-07-26,SUP-026,Great Wall Circuits,China,Electronics,PCB Assembly A-11,Manufacturing,69.27,570,39483.9,Net 45,True,False
PO-2025-32660,2025-06-25,2025-07-21,2025-07-21,SUP-036,Golden Dragon Components,China,Electronics,Connector Kit CK-8,R&D,6.25,2439,15243.75,Net 30,True,False
PO-2025-32709,2025-06-25,2025-07-14,2025-07-14,SUP-033,Busan Components,South Korea,Electronics,Microcontroller MCU-9,Retail Operations,8.46,1394,11793.24,Net 45,True,False
PO-2025-32604,2025-06-25,2025-07-12,2025-07-12,SUP-034,Pacific Rim Circuits,China,Electronics,PCB Assembly A-11,Field Services,66.92,396,26500.32,Net 15,True,False
PO-2025-32708,2025-06-26,2025-07-18,2025-07-18,SUP-024,Sterling Components,USA,Electronics,Microcontroller MCU-9,R&D,10.11,1974,19957.14,Net 30,True,False
PO-2025-32644,2025-06-26,2025-07-14,2025-07-14,SUP-024,Sterling Components,USA,Electronics,PCB Assembly A-11,Manufacturing,66.26,237,15703.62,Net 30,True,False
PO-2025-32696,2025-06-26,2025-07-23,2025-07-27,SUP-022,Redwood Components,USA,Electronics,Connector Kit CK-8,Manufacturing,5.89,3106,18294.34,Net 30,True,False
PO-2025-32676,2025-06-26,2025-07-10,2025-07-10,SUP-033,Busan Components,South Korea,Electronics,Microcontroller MCU-9,R&D,9.49,2444,23193.56,Net 30,True,False
PO-2025-32694,2025-06-26,2025-07-21,2025-07-21,SUP-024,Sterling Components,USA,Electronics,Connector Kit CK-8,Field Services,5.74,3030,17392.2,Net 30,True,False
PO-2025-32656,2025-06-26,2025-07-26,2025-07-26,SUP-036,Golden Dragon Components,China,Electronics,Power Supply Unit 450W,R&D,91.41,123,11243.43,Net 30,True,False
PO-2025-32631,2025-06-27,2025-07-18,2025-07-18,SUP-025,Cascade Semitech,USA,Electronics,PCB Assembly A-11,Field Services,63.94,302,19309.88,Net 60,False,False
PO-2025-32622,2025-06-27,2025-07-11,2025-07-11,SUP-034,Pacific Rim Circuits,China,Electronics,Power Supply Unit 450W,Retail Operations,82.07,152,12474.64,Net 30,True,False
PO-2025-32654,2025-06-27,2025-07-12,2025-07-12,SUP-032,Lotus Components,India,Electronics,Microcontroller MCU-9,Manufacturing,8.45,2162,18268.9,Net 30,True,False
PO-2025-32636,2025-06-28,2025-07-03,2025-07-03,SUP-033,Busan Components,South Korea,Electronics,Sensor Module SM-3,Retail Operations,28.5,467,13309.5,Net 30,True,False
PO-2025-32595,2025-06-28,2025-07-12,2025-07-12,SUP-025,Cascade Semitech,USA,Electronics,Sensor Module SM-3,Retail Operations,34.01,813,27650.13,Net 30,True,False
PO-2025-32608,2025-06-28,2025-07-10,2025-07-10,SUP-032,Lotus Components,India,Electronics,Connector Kit CK-8,Retail Operations,4.81,2508,12063.48,Net 45,True,False
PO-2025-32627,2025-06-28,2025-07-23,2025-07-25,SUP-025,Cascade Semitech,USA,Electronics,Connector Kit CK-8,R&D,5.62,3274,18399.88,Net 45,True,False
PO-2025-32670,2025-06-29,2025-07-26,2025-07-28,SUP-034,Pacific Rim Circuits,China,Electronics,Sensor Module SM-3,Retail Operations,32.7,695,22726.5,Net 30,True,False
PO-2025-32587,2025-06-29,2025-07-21,2025-07-21,SUP-028,Summit Components,USA,Electronics,Sensor Module SM-3,Corporate,30.88,620,19145.6,Net 30,True,False
PO-2025-32658,2025-06-29,2025-07-14,2025-07-14,SUP-029,Great Wall Components,China,Electronics,Power Supply Unit 450W,Manufacturing,59.5,116,6902.0,Net 45,True,False
PO-2025-32702,2025-06-29,2025-08-02,2025-08-02,SUP-034,Pacific Rim Circuits,China,Electronics,Connector Kit CK-8,Retail Operations,5.8,2638,15300.4,Net 45,True,False
PO-2025-32703,2025-06-29,2025-07-20,2025-07-20,SUP-036,Golden Dragon Components,China,Electronics,Sensor Module SM-3,Retail Operations,31.22,336,10489.92,Net 30,True,False
PO-2025-32623,2025-06-29,2025-07-17,2025-07-17,SUP-022,Redwood Components,USA,Electronics,Sensor Module SM-3,Field Services,29.42,416,12238.72,Net 30,True,False
PO-2025-32689,2025-06-30,2025-07-23,2025-07-23,SUP-025,Cascade Semitech,USA,Electronics,Microcontroller MCU-9,Manufacturing,10.24,2571,26327.04,Net 45,True,False
PO-2025-32722,2025-06-30,2025-07-09,2025-07-09,SUP-022,Redwood Components,USA,Electronics,Power Supply Unit 450W,R&D,79.88,165,13180.2,Net 15,False,False
PO-2025-32638,2025-06-30,2025-07-30,2025-07-30,SUP-025,Cascade Semitech,USA,Electronics,PCB Assembly A-11,R&D,62.65,454,28443.1,Net 60,True,False
PO-2025-32589,2025-06-30,2025-07-16,2025-07-16,SUP-034,Pacific Rim Circuits,China,Electronics,Microcontroller MCU-9,Corporate,10.6,2932,31079.2,Net 15,True,False
PO-2025-32601,2025-06-30,2025-08-01,2025-08-01,SUP-032,Lotus Components,India,Electronics,Power Supply Unit 450W,R&D,78.63,124,9750.12,Net 45,True,False
PO-2025-32602,2025-06-30,2025-07-12,2025-07-12,SUP-035,Pacific Rim Semitech,China,Electronics,Power Supply Unit 450W,R&D,81.28,153,12435.84,Net 60,True,False
PO-2025-33653,2025-07-01,2025-07-14,2025-07-14,SUP-025,Cascade Semitech,USA,Electronics,Sensor Module SM-3,Manufacturing,31.21,683,21316.43,Net 30,True,False
PO-2025-33730,2025-07-01,2025-07-28,2025-07-28,SUP-028,Summit Components,USA,Electronics,Sensor Module SM-3,Retail Operations,31.63,715,22615.45,Net 30,True,False
PO-2025-33669,2025-07-01,2025-07-16,2025-07-16,SUP-022,Redwood Components,USA,Electronics,Power Supply Unit 450W,R&D,72.0,175,12600.0,Net 45,True,False
PO-2025-33788,2025-07-01,2025-07-06,2025-07-06,SUP-032,Lotus Components,India,Electronics,Connector Kit CK-8,Manufacturing,4.83,2402,11601.66,Net 45,True,False
PO-2025-33742,2025-07-02,2025-07-28,2025-08-13,SUP-029,Great Wall Components,China,Electronics,Connector Kit CK-8,Retail Operations,6.11,2949,18018.39,Net 30,True,False
PO-2025-33744,2025-07-02,2025-08-01,2025-08-01,SUP-036,Golden Dragon Components,China,Electronics,Power Supply Unit 450W,Corporate,90.05,173,15578.65,Net 45,True,False
PO-2025-33678,2025-07-02,2025-07-26,2025-07-26,SUP-032,Lotus Components,India,Electronics,Sensor Module SM-3,Field Services,27.53,534,14701.02,Net 45,True,False
PO-2025-33676,2025-07-03,2025-07-24,2025-07-24,SUP-028,Summit Components,USA,Electronics,Sensor Module SM-3,Corporate,31.77,452,14360.04,Net 45,True,False
PO-2025-33776,2025-07-03,2025-07-12,2025-07-12,SUP-025,Cascade Semitech,USA,Electronics,Microcontroller MCU-9,Retail Operations,10.49,2573,26990.77,Net 30,False,False
PO-2025-33682,2025-07-03,2025-07-31,2025-07-31,SUP-034,Pacific Rim Circuits,China,Electronics,Sensor Module SM-3,Retail Operations,31.7,655,20763.5,Net 30,True,False
PO-2025-33661,2025-07-03,2025-07-21,2025-07-21,SUP-028,Summit Components,USA,Electronics,Sensor Module SM-3,Corporate,31.15,749,23331.35,Net 45,True,False
PO-2025-33714,2025-07-04,2025-07-22,2025-07-22,SUP-035,Pacific Rim Semitech,China,Electronics,Sensor Module SM-3,Retail Operations,28.18,407,11469.26,Net 15,True,False
PO-2025-33720,2025-07-04,2025-07-18,2025-07-22,SUP-033,Busan Components,South Korea,Electronics,Sensor Module SM-3,R&D,29.25,617,18047.25,Net 30,True,False
PO-2025-33741,2025-07-04,2025-08-01,2025-08-01,SUP-036,Golden Dragon Components,China,Electronics,PCB Assembly A-11,Field Services,65.01,459,29839.59,Net 45,True,False
PO-2025-33767,2025-07-04,2025-07-29,2025-07-29,SUP-032,Lotus Components,India,Electronics,Connector Kit CK-8,R&D,5.12,3034,15534.08,Net 45,True,False
PO-2025-33769,2025-07-04,2025-07-27,2025-07-27,SUP-028,Summit Components,USA,Electronics,Connector Kit CK-8,Retail Operations,5.96,4536,27034.56,Net 60,True,False
PO-2025-33761,2025-07-04,2025-08-07,2025-08-07,SUP-033,Busan Components,South Korea,Electronics,PCB Assembly A-11,R&D,56.42,381,21496.02,Net 30,True,False
PO-2025-33752,2025-07-05,2025-07-31,2025-07-31,SUP-034,Pacific Rim Circuits,China,Electronics,Microcontroller MCU-9,R&D,9.37,2060,19302.2,Net 30,True,False
PO-2025-33660,2025-07-06,2025-07-14,2025-07-15,SUP-034,Pacific Rim Circuits,China,Electronics,Power Supply Unit 450W,Corporate,83.14,57,4738.98,Net 30,True,False
PO-2025-33783,2025-07-06,2025-08-05,2025-08-05,SUP-036,Golden Dragon Components,China,Electronics,PCB Assembly A-11,R&D,68.66,266,18263.56,Net 30,True,False
PO-2025-33708,2025-07-06,2025-08-02,2025-08-02,SUP-034,Pacific Rim Circuits,China,Electronics,Connector Kit CK-8,Corporate,5.61,6043,33901.23,Net 60,True,False
PO-2025-33757,2025-07-06,2025-08-06,2025-08-06,SUP-028,Summit Components,USA,Electronics,Microcontroller MCU-9,Field Services,10.67,2585,27581.95,Net 45,False,False
PO-2025-33707,2025-07-06,2025-07-29,2025-07-29,SUP-025,Cascade Semitech,USA,Electronics,PCB Assembly A-11,Manufacturing,66.51,192,12769.92,Net 45,True,False
PO-2025-33751,2025-07-06,2025-07-25,2025-07-25,SUP-022,Redwood Components,USA,Electronics,Sensor Module SM-3,Retail Operations,30.35,751,22792.85,Net 60,True,False
PO-2025-33658,2025-07-06,2025-07-19,2025-07-19,SUP-025,Cascade Semitech,USA,Electronics,Sensor Module SM-3,Field Services,29.67,418,12402.06,Net 30,False,False
PO-2025-33729,2025-07-07,2025-07-30,2025-07-30,SUP-026,Great Wall Circuits,China,Electronics,Microcontroller MCU-9,Field Services,10.21,3119,31844.99,Net 30,False,False
PO-2025-33671,2025-07-07,2025-07-19,2025-07-19,SUP-025,Cascade Semitech,USA,Electronics,Power Supply Unit 450W,Manufacturing,86.18,286,24647.48,Net 60,True,False
PO-2025-33725,2025-07-08,2025-07-16,2025-07-17,SUP-032,Lotus Components,India,Electronics,Microcontroller MCU-9,R&D,7.88,1759,13860.92,Net 30,True,False
PO-2025-33655,2025-07-08,2025-07-19,2025-07-19,SUP-025,Cascade Semitech,USA,Electronics,Sensor Module SM-3,Manufacturing,30.85,731,22551.35,Net 45,True,False
PO-2025-33726,2025-07-09,2025-07-28,2025-08-02,SUP-029,Great Wall Components,China,Electronics,Power Supply Unit 450W,R&D,97.51,125,12188.75,Net 30,False,False
PO-2025-33715,2025-07-09,2025-08-09,2025-08-09,SUP-036,Golden Dragon Components,China,Electronics,Power Supply Unit 450W,Corporate,88.81,169,15008.89,Net 45,True,False
PO-2025-33766,2025-07-09,2025-07-31,2025-07-31,SUP-025,Cascade Semitech,USA,Electronics,Sensor Module SM-3,Retail Operations,34.19,559,19112.21,Net 45,True,False
PO-2025-33706,2025-07-09,2025-07-31,2025-07-31,SUP-028,Summit Components,USA,Electronics,Power Supply Unit 450W,Retail Operations,83.93,88,7385.84,Net 45,True,False
PO-2025-33687,2025-07-09,2025-08-12,2025-08-12,SUP-022,Redwood Components,USA,Electronics,Power Supply Unit 450W,R&D,81.18,175,14206.5,Net 30,True,False
PO-2025-33677,2025-07-09,2025-08-07,2025-08-07,SUP-023,Schwarzwald Circuits,Germany,Electronics,Connector Kit CK-8,R&D,4.87,3315,16144.05,Net 30,True,False
PO-2025-33693,2025-07-10,2025-08-11,2025-08-13,SUP-022,Redwood Components,USA,Electronics,Connector Kit CK-8,Corporate,5.15,3534,18200.1,Net 60,True,False
PO-2025-33666,2025-07-10,2025-07-25,2025-07-25,SUP-025,Cascade Semitech,USA,Electronics,Sensor Module SM-3,Retail Operations,30.67,516,15825.72,Net 45,True,False
PO-2025-33711,2025-07-10,2025-07-20,2025-07-20,SUP-025,Cascade Semitech,USA,Electronics,Power Supply Unit 450W,Field Services,84.49,242,20446.58,Net 45,True,False
PO-2025-33685,2025-07-10,2025-08-03,2025-08-03,SUP-034,Pacific Rim Circuits,China,Electronics,Connector Kit CK-8,Corporate,5.73,3424,19619.52,Net 15,True,False
PO-2025-33722,2025-07-10,2025-07-18,2025-07-18,SUP-034,Pacific Rim Circuits,China,Electronics,Connector Kit CK-8,Field Services,5.54,3183,17633.82,Net 30,False,False
PO-2025-33796,2025-07-10,2025-07-28,2025-07-28,SUP-028,Summit Components,USA,Electronics,Power Supply Unit 450W,Manufacturing,88.53,250,22132.5,Net 30,True,False
PO-2025-33777,2025-07-11,2025-08-03,2025-08-03,SUP-034,Pacific Rim Circuits,China,Electronics,PCB Assembly A-11,Retail Operations,63.35,207,13113.45,Net 30,True,False
PO-2025-33668,2025-07-11,2025-07-18,2025-07-18,SUP-028,Summit Components,USA,Electronics,Microcontroller MCU-9,Corporate,9.47,2971,28135.37,Net 60,True,False
PO-2025-33779,2025-07-11,2025-07-23,2025-07-23,SUP-022,Redwood Components,USA,Electronics,Connector Kit CK-8,Retail Operations,5.79,1850,10711.5,Net 15,True,False
PO-2025-33656,2025-07-11,2025-08-14,2025-08-14,SUP-028,Summit Components,USA,Electronics,Microcontroller MCU-9,Corporate,10.06,3460,34807.6,Net 60,True,False
PO-2025-33713,2025-07-11,2025-07-29,2025-07-29,SUP-022,Redwood Components,USA,Electronics,Sensor Module SM-3,Field Services,28.06,555,15573.3,Net 30,True,False
PO-2025-33747,2025-07-11,2025-08-04,2025-08-14,SUP-029,Great Wall Components,China,Electronics,PCB Assembly A-11,Retail Operations,76.02,452,34361.04,Net 15,True,False
PO-2025-33758,2025-07-11,2025-07-22,2025-07-22,SUP-028,Summit Components,USA,Electronics,PCB Assembly A-11,Retail Operations,67.7,543,36761.1,Net 45,True,False
PO-2025-33705,2025-07-12,2025-08-08,2025-08-08,SUP-028,Summit Components,USA,Electronics,Microcontroller MCU-9,Manufacturing,10.13,3248,32902.24,Net 30,True,False
PO-2025-33690,2025-07-12,2025-07-17,2025-07-17,SUP-028,Summit Components,USA,Electronics,Microcontroller MCU-9,Retail Operations,10.03,3470,34804.1,Net 30,True,False
PO-2025-33739,2025-07-13,2025-08-13,2025-08-13,SUP-034,Pacific Rim Circuits,China,Electronics,Connector Kit CK-8,Field Services,5.46,3346,18269.16,Net 15,True,False
PO-2025-33692,2025-07-13,2025-08-07,2025-08-07,SUP-028,Summit Components,USA,Electronics,Sensor Module SM-3,Manufacturing,31.55,744,23473.2,Net 30,True,False
PO-2025-33724,2025-07-13,2025-07-23,2025-07-23,SUP-023,Schwarzwald Circuits,Germany,Electronics,Power Supply Unit 450W,Field Services,68.44,210,14372.4,Net 30,True,False
PO-2025-33790,2025-07-13,2025-08-10,2025-08-10,SUP-028,Summit Components,USA,Electronics,Microcontroller MCU-9,Corporate,9.44,3108,29339.52,Net 15,True,False
PO-2025-33786,2025-07-13,2025-08-08,2025-08-08,SUP-022,Redwood Components,USA,Electronics,Connector Kit CK-8,R&D,5.21,4251,22147.71,Net 30,True,False
PO-2025-33703,2025-07-14,2025-08-14,2025-08-14,SUP-022,Redwood Components,USA,Electronics,PCB Assembly A-11,Retail Operations,63.02,406,25586.12,Net 45,True,False
PO-2025-33768,2025-07-14,2025-08-17,2025-08-17,SUP-033,Busan Components,South Korea,Electronics,Power Supply Unit 450W,Field Services,81.69,151,12335.19,Net 30,True,False
PO-2025-33683,2025-07-14,2025-07-29,2025-07-29,SUP-033,Busan Components,South Korea,Electronics,Connector Kit CK-8,Manufacturing,5.27,3157,16637.39,Net 30,True,False
PO-2025-33662,2025-07-14,2025-07-22,2025-07-22,SUP-032,Lotus Components,India,Electronics,Microcontroller MCU-9,R&D,8.88,979,8693.52,Net 60,True,False
PO-2025-33674,2025-07-15,2025-07-26,2025-07-26,SUP-022,Redwood Components,USA,Electronics,Microcontroller MCU-9,Field Services,9.64,2843,27406.52,Net 60,False,False
PO-2025-33657,2025-07-15,2025-07-28,2025-07-28,SUP-028,Summit Components,USA,Electronics,Sensor Module SM-3,R&D,33.58,755,25352.9,Net 45,True,False
PO-2025-33754,2025-07-15,2025-08-14,2025-08-14,SUP-033,Busan Components,South Korea,Electronics,Sensor Module SM-3,R&D,27.43,835,22904.05,Net 45,True,False
PO-2025-33793,2025-07-15,2025-07-30,2025-07-30,SUP-033,Busan Components,South Korea,Electronics,Connector Kit CK-8,Field Services,4.68,4065,19024.2,Net 15,True,False
PO-2025-33745,2025-07-15,2025-07-27,2025-07-27,SUP-034,Pacific Rim Circuits,China,Electronics,PCB Assembly A-11,Field Services,68.42,318,21757.56,Net 60,True,False
PO-2025-33652,2025-07-16,2025-07-22,2025-07-22,SUP-032,Lotus Components,India,Electronics,PCB Assembly A-11,Manufacturing,60.01,287,17222.87,Net 30,True,False
PO-2025-33734,2025-07-16,2025-08-05,2025-08-05,SUP-028,Summit Components,USA,Electronics,PCB Assembly A-11,Retail Operations,67.93,619,42048.67,Net 15,True,False
PO-2025-33774,2025-07-16,2025-08-01,2025-08-01,SUP-036,Golden Dragon Components,China,Electronics,Sensor Module SM-3,Retail Operations,32.79,584,19149.36,Net 15,True,False
PO-2025-33675,2025-07-16,2025-08-07,2025-08-09,SUP-036,Golden Dragon Components,China,Electronics,Microcontroller MCU-9,R&D,10.51,2897,30447.47,Net 30,True,False
PO-2025-33731,2025-07-17,2025-08-01,2025-08-02,SUP-028,Summit Components,USA,Electronics,Sensor Module SM-3,Manufacturing,31.98,419,13399.62,Net 30,True,False
PO-2025-33795,2025-07-17,2025-07-31,2025-07-31,SUP-028,Summit Components,USA,Electronics,Microcontroller MCU-9,Field Services,10.52,1377,14486.04,Net 60,True,False
PO-2025-33784,2025-07-17,2025-07-24,2025-07-24,SUP-022,Redwood Components,USA,Electronics,Connector Kit CK-8,Corporate,5.23,3946,20637.58,Net 30,True,False
PO-2025-33679,2025-07-17,2025-08-14,2025-08-14,SUP-033,Busan Components,South Korea,Electronics,Connector Kit CK-8,Field Services,5.07,4262,21608.34,Net 30,False,False
PO-2025-33750,2025-07-18,2025-08-10,2025-08-10,SUP-032,Lotus Components,India,Electronics,Microcontroller MCU-9,R&D,8.54,2015,17208.1,Net 45,True,False
PO-2025-33665,2025-07-18,2025-08-17,2025-08-17,SUP-028,Summit Components,USA,Electronics,Microcontroller MCU-9,Corporate,10.08,3039,30633.12,Net 30,True,False
PO-2025-33770,2025-07-18,2025-08-16,2025-08-16,SUP-035,Pacific Rim Semitech,China,Electronics,Sensor Module SM-3,R&D,31.37,468,14681.16,Net 30,False,False
PO-2025-33738,2025-07-18,2025-08-09,2025-08-19,SUP-029,Great Wall Components,China,Electronics,PCB Assembly A-11,R&D,56.82,309,17557.38,Net 45,True,False
PO-2025-33762,2025-07-18,2025-08-06,2025-08-06,SUP-028,Summit Components,USA,Electronics,Connector Kit CK-8,Corporate,6.22,3891,24202.02,Net 45,True,False
PO-2025-33654,2025-07-18,2025-08-21,2025-08-30,SUP-029,Great Wall Components,China,Electronics,Power Supply Unit 450W,Manufacturing,91.31,158,14426.98,Net 30,True,False
PO-2025-33732,2025-07-18,2025-08-12,2025-08-17,SUP-033,Busan Components,South Korea,Electronics,PCB Assembly A-11,Field Services,59.37,445,26419.65,Net 30,True,False
PO-2025-33736,2025-07-18,2025-08-12,2025-08-12,SUP-022,Redwood Components,USA,Electronics,Sensor Module SM-3,Retail Operations,30.64,714,21876.96,Net 30,True,False
PO-2025-33695,2025-07-19,2025-08-06,2025-08-06,SUP-034,Pacific Rim Circuits,China,Electronics,Power Supply Unit 450W,Field Services,79.86,226,18048.36,Net 60,True,False
PO-2025-33673,2025-07-19,2025-08-20,2025-08-20,SUP-022,Redwood Components,USA,Electronics,Power Supply Unit 450W,R&D,76.37,203,15503.11,Net 30,True,False
PO-2025-33727,2025-07-19,2025-08-05,2025-08-05,SUP-024,Sterling Components,USA,Electronics,Power Supply Unit 450W,Manufacturing,84.19,63,5303.97,Net 15,True,False
PO-2025-33760,2025-07-19,2025-08-08,2025-08-10,SUP-022,Redwood Components,USA,Electronics,Microcontroller MCU-9,R&D,9.48,3094,29331.12,Net 30,True,False
PO-2025-33764,2025-07-19,2025-07-27,2025-07-27,SUP-033,Busan Components,South Korea,Electronics,Microcontroller MCU-9,Corporate,9.05,3474,31439.7,Net 60,True,False
PO-2025-33765,2025-07-20,2025-08-02,2025-08-02,SUP-027,Golden Dragon Circuits,China,Electronics,Power Supply Unit 450W,Retail Operations,90.14,230,20732.2,Net 60,True,False
PO-2025-33740,2025-07-20,2025-08-21,2025-08-21,SUP-036,Golden Dragon Components,China,Electronics,Power Supply Unit 450W,Manufacturing,93.04,139,12932.56,Net 30,True,False
PO-2025-33737,2025-07-20,2025-08-01,2025-08-01,SUP-024,Sterling Components,USA,Electronics,PCB Assembly A-11,Retail Operations,67.59,308,20817.72,Net 45,True,False
PO-2025-33689,2025-07-20,2025-08-21,2025-08-26,SUP-024,Sterling Components,USA,Electronics,Microcontroller MCU-9,Manufacturing,9.37,1658,15535.46,Net 30,True,False
PO-2025-33763,2025-07-21,2025-07-26,2025-07-26,SUP-034,Pacific Rim Circuits,China,Electronics,Sensor Module SM-3,Field Services,31.1,198,6157.8,Net 30,True,False
PO-2025-33794,2025-07-22,2025-08-05,2025-08-06,SUP-035,Pacific Rim Semitech,China,Electronics,Microcontroller MCU-9,Retail Operations,9.43,2064,19463.52,Net 15,True,False
PO-2025-33664,2025-07-22,2025-08-16,2025-08-16,SUP-034,Pacific Rim Circuits,China,Electronics,PCB Assembly A-11,Field Services,60.15,257,15458.55,Net 45,False,False
PO-2025-33696,2025-07-22,2025-08-01,2025-08-02,SUP-036,Golden Dragon Components,China,Electronics,Connector Kit CK-8,R&D,5.95,3912,23276.4,Net 45,True,False
PO-2025-33697,2025-07-22,2025-08-11,2025-08-11,SUP-035,Pacific Rim Semitech,China,Electronics,Power Supply Unit 450W,Retail Operations,82.53,151,12462.03,Net 30,True,False
PO-2025-33663,2025-07-22,2025-08-10,2025-08-10,SUP-028,Summit Components,USA,Electronics,PCB Assembly A-11,Field Services,65.67,101,6632.67,Net 30,False,False
PO-2025-33712,2025-07-22,2025-08-12,2025-08-12,SUP-035,Pacific Rim Semitech,China,Electronics,Microcontroller MCU-9,Field Services,8.98,2817,25296.66,Net 45,True,False
PO-2025-33792,2025-07-23,2025-08-05,2025-08-05,SUP-022,Redwood Components,USA,Electronics,Power Supply Unit 450W,Retail Operations,78.31,71,5560.01,Net 45,True,False
PO-2025-33772,2025-07-23,2025-08-07,2025-08-11,SUP-022,Redwood Components,USA,Electronics,Connector Kit CK-8,Corporate,5.33,1816,9679.28,Net 45,True,False
PO-2025-33781,2025-07-23,2025-08-14,2025-08-14,SUP-028,Summit Components,USA,Electronics,PCB Assembly A-11,Field Services,72.25,213,15389.25,Net 45,False,False
PO-2025-33785,2025-07-23,2025-08-23,2025-08-23,SUP-025,Cascade Semitech,USA,Electronics,PCB Assembly A-11,Corporate,69.26,205,14198.3,Net 15,True,False
PO-2025-33791,2025-07-23,2025-08-21,2025-08-21,SUP-025,Cascade Semitech,USA,Electronics,PCB Assembly A-11,Corporate,64.9,319,20703.1,Net 30,True,False
PO-2025-33672,2025-07-24,2025-08-07,2025-08-07,SUP-036,Golden Dragon Components,China,Electronics,Microcontroller MCU-9,Corporate,10.28,2114,21731.92,Net 45,True,False
PO-2025-33775,2025-07-24,2025-08-03,2025-08-03,SUP-025,Cascade Semitech,USA,Electronics,Microcontroller MCU-9,Field Services,10.46,3429,35867.34,Net 30,False,False
PO-2025-33773,2025-07-24,2025-08-27,2025-08-27,SUP-032,Lotus Components,India,Electronics,Power Supply Unit 450W,Retail Operations,67.46,162,10928.52,Net 60,True,False
PO-2025-33681,2025-07-24,2025-08-24,2025-08-24,SUP-024,Sterling Components,USA,Electronics,Microcontroller MCU-9,Field Services,10.52,2157,22691.64,Net 30,True,False
PO-2025-33759,2025-07-24,2025-08-12,2025-08-12,SUP-036,Golden Dragon Components,China,Electronics,Power Supply Unit 450W,R&D,78.68,146,11487.28,Net 45,False,False
PO-2025-33749,2025-07-24,2025-08-22,2025-08-22,SUP-025,Cascade Semitech,USA,Electronics,Connector Kit CK-8,Retail Operations,5.89,2807,16533.23,Net 45,True,False
PO-2025-33716,2025-07-24,2025-08-05,2025-08-05,SUP-034,Pacific Rim Circuits,China,Electronics,Connector Kit CK-8,Corporate,5.79,4049,23443.71,Net 45,True,False
PO-2025-33680,2025-07-25,2025-08-01,2025-08-01,SUP-028,Summit Components,USA,Electronics,Power Supply Unit 450W,Corporate,92.44,58,5361.52,Net 30,True,False
PO-2025-33694,2025-07-25,2025-08-16,2025-08-16,SUP-025,Cascade Semitech,USA,Electronics,PCB Assembly A-11,Corporate,73.15,412,30137.8,Net 60,True,False
PO-2025-33670,2025-07-25,2025-08-28,2025-09-14,SUP-029,Great Wall Components,China,Electronics,Connector Kit CK-8,Field Services,5.55,4804,26662.2,Net 30,False,False
PO-2025-33780,2025-07-25,2025-08-28,2025-08-28,SUP-025,Cascade Semitech,USA,Electronics,Microcontroller MCU-9,R&D,9.95,2834,28198.3,Net 45,True,False
PO-2025-33748,2025-07-25,2025-08-17,2025-08-17,SUP-034,Pacific Rim Circuits,China,Electronics,Sensor Module SM-3,Manufacturing,29.28,228,6675.84,Net 45,True,False
PO-2025-33733,2025-07-25,2025-08-11,2025-08-11,SUP-036,Golden Dragon Components,China,Electronics,Power Supply Unit 450W,R&D,87.51,129,11288.79,Net 15,True,True
PO-2025-33728,2025-07-25,2025-08-20,2025-09-01,SUP-029,Great Wall Components,China,Electronics,PCB Assembly A-11,Corporate,73.5,447,32854.5,Net 30,True,True
PO-2025-33651,2025-07-26,2025-08-04,2025-08-06,SUP-034,Pacific Rim Circuits,China,Electronics,Connector Kit CK-8,R&D,5.39,3757,20250.23,Net 30,False,False
PO-2025-33700,2025-07-26,2025-08-03,2025-08-03,SUP-034,Pacific Rim Circuits,China,Electronics,PCB Assembly A-11,Corporate,67.99,357,24272.43,Net 15,True,False
PO-2025-33798,2025-07-26,2025-08-02,2025-08-02,SUP-028,Summit Components,USA,Electronics,Connector Kit CK-8,Manufacturing,6.06,2064,12507.84,Net 30,True,False
PO-2025-33717,2025-07-26,2025-08-25,2025-08-25,SUP-028,Summit Components,USA,Electronics,PCB Assembly A-11,Retail Operations,68.44,275,18821.0,Net 15,True,False
PO-2025-33723,2025-07-26,2025-08-13,2025-08-13,SUP-033,Busan Components,South Korea,Electronics,PCB Assembly A-11,Corporate,54.66,60,3279.6,Net 30,True,False
PO-2025-33688,2025-07-27,2025-08-15,2025-08-15,SUP-028,Summit Components,USA,Electronics,Sensor Module SM-3,Manufacturing,33.66,690,23225.4,Net 30,True,False
PO-2025-33746,2025-07-27,2025-08-14,2025-08-14,SUP-025,Cascade Semitech,USA,Electronics,Power Supply Unit 450W,Retail Operations,87.89,260,22851.4,Net 45,True,False
PO-2025-33719,2025-07-27,2025-08-18,2025-08-18,SUP-036,Golden Dragon Components,China,Electronics,Microcontroller MCU-9,R&D,10.09,2327,23479.43,Net 15,True,False
PO-2025-33771,2025-07-27,2025-08-30,2025-08-30,SUP-025,Cascade Semitech,USA,Electronics,Sensor Module SM-3,R&D,30.78,598,18406.44,Net 45,True,False
PO-2025-33778,2025-07-27,2025-08-08,2025-08-08,SUP-022,Redwood Components,USA,Electronics,Microcontroller MCU-9,Retail Operations,8.95,3223,28845.85,Net 45,True,False
PO-2025-33710,2025-07-27,2025-08-20,2025-08-20,SUP-028,Summit Components,USA,Electronics,Power Supply Unit 450W,Corporate,82.59,246,20317.14,Net 30,True,False
PO-2025-33709,2025-07-27,2025-08-09,2025-08-13,SUP-036,Golden Dragon Components,China,Electronics,Sensor Module SM-3,Field Services,34.4,445,15308.0,Net 30,True,False
PO-2025-33704,2025-07-28,2025-08-04,2025-08-04,SUP-025,Cascade Semitech,USA,Electronics,Connector Kit CK-8,Retail Operations,6.09,4292,26138.28,Net 30,True,False
PO-2025-33702,2025-07-28,2025-08-26,2025-08-26,SUP-028,Summit Components,USA,Electronics,PCB Assembly A-11,Retail Operations,67.95,739,50215.05,Net 60,True,False
PO-2025-33753,2025-07-28,2025-08-27,2025-08-27,SUP-036,Golden Dragon Components,China,Electronics,Power Supply Unit 450W,R&D,88.43,221,19543.03,Net 45,True,False
PO-2025-33698,2025-07-29,2025-08-20,2025-08-20,SUP-030,Sterling Semitech,USA,Electronics,Sensor Module SM-3,Field Services,28.32,723,20475.36,Net 45,True,False
PO-2025-33691,2025-07-29,2025-08-26,2025-08-26,SUP-033,Busan Components,South Korea,Electronics,Connector Kit CK-8,Retail Operations,4.79,2410,11543.9,Net 30,True,False
PO-2025-33699,2025-07-29,2025-08-18,2025-08-18,SUP-033,Busan Components,South Korea,Electronics,Sensor Module SM-3,R&D,25.34,501,12695.34,Net 30,False,False
PO-2025-33789,2025-07-29,2025-08-25,2025-08-25,SUP-025,Cascade Semitech,USA,Electronics,PCB Assembly A-11,R&D,66.5,364,24206.0,Net 60,True,False
PO-2025-33756,2025-07-29,2025-08-18,2025-08-21,SUP-025,Cascade Semitech,USA,Electronics,Sensor Module SM-3,Manufacturing,31.9,867,27657.3,Net 15,True,False
PO-2025-33721,2025-07-30,2025-08-05,2025-08-07,SUP-034,Pacific Rim Circuits,China,Electronics,Sensor Module SM-3,Manufacturing,30.21,365,11026.65,Net 30,True,False
PO-2025-33797,2025-07-30,2025-08-05,2025-08-05,SUP-033,Busan Components,South Korea,Electronics,PCB Assembly A-11,R&D,60.55,424,25673.2,Net 45,True,False
PO-2025-33659,2025-07-30,2025-08-27,2025-08-27,SUP-034,Pacific Rim Circuits,China,Electronics,Sensor Module SM-3,Manufacturing,32.2,837,26951.4,Net 30,True,False
PO-2025-33718,2025-07-30,2025-08-29,2025-08-29,SUP-032,Lotus Components,India,Electronics,PCB Assembly A-11,Field Services,57.81,576,33298.56,Net 30,True,False
PO-2025-33787,2025-07-30,2025-08-12,2025-08-17,SUP-022,Redwood Components,USA,Electronics,Connector Kit CK-8,Field Services,5.65,3000,16950.0,Net 45,True,False
PO-2025-33782,2025-07-31,2025-08-22,2025-08-22,SUP-036,Golden Dragon Components,China,Electronics,PCB Assembly A-11,R&D,70.12,375,26295.0,Net 30,True,False
PO-2025-33735,2025-07-31,2025-08-11,2025-08-11,SUP-028,Summit Components,USA,Electronics,PCB Assembly A-11,R&D,69.35,364,25243.4,Net 45,False,False
PO-2025-33667,2025-07-31,2025-08-17,2025-08-18,SUP-028,Summit Components,USA,Electronics,Power Supply Unit 450W,Corporate,86.81,108,9375.48,Net 45,True,False
PO-2025-33701,2025-07-31,2025-08-19,2025-08-22,SUP-028,Summit Components,USA,Electronics,PCB Assembly A-11,Manufacturing,68.85,297,20448.45,Net 60,True,False
PO-2025-33686,2025-07-31,2025-08-27,2025-08-27,SUP-029,Great Wall Components,China,Electronics,Sensor Module SM-3,Corporate,36.95,617,22798.15,Net 45,False,False
PO-2025-33684,2025-07-31,2025-08-25,2025-08-25,SUP-028,Summit Components,USA,Electronics,Connector Kit CK-8,Corporate,6.12,625,3825.0,Net 45,True,False
PO-2025-33755,2025-07-31,2025-08-30,2025-08-30,SUP-022,Redwood Components,USA,Electronics,Power Supply Unit 450W,Retail Operations,82.49,171,14105.79,Net 45,True,False
PO-2025-33743,2025-07-31,2025-08-19,2025-08-19,SUP-028,Summit Components,USA,Electronics,Sensor Module SM-3,Retail Operations,30.39,807,24524.73,Net 45,True,False
PO-2025-34820,2025-08-01,2025-08-24,2025-08-24,SUP-034,Pacific Rim Circuits,China,Electronics,Microcontroller MCU-9,Field Services,9.59,2208,21174.72,Net 15,False,False
PO-2025-34767,2025-08-01,2025-08-10,2025-08-10,SUP-033,Busan Components,South Korea,Electronics,Sensor Module SM-3,Retail Operations,27.25,458,12480.5,Net 45,True,False
PO-2025-34740,2025-08-02,2025-09-02,2025-09-17,SUP-029,Great Wall Components,China,Electronics,Power Supply Unit 450W,R&D,84.98,144,12237.12,Net 30,False,False
PO-2025-34715,2025-08-02,2025-08-08,2025-08-19,SUP-029,Great Wall Components,China,Electronics,Microcontroller MCU-9,Manufacturing,6.79,2294,15576.26,Net 15,True,False
PO-2025-34823,2025-08-02,2025-08-16,2025-08-17,SUP-036,Golden Dragon Components,China,Electronics,Sensor Module SM-3,Field Services,33.96,572,19425.12,Net 45,True,False
PO-2025-34756,2025-08-02,2025-08-11,2025-08-11,SUP-032,Lotus Components,India,Electronics,Sensor Module SM-3,R&D,28.69,523,15004.87,Net 45,False,False
PO-2025-34828,2025-08-02,2025-08-14,2025-08-14,SUP-024,Sterling Components,USA,Electronics,Sensor Module SM-3,Manufacturing,30.12,604,18192.48,Net 30,True,False
PO-2025-34774,2025-08-03,2025-08-08,2025-08-08,SUP-022,Redwood Components,USA,Electronics,Connector Kit CK-8,R&D,5.11,1314,6714.54,Net 60,True,False
PO-2025-34821,2025-08-03,2025-08-08,2025-08-08,SUP-026,Great Wall Circuits,China,Electronics,Connector Kit CK-8,Corporate,6.13,3481,21338.53,Net 45,True,False
PO-2025-34789,2025-08-03,2025-08-24,2025-08-24,SUP-022,Redwood Components,USA,Electronics,Power Supply Unit 450W,Retail Operations,79.33,95,7536.35,Net 30,True,False
PO-2025-34734,2025-08-03,2025-08-15,2025-08-15,SUP-028,Summit Components,USA,Electronics,Power Supply Unit 450W,Corporate,86.16,206,17748.96,Net 30,True,False
PO-2025-34804,2025-08-04,2025-08-22,2025-08-22,SUP-024,Sterling Components,USA,Electronics,Microcontroller MCU-9,Manufacturing,9.88,2402,23731.76,Net 45,True,False
PO-2025-34768,2025-08-04,2025-09-05,2025-09-05,SUP-028,Summit Components,USA,Electronics,Sensor Module SM-3,Retail Operations,30.76,486,14949.36,Net 60,True,False
PO-2025-34711,2025-08-04,2025-09-02,2025-09-21,SUP-029,Great Wall Components,China,Electronics,Connector Kit CK-8,Retail Operations,5.9,2410,14219.0,Net 30,True,False
PO-2025-34769,2025-08-04,2025-08-09,2025-08-18,SUP-029,Great Wall Components,China,Electronics,Power Supply Unit 450W,R&D,87.23,158,13782.34,Net 30,True,False
PO-2025-34739,2025-08-05,2025-09-07,2025-09-07,SUP-036,Golden Dragon Components,China,Electronics,Connector Kit CK-8,R&D,5.92,4055,24005.6,Net 60,True,False
PO-2025-34773,2025-08-05,2025-09-07,2025-09-09,SUP-028,Summit Components,USA,Electronics,Sensor Module SM-3,Retail Operations,31.85,926,29493.1,Net 60,True,False
PO-2025-34806,2025-08-05,2025-08-26,2025-08-26,SUP-028,Summit Components,USA,Electronics,Power Supply Unit 450W,R&D,87.73,93,8158.89,Net 30,False,False
PO-2025-34781,2025-08-05,2025-08-27,2025-08-27,SUP-028,Summit Components,USA,Electronics,Connector Kit CK-8,R&D,5.65,4179,23611.35,Net 30,True,False
PO-2025-34778,2025-08-06,2025-09-04,2025-09-09,SUP-028,Summit Components,USA,Electronics,Sensor Module SM-3,R&D,33.22,544,18071.68,Net 45,True,False
PO-2025-34825,2025-08-06,2025-08-19,2025-08-19,SUP-027,Golden Dragon Circuits,China,Electronics,Power Supply Unit 450W,Field Services,81.82,186,15218.52,Net 15,True,False
PO-2025-34737,2025-08-06,2025-08-25,2025-08-29,SUP-022,Redwood Components,USA,Electronics,PCB Assembly A-11,Manufacturing,67.33,263,17707.79,Net 30,True,False
PO-2025-34766,2025-08-07,2025-09-08,2025-09-08,SUP-033,Busan Components,South Korea,Electronics,Sensor Module SM-3,Corporate,28.23,776,21906.48,Net 30,False,False
PO-2025-34709,2025-08-07,2025-08-23,2025-08-24,SUP-031,Hanseatic Circuits,Germany,Electronics,Sensor Module SM-3,Manufacturing,30.29,773,23414.17,Net 15,True,False
PO-2025-34727,2025-08-07,2025-08-13,2025-08-13,SUP-033,Busan Components,South Korea,Electronics,Power Supply Unit 450W,Manufacturing,70.74,222,15704.28,Net 60,True,False
PO-2025-34716,2025-08-08,2025-08-21,2025-08-21,SUP-024,Sterling Components,USA,Electronics,Power Supply Unit 450W,Manufacturing,89.56,184,16479.04,Net 30,True,False
PO-2025-34747,2025-08-08,2025-08-15,2025-08-15,SUP-036,Golden Dragon Components,China,Electronics,Power Supply Unit 450W,Manufacturing,89.67,59,5290.53,Net 45,True,False
PO-2025-34765,2025-08-08,2025-09-01,2025-09-01,SUP-030,Sterling Semitech,USA,Electronics,Power Supply Unit 450W,Manufacturing,88.04,281,24739.24,Net 45,True,False
PO-2025-34792,2025-08-09,2025-08-30,2025-08-30,SUP-027,Golden Dragon Circuits,China,Electronics,PCB Assembly A-11,Field Services,62.91,358,22521.78,Net 30,True,False
PO-2025-34759,2025-08-09,2025-08-19,2025-08-19,SUP-034,Pacific Rim Circuits,China,Electronics,PCB Assembly A-11,Manufacturing,64.07,210,13454.7,Net 30,True,False
PO-2025-34751,2025-08-09,2025-09-07,2025-09-07,SUP-028,Summit Components,USA,Electronics,Sensor Module SM-3,Field Services,34.12,278,9485.36,Net 30,True,False
PO-2025-34748,2025-08-09,2025-09-12,2025-09-12,SUP-034,Pacific Rim Circuits,China,Electronics,Sensor Module SM-3,Retail Operations,29.03,766,22236.98,Net 30,True,False
PO-2025-34827,2025-08-09,2025-08-19,2025-08-21,SUP-028,Summit Components,USA,Electronics,Power Supply Unit 450W,R&D,85.7,80,6856.0,Net 45,True,False
PO-2025-34754,2025-08-09,2025-09-04,2025-09-04,SUP-032,Lotus Components,India,Electronics,Power Supply Unit 450W,Corporate,72.64,160,11622.4,Net 45,True,False
PO-2025-34785,2025-08-09,2025-08-31,2025-09-01,SUP-034,Pacific Rim Circuits,China,Electronics,Power Supply Unit 450W,Field Services,82.63,153,12642.39,Net 45,False,False
PO-2025-34726,2025-08-09,2025-09-09,2025-09-09,SUP-036,Golden Dragon Components,China,Electronics,PCB Assembly A-11,Retail Operations,66.79,183,12222.57,Net 45,True,False
PO-2025-34797,2025-08-10,2025-08-31,2025-08-31,SUP-036,Golden Dragon Components,China,Electronics,Connector Kit CK-8,Retail Operations,6.3,2348,14792.4,Net 60,True,False
PO-2025-34725,2025-08-10,2025-09-11,2025-09-11,SUP-025,Cascade Semitech,USA,Electronics,Power Supply Unit 450W,R&D,90.79,111,10077.69,Net 30,False,False
PO-2025-34764,2025-08-11,2025-08-16,2025-08-16,SUP-034,Pacific Rim Circuits,China,Electronics,Power Supply Unit 450W,Field Services,83.02,104,8634.08,Net 15,True,False
PO-2025-34741,2025-08-11,2025-08-30,2025-08-30,SUP-036,Golden Dragon Components,China,Electronics,Power Supply Unit 450W,R&D,92.3,170,15691.0,Net 30,True,False
PO-2025-34730,2025-08-11,2025-08-30,2025-08-30,SUP-023,Schwarzwald Circuits,Germany,Electronics,Sensor Module SM-3,Corporate,30.55,618,18879.9,Net 15,True,False
PO-2025-34795,2025-08-11,2025-08-29,2025-08-29,SUP-033,Busan Components,South Korea,Electronics,Sensor Module SM-3,Retail Operations,29.52,618,18243.36,Net 45,True,False
PO-2025-34819,2025-08-11,2025-08-30,2025-08-30,SUP-033,Busan Components,South Korea,Electronics,Sensor Module SM-3,Manufacturing,28.12,583,16393.96,Net 60,True,False
PO-2025-34826,2025-08-12,2025-08-29,2025-09-13,SUP-029,Great Wall Components,China,Electronics,Microcontroller MCU-9,Retail Operations,9.46,2772,26223.12,Net 45,True,True
PO-2025-34712,2025-08-13,2025-08-27,2025-08-27,SUP-022,Redwood Components,USA,Electronics,Connector Kit CK-8,Field Services,5.83,2626,15309.58,Net 45,True,False
PO-2025-34760,2025-08-13,2025-09-14,2025-09-14,SUP-032,Lotus Components,India,Electronics,Sensor Module SM-3,Corporate,27.1,855,23170.5,Net 60,True,False
PO-2025-34707,2025-08-13,2025-09-14,2025-09-26,SUP-029,Great Wall Components,China,Electronics,Sensor Module SM-3,Retail Operations,35.18,438,15408.84,Net 30,True,False
PO-2025-34805,2025-08-13,2025-08-30,2025-08-30,SUP-028,Summit Components,USA,Electronics,Sensor Module SM-3,Manufacturing,29.9,751,22454.9,Net 30,True,False
PO-2025-34705,2025-08-14,2025-08-20,2025-08-25,SUP-029,Great Wall Components,China,Electronics,Microcontroller MCU-9,Field Services,12.36,1962,24250.32,Net 30,True,False
PO-2025-34775,2025-08-14,2025-08-26,2025-08-26,SUP-032,Lotus Components,India,Electronics,PCB Assembly A-11,Retail Operations,57.15,563,32175.45,Net 45,True,False
PO-2025-34776,2025-08-14,2025-08-30,2025-08-30,SUP-034,Pacific Rim Circuits,China,Electronics,Connector Kit CK-8,Retail Operations,5.91,3309,19556.19,Net 30,True,True
PO-2025-34758,2025-08-14,2025-08-25,2025-08-26,SUP-022,Redwood Components,USA,Electronics,Sensor Module SM-3,Field Services,29.86,766,22872.76,Net 15,True,False
PO-2025-34733,2025-08-14,2025-09-09,2025-09-09,SUP-036,Golden Dragon Components,China,Electronics,Sensor Module SM-3,Corporate,34.54,771,26630.34,Net 15,True,False
PO-2025-34784,2025-08-14,2025-08-29,2025-08-29,SUP-022,Redwood Components,USA,Electronics,PCB Assembly A-11,Manufacturing,63.47,327,20754.69,Net 45,True,False
PO-2025-34763,2025-08-15,2025-08-29,2025-08-29,SUP-034,Pacific Rim Circuits,China,Electronics,Microcontroller MCU-9,Manufacturing,9.24,3353,30981.72,Net 30,True,False
PO-2025-34803,2025-08-15,2025-09-04,2025-09-04,SUP-028,Summit Components,USA,Electronics,Connector Kit CK-8,R&D,5.57,3126,17411.82,Net 45,False,False
PO-2025-34818,2025-08-15,2025-09-16,2025-09-16,SUP-028,Summit Components,USA,Electronics,Power Supply Unit 450W,Retail Operations,84.7,214,18125.8,Net 60,False,False
PO-2025-34732,2025-08-15,2025-08-26,2025-08-26,SUP-025,Cascade Semitech,USA,Electronics,Microcontroller MCU-9,Field Services,10.2,1587,16187.4,Net 30,True,False
PO-2025-34722,2025-08-16,2025-09-02,2025-09-02,SUP-023,Schwarzwald Circuits,Germany,Electronics,Power Supply Unit 450W,Manufacturing,74.25,230,17077.5,Net 45,True,False
PO-2025-34743,2025-08-16,2025-09-13,2025-09-13,SUP-025,Cascade Semitech,USA,Electronics,Power Supply Unit 450W,Field Services,89.64,178,15955.92,Net 45,False,False
PO-2025-34721,2025-08-16,2025-08-27,2025-08-27,SUP-025,Cascade Semitech,USA,Electronics,Connector Kit CK-8,Manufacturing,5.91,4274,25259.34,Net 45,True,False
PO-2025-34816,2025-08-16,2025-09-14,2025-09-14,SUP-034,Pacific Rim Circuits,China,Electronics,Connector Kit CK-8,Retail Operations,6.2,3664,22716.8,Net 30,True,False
PO-2025-34800,2025-08-17,2025-08-28,2025-08-28,SUP-036,Golden Dragon Components,China,Electronics,PCB Assembly A-11,Manufacturing,72.48,436,31601.28,Net 30,True,False
PO-2025-34817,2025-08-17,2025-09-04,2025-09-04,SUP-025,Cascade Semitech,USA,Electronics,Power Supply Unit 450W,R&D,84.61,170,14383.7,Net 45,True,False
PO-2025-34809,2025-08-17,2025-08-23,2025-08-23,SUP-028,Summit Components,USA,Electronics,Power Supply Unit 450W,Field Services,87.21,223,19447.83,Net 45,False,False
PO-2025-34755,2025-08-17,2025-09-05,2025-09-05,SUP-029,Great Wall Components,China,Electronics,Power Supply Unit 450W,Manufacturing,90.04,127,11435.08,Net 60,False,False
PO-2025-34812,2025-08-17,2025-08-31,2025-08-31,SUP-023,Schwarzwald Circuits,Germany,Electronics,Power Supply Unit 450W,Field Services,76.37,80,6109.6,Net 15,True,False
PO-2025-34719,2025-08-18,2025-09-11,2025-09-11,SUP-025,Cascade Semitech,USA,Electronics,Microcontroller MCU-9,Retail Operations,9.7,1963,19041.1,Net 15,True,False
PO-2025-34731,2025-08-18,2025-09-14,2025-09-14,SUP-024,Sterling Components,USA,Electronics,Connector Kit CK-8,Field Services,5.64,4862,27421.68,Net 30,False,False
PO-2025-34713,2025-08-18,2025-09-17,2025-09-17,SUP-033,Busan Components,South Korea,Electronics,Microcontroller MCU-9,Retail Operations,8.48,3159,26788.32,Net 30,True,False
PO-2025-34742,2025-08-18,2025-08-26,2025-08-26,SUP-033,Busan Components,South Korea,Electronics,Connector Kit CK-8,Manufacturing,4.93,1909,9411.37,Net 30,True,False
PO-2025-34753,2025-08-18,2025-09-18,2025-09-18,SUP-024,Sterling Components,USA,Electronics,Microcontroller MCU-9,Field Services,10.61,2072,21983.92,Net 45,True,False
PO-2025-34787,2025-08-19,2025-09-02,2025-09-02,SUP-033,Busan Components,South Korea,Electronics,Power Supply Unit 450W,Field Services,68.94,106,7307.64,Net 60,True,False
PO-2025-34710,2025-08-19,2025-09-11,2025-09-11,SUP-028,Summit Components,USA,Electronics,Power Supply Unit 450W,Corporate,83.22,184,15312.48,Net 30,True,False
PO-2025-34794,2025-08-19,2025-09-02,2025-09-02,SUP-025,Cascade Semitech,USA,Electronics,Connector Kit CK-8,R&D,5.94,2843,16887.42,Net 60,True,False
PO-2025-34782,2025-08-19,2025-08-24,2025-08-24,SUP-025,Cascade Semitech,USA,Electronics,Microcontroller MCU-9,Retail Operations,9.58,3148,30157.84,Net 30,False,False
PO-2025-34815,2025-08-19,2025-09-22,2025-09-22,SUP-028,Summit Components,USA,Electronics,Microcontroller MCU-9,R&D,10.07,2073,20875.11,Net 45,True,False
PO-2025-34802,2025-08-20,2025-08-29,2025-08-29,SUP-025,Cascade Semitech,USA,Electronics,PCB Assembly A-11,R&D,72.33,382,27630.06,Net 30,False,False
PO-2025-34814,2025-08-20,2025-08-25,2025-08-26,SUP-032,Lotus Components,India,Electronics,Microcontroller MCU-9,Corporate,8.51,2968,25257.68,Net 30,True,False
PO-2025-34824,2025-08-20,2025-09-17,2025-09-17,SUP-036,Golden Dragon Components,China,Electronics,Sensor Module SM-3,Field Services,34.49,919,31696.31,Net 60,True,False
PO-2025-34750,2025-08-20,2025-08-25,2025-08-25,SUP-025,Cascade Semitech,USA,Electronics,Power Supply Unit 450W,Retail Operations,86.19,139,11980.41,Net 45,True,False
PO-2025-34770,2025-08-20,2025-09-09,2025-09-09,SUP-028,Summit Components,USA,Electronics,Sensor Module SM-3,R&D,33.41,529,17673.89,Net 30,True,False
PO-2025-34736,2025-08-20,2025-08-31,2025-08-31,SUP-035,Pacific Rim Semitech,China,Electronics,PCB Assembly A-11,Corporate,64.02,344,22022.88,Net 45,True,False
PO-2025-34780,2025-08-21,2025-09-17,2025-09-17,SUP-022,Redwood Components,USA,Electronics,PCB Assembly A-11,Corporate,59.32,489,29007.48,Net 15,True,False
PO-2025-34811,2025-08-21,2025-09-13,2025-09-28,SUP-029,Great Wall Components,China,Electronics,PCB Assembly A-11,Field Services,78.25,457,35760.25,Net 45,True,False
PO-2025-34757,2025-08-22,2025-09-14,2025-09-29,SUP-029,Great Wall Components,China,Electronics,Sensor Module SM-3,Field Services,23.17,664,15384.88,Net 45,True,False
PO-2025-34790,2025-08-22,2025-09-03,2025-09-03,SUP-034,Pacific Rim Circuits,China,Electronics,Connector Kit CK-8,Manufacturing,5.74,3479,19969.46,Net 45,False,False
PO-2025-34798,2025-08-22,2025-09-13,2025-09-13,SUP-028,Summit Components,USA,Electronics,PCB Assembly A-11,Corporate,65.98,310,20453.8,Net 15,True,False
PO-2025-34807,2025-08-22,2025-08-28,2025-08-30,SUP-034,Pacific Rim Circuits,China,Electronics,Microcontroller MCU-9,Field Services,10.2,1825,18615.0,Net 60,False,False
PO-2025-34762,2025-08-23,2025-09-12,2025-09-13,SUP-028,Summit Components,USA,Electronics,PCB Assembly A-11,Manufacturing,64.48,159,10252.32,Net 30,True,True
PO-2025-34708,2025-08-23,2025-09-03,2025-09-03,SUP-032,Lotus Components,India,Electronics,Connector Kit CK-8,Corporate,4.99,1977,9865.23,Net 45,True,False
PO-2025-34822,2025-08-24,2025-09-01,2025-09-01,SUP-028,Summit Components,USA,Electronics,Power Supply Unit 450W,Retail Operations,85.89,92,7901.88,Net 15,True,False
PO-2025-34786,2025-08-25,2025-09-09,2025-09-10,SUP-025,Cascade Semitech,USA,Electronics,Sensor Module SM-3,Retail Operations,32.36,651,21066.36,Net 30,True,False
PO-2025-34761,2025-08-25,2025-09-09,2025-09-09,SUP-028,Summit Components,USA,Electronics,Power Supply Unit 450W,Corporate,84.2,190,15998.0,Net 60,True,False
PO-2025-34801,2025-08-26,2025-09-12,2025-09-12,SUP-022,Redwood Components,USA,Electronics,Microcontroller MCU-9,Retail Operations,9.35,764,7143.4,Net 45,True,False
PO-2025-34777,2025-08-26,2025-09-24,2025-09-24,SUP-028,Summit Components,USA,Electronics,Sensor Module SM-3,Manufacturing,33.7,579,19512.3,Net 45,True,False
PO-2025-34752,2025-08-26,2025-09-25,2025-09-25,SUP-027,Golden Dragon Circuits,China,Electronics,Power Supply Unit 450W,Corporate,75.5,163,12306.5,Net 45,True,False
PO-2025-34720,2025-08-26,2025-09-15,2025-09-15,SUP-028,Summit Components,USA,Electronics,Sensor Module SM-3,R&D,29.89,223,6665.47,Net 45,True,False
PO-2025-34728,2025-08-26,2025-09-23,2025-09-23,SUP-025,Cascade Semitech,USA,Electronics,Power Supply Unit 450W,Retail Operations,83.18,115,9565.7,Net 30,True,False
PO-2025-34738,2025-08-26,2025-09-17,2025-09-17,SUP-028,Summit Components,USA,Electronics,PCB Assembly A-11,Corporate,67.05,378,25344.9,Net 60,True,False
PO-2025-34704,2025-08-26,2025-09-27,2025-09-27,SUP-025,Cascade Semitech,USA,Electronics,PCB Assembly A-11,Retail Operations,68.8,566,38940.8,Net 30,True,False
PO-2025-34717,2025-08-27,2025-09-19,2025-09-19,SUP-036,Golden Dragon Components,China,Electronics,Connector Kit CK-8,Manufacturing,6.1,4474,27291.4,Net 30,True,False
PO-2025-34729,2025-08-27,2025-09-26,2025-09-26,SUP-028,Summit Components,USA,Electronics,Microcontroller MCU-9,Retail Operations,10.11,1962,19835.82,Net 45,True,False
PO-2025-34791,2025-08-27,2025-09-30,2025-09-30,SUP-024,Sterling Components,USA,Electronics,Sensor Module SM-3,Manufacturing,30.61,459,14049.99,Net 45,True,False
PO-2025-34793,2025-08-28,2025-09-18,2025-09-18,SUP-032,Lotus Components,India,Electronics,Sensor Module SM-3,R&D,26.34,1099,28947.66,Net 15,True,False
PO-2025-34745,2025-08-28,2025-09-03,2025-09-03,SUP-028,Summit Components,USA,Electronics,Power Supply Unit 450W,R&D,85.26,132,11254.32,Net 30,True,False
PO-2025-34788,2025-08-28,2025-09-06,2025-09-06,SUP-032,Lotus Components,India,Electronics,Connector Kit CK-8,Retail Operations,5.13,2701,13856.13,Net 60,True,False
PO-2025-34779,2025-08-28,2025-09-03,2025-09-03,SUP-028,Summit Components,USA,Electronics,Power Supply Unit 450W,Corporate,81.62,63,5142.06,Net 30,True,False
PO-2025-34746,2025-08-28,2025-09-15,2025-09-15,SUP-025,Cascade Semitech,USA,Electronics,Connector Kit CK-8,R&D,5.65,4387,24786.55,Net 30,True,False
PO-2025-34735,2025-08-28,2025-09-20,2025-09-20,SUP-028,Summit Components,USA,Electronics,Microcontroller MCU-9,R&D,10.18,2194,22334.92,Net 30,True,False
PO-2025-34749,2025-08-29,2025-09-03,2025-09-03,SUP-027,Golden Dragon Circuits,China,Electronics,Power Supply Unit 450W,Retail Operations,84.17,74,6228.58,Net 30,True,False
PO-2025-34771,2025-08-29,2025-09-21,2025-09-21,SUP-024,Sterling Components,USA,Electronics,Microcontroller MCU-9,Field Services,9.63,3637,35024.31,Net 60,True,False
PO-2025-34810,2025-08-29,2025-09-27,2025-09-27,SUP-033,Busan Components,South Korea,Electronics,Connector Kit CK-8,Retail Operations,5.05,3017,15235.85,Net 60,True,False
PO-2025-34813,2025-08-29,2025-10-01,2025-10-05,SUP-029,Great Wall Components,China,Electronics,Microcontroller MCU-9,Corporate,12.05,2107,25389.35,Net 45,True,False
PO-2025-34714,2025-08-29,2025-09-03,2025-09-04,SUP-025,Cascade Semitech,USA,Electronics,Sensor Module SM-3,Retail Operations,34.59,608,21030.72,Net 30,True,False
PO-2025-34796,2025-08-30,2025-09-09,2025-09-09,SUP-023,Schwarzwald Circuits,Germany,Electronics,Connector Kit CK-8,Field Services,4.8,2294,11011.2,Net 30,True,False
PO-2025-34783,2025-08-30,2025-09-29,2025-09-29,SUP-025,Cascade Semitech,USA,Electronics,Connector Kit CK-8,Corporate,5.92,1889,11182.88,Net 45,True,False
PO-2025-34744,2025-08-30,2025-09-18,2025-09-18,SUP-028,Summit Components,USA,Electronics,Microcontroller MCU-9,Manufacturing,10.74,2865,30770.1,Net 60,False,False
PO-2025-34724,2025-08-30,2025-09-06,2025-09-06,SUP-028,Summit Components,USA,Electronics,Microcontroller MCU-9,Retail Operations,9.99,2652,26493.48,Net 60,True,False
PO-2025-34706,2025-08-30,2025-09-15,2025-09-16,SUP-024,Sterling Components,USA,Electronics,Power Supply Unit 450W,R&D,84.99,109,9263.91,Net 45,True,False
PO-2025-34718,2025-08-30,2025-09-05,2025-09-05,SUP-032,Lotus Components,India,Electronics,Microcontroller MCU-9,Field Services,8.27,2090,17284.3,Net 60,True,False
PO-2025-34723,2025-08-31,2025-10-04,2025-10-04,SUP-022,Redwood Components,USA,Electronics,Microcontroller MCU-9,Corporate,8.94,2596,23208.24,Net 30,True,False
PO-2025-34772,2025-08-31,2025-09-09,2025-09-09,SUP-034,Pacific Rim Circuits,China,Electronics,Microcontroller MCU-9,R&D,10.14,2620,26566.8,Net 30,False,False
PO-2025-34799,2025-08-31,2025-09-20,2025-09-20,SUP-025,Cascade Semitech,USA,Electronics,Power Supply Unit 450W,Field Services,87.46,91,7958.86,Net 30,True,False
PO-2025-34808,2025-08-31,2025-09-08,2025-09-13,SUP-029,Great Wall Components,China,Electronics,Sensor Module SM-3,Retail Operations,26.94,328,8836.32,Net 15,True,False
PO-2025-35859,2025-09-01,2025-09-06,2025-09-06,SUP-028,Summit Components,USA,Electronics,Connector Kit CK-8,Corporate,6.51,2116,13775.16,Net 45,False,False
PO-2025-35826,2025-09-01,2025-10-02,2025-10-02,SUP-036,Golden Dragon Components,China,Electronics,Connector Kit CK-8,Corporate,5.6,4425,24780.0,Net 15,True,False
PO-2025-35838,2025-09-01,2025-09-26,2025-09-26,SUP-025,Cascade Semitech,USA,Electronics,PCB Assembly A-11,R&D,69.45,451,31321.95,Net 45,True,False
PO-2025-35912,2025-09-02,2025-09-17,2025-09-17,SUP-032,Lotus Components,India,Electronics,Power Supply Unit 450W,Corporate,73.91,123,9090.93,Net 45,True,False
PO-2025-35931,2025-09-02,2025-09-18,2025-09-18,SUP-036,Golden Dragon Components,China,Electronics,Sensor Module SM-3,R&D,35.48,598,21217.04,Net 45,True,False
PO-2025-35875,2025-09-03,2025-09-13,2025-09-13,SUP-025,Cascade Semitech,USA,Electronics,Sensor Module SM-3,Retail Operations,33.43,802,26810.86,Net 30,True,False
PO-2025-35877,2025-09-03,2025-09-11,2025-09-11,SUP-025,Cascade Semitech,USA,Electronics,Power Supply Unit 450W,Retail Operations,86.24,116,10003.84,Net 45,True,False
PO-2025-35878,2025-09-03,2025-09-12,2025-09-12,SUP-022,Redwood Components,USA,Electronics,PCB Assembly A-11,Manufacturing,64.33,580,37311.4,Net 30,True,False
PO-2025-35885,2025-09-03,2025-09-26,2025-09-26,SUP-028,Summit Components,USA,Electronics,Connector Kit CK-8,Manufacturing,5.59,3172,17731.48,Net 15,True,False
PO-2025-35895,2025-09-03,2025-09-22,2025-09-27,SUP-036,Golden Dragon Components,China,Electronics,Power Supply Unit 450W,Field Services,95.32,216,20589.12,Net 30,False,False
PO-2025-35909,2025-09-03,2025-09-23,2025-10-08,SUP-029,Great Wall Components,China,Electronics,Connector Kit CK-8,Field Services,4.76,4638,22076.88,Net 45,True,False
PO-2025-35864,2025-09-03,2025-09-24,2025-09-24,SUP-028,Summit Components,USA,Electronics,Connector Kit CK-8,Manufacturing,6.04,4117,24866.68,Net 45,True,False
PO-2025-35829,2025-09-04,2025-09-22,2025-09-22,SUP-036,Golden Dragon Components,China,Electronics,Connector Kit CK-8,R&D,6.29,2892,18190.68,Net 45,True,False
PO-2025-35862,2025-09-04,2025-09-24,2025-09-24,SUP-032,Lotus Components,India,Electronics,Power Supply Unit 450W,Field Services,78.16,166,12974.56,Net 15,True,False
PO-2025-35863,2025-09-05,2025-09-17,2025-09-17,SUP-025,Cascade Semitech,USA,Electronics,Microcontroller MCU-9,Retail Operations,10.66,536,5713.76,Net 30,True,False
PO-2025-35913,2025-09-05,2025-10-07,2025-10-07,SUP-022,Redwood Components,USA,Electronics,Power Supply Unit 450W,R&D,85.42,110,9396.2,Net 45,True,False
PO-2025-35786,2025-09-05,2025-10-05,2025-10-05,SUP-025,Cascade Semitech,USA,Electronics,Microcontroller MCU-9,Corporate,10.52,1772,18641.44,Net 30,True,False
PO-2025-35805,2025-09-05,2025-09-12,2025-09-12,SUP-022,Redwood Components,USA,Electronics,Power Supply Unit 450W,Field Services,79.97,188,15034.36,Net 30,True,False
PO-2025-35802,2025-09-05,2025-09-20,2025-09-20,SUP-028,Summit Components,USA,Electronics,Connector Kit CK-8,R&D,6.24,2221,13859.04,Net 45,True,False
PO-2025-35842,2025-09-05,2025-10-07,2025-10-07,SUP-032,Lotus Components,India,Electronics,Power Supply Unit 450W,Manufacturing,75.38,87,6558.06,Net 30,True,False
PO-2025-35812,2025-09-05,2025-09-23,2025-09-23,SUP-032,Lotus Components,India,Electronics,Sensor Module SM-3,R&D,27.27,436,11889.72,Net 30,False,False
PO-2025-35819,2025-09-05,2025-09-19,2025-10-01,SUP-029,Great Wall Components,China,Electronics,Power Supply Unit 450W,Field Services,59.17,167,9881.39,Net 30,False,False
PO-2025-35843,2025-09-06,2025-09-30,2025-09-30,SUP-033,Busan Components,South Korea,Electronics,Sensor Module SM-3,Corporate,29.19,649,18944.31,Net 30,True,False
PO-2025-35831,2025-09-06,2025-09-20,2025-09-20,SUP-028,Summit Components,USA,Electronics,Power Supply Unit 450W,Field Services,85.37,185,15793.45,Net 30,True,False
PO-2025-35923,2025-09-06,2025-10-06,2025-10-06,SUP-034,Pacific Rim Circuits,China,Electronics,Power Supply Unit 450W,Corporate,83.7,128,10713.6,Net 30,True,True
PO-2025-35883,2025-09-06,2025-10-02,2025-10-02,SUP-025,Cascade Semitech,USA,Electronics,PCB Assembly A-11,R&D,69.44,499,34650.56,Net 30,True,False
PO-2025-35876,2025-09-06,2025-09-22,2025-09-22,SUP-025,Cascade Semitech,USA,Electronics,Connector Kit CK-8,Retail Operations,5.88,1757,10331.16,Net 45,True,False
PO-2025-35868,2025-09-07,2025-09-28,2025-09-28,SUP-035,Pacific Rim Semitech,China,Electronics,Microcontroller MCU-9,Field Services,10.11,4180,42259.8,Net 45,False,False
PO-2025-35919,2025-09-07,2025-10-05,2025-10-06,SUP-033,Busan Components,South Korea,Electronics,Sensor Module SM-3,Field Services,30.42,571,17369.82,Net 30,True,False
PO-2025-35836,2025-09-07,2025-10-09,2025-10-09,SUP-026,Great Wall Circuits,China,Electronics,Power Supply Unit 450W,R&D,89.63,128,11472.64,Net 45,True,False
PO-2025-35869,2025-09-08,2025-10-07,2025-10-07,SUP-024,Sterling Components,USA,Electronics,Connector Kit CK-8,Retail Operations,6.31,3893,24564.83,Net 45,True,False
PO-2025-35846,2025-09-08,2025-10-11,2025-10-11,SUP-026,Great Wall Circuits,China,Electronics,Connector Kit CK-8,Retail Operations,5.84,1,5.84,Net 30,True,False
PO-2025-35835,2025-09-08,2025-10-07,2025-10-07,SUP-036,Golden Dragon Components,China,Electronics,Sensor Module SM-3,Retail Operations,33.19,643,21341.17,Net 30,True,False
PO-2025-35873,2025-09-09,2025-09-18,2025-09-18,SUP-028,Summit Components,USA,Electronics,Microcontroller MCU-9,Retail Operations,9.69,3771,36540.99,Net 30,True,False
PO-2025-35841,2025-09-09,2025-10-04,2025-10-04,SUP-028,Summit Components,USA,Electronics,Sensor Module SM-3,R&D,29.38,102,2996.76,Net 30,True,False
PO-2025-35890,2025-09-09,2025-10-12,2025-10-12,SUP-027,Golden Dragon Circuits,China,Electronics,Power Supply Unit 450W,Field Services,85.72,113,9686.36,Net 15,False,False
PO-2025-35905,2025-09-09,2025-10-07,2025-10-09,SUP-025,Cascade Semitech,USA,Electronics,Sensor Module SM-3,Manufacturing,33.74,754,25439.96,Net 60,True,False
PO-2025-35822,2025-09-09,2025-10-05,2025-10-05,SUP-028,Summit Components,USA,Electronics,Power Supply Unit 450W,R&D,93.3,52,4851.6,Net 30,True,False
PO-2025-35798,2025-09-10,2025-10-04,2025-10-04,SUP-032,Lotus Components,India,Electronics,Sensor Module SM-3,Retail Operations,27.85,447,12448.95,Net 45,True,False
PO-2025-35823,2025-09-10,2025-10-05,2025-10-05,SUP-027,Golden Dragon Circuits,China,Electronics,Connector Kit CK-8,Manufacturing,6.06,2584,15659.04,Net 30,True,False
PO-2025-35813,2025-09-10,2025-10-11,2025-10-11,SUP-024,Sterling Components,USA,Electronics,Sensor Module SM-3,R&D,34.86,900,31374.0,Net 30,True,False
PO-2025-35922,2025-09-11,2025-10-04,2025-10-04,SUP-022,Redwood Components,USA,Electronics,Power Supply Unit 450W,Manufacturing,82.77,169,13988.13,Net 30,False,False
PO-2025-35899,2025-09-11,2025-09-28,2025-09-28,SUP-032,Lotus Components,India,Electronics,Sensor Module SM-3,Manufacturing,27.04,669,18089.76,Net 30,True,False
PO-2025-35824,2025-09-11,2025-10-01,2025-10-01,SUP-028,Summit Components,USA,Electronics,Microcontroller MCU-9,R&D,10.55,4078,43022.9,Net 30,True,False
PO-2025-35839,2025-09-11,2025-10-04,2025-10-09,SUP-022,Redwood Components,USA,Electronics,Power Supply Unit 450W,Retail Operations,81.17,259,21023.03,Net 30,True,False
PO-2025-35892,2025-09-11,2025-09-18,2025-09-18,SUP-032,Lotus Components,India,Electronics,Connector Kit CK-8,Field Services,5.39,4787,25801.93,Net 30,False,False
PO-2025-35857,2025-09-12,2025-10-10,2025-10-10,SUP-028,Summit Components,USA,Electronics,Microcontroller MCU-9,Corporate,10.69,2534,27088.46,Net 60,True,False
PO-2025-35874,2025-09-12,2025-10-14,2025-10-14,SUP-032,Lotus Components,India,Electronics,Sensor Module SM-3,Field Services,29.64,514,15234.96,Net 30,True,False
PO-2025-35814,2025-09-12,2025-10-03,2025-10-03,SUP-036,Golden Dragon Components,China,Electronics,Microcontroller MCU-9,Retail Operations,10.69,2134,22812.46,Net 30,True,False
PO-2025-35930,2025-09-12,2025-10-16,2025-10-16,SUP-024,Sterling Components,USA,Electronics,Power Supply Unit 450W,R&D,91.42,115,10513.3,Net 15,True,False
PO-2025-35886,2025-09-12,2025-10-08,2025-10-08,SUP-036,Golden Dragon Components,China,Electronics,Connector Kit CK-8,Retail Operations,5.96,2598,15484.08,Net 30,True,False
PO-2025-35915,2025-09-12,2025-10-05,2025-10-05,SUP-036,Golden Dragon Components,China,Electronics,Sensor Module SM-3,Corporate,35.69,402,14347.38,Net 45,True,False
PO-2025-35921,2025-09-13,2025-10-01,2025-10-01,SUP-036,Golden Dragon Components,China,Electronics,Sensor Module SM-3,Corporate,34.02,542,18438.84,Net 15,True,False
PO-2025-35845,2025-09-13,2025-10-02,2025-10-02,SUP-032,Lotus Components,India,Electronics,Connector Kit CK-8,R&D,5.07,2676,13567.32,Net 30,True,False
PO-2025-35904,2025-09-13,2025-10-15,2025-10-15,SUP-028,Summit Components,USA,Electronics,Power Supply Unit 450W,Corporate,88.12,152,13394.24,Net 30,True,False
PO-2025-35793,2025-09-13,2025-09-30,2025-09-30,SUP-025,Cascade Semitech,USA,Electronics,Power Supply Unit 450W,Manufacturing,83.83,83,6957.89,Net 45,True,False
PO-2025-35791,2025-09-14,2025-10-18,2025-10-18,SUP-034,Pacific Rim Circuits,China,Electronics,Connector Kit CK-8,Manufacturing,6.15,2630,16174.5,Net 60,True,False
PO-2025-35918,2025-09-14,2025-10-05,2025-10-08,SUP-035,Pacific Rim Semitech,China,Electronics,PCB Assembly A-11,Retail Operations,70.31,207,14554.17,Net 30,True,False
PO-2025-35867,2025-09-14,2025-09-20,2025-09-20,SUP-025,Cascade Semitech,USA,Electronics,Microcontroller MCU-9,Corporate,9.44,1233,11639.52,Net 30,True,False
PO-2025-35870,2025-09-14,2025-10-16,2025-10-16,SUP-036,Golden Dragon Components,China,Electronics,PCB Assembly A-11,Field Services,70.36,255,17941.8,Net 60,False,False
PO-2025-35910,2025-09-15,2025-10-05,2025-10-05,SUP-033,Busan Components,South Korea,Electronics,Connector Kit CK-8,R&D,4.99,3493,17430.07,Net 30,True,False
PO-2025-35907,2025-09-15,2025-10-18,2025-10-18,SUP-032,Lotus Components,India,Electronics,Microcontroller MCU-9,Retail Operations,8.74,2980,26045.2,Net 45,True,False
PO-2025-35893,2025-09-15,2025-10-17,2025-10-17,SUP-028,Summit Components,USA,Electronics,Microcontroller MCU-9,Field Services,9.76,3377,32959.52,Net 30,True,False
PO-2025-35900,2025-09-15,2025-10-05,2025-10-05,SUP-034,Pacific Rim Circuits,China,Electronics,Sensor Module SM-3,Manufacturing,32.01,700,22407.0,Net 30,True,False
PO-2025-35924,2025-09-15,2025-10-13,2025-10-13,SUP-025,Cascade Semitech,USA,Electronics,Power Supply Unit 450W,Field Services,84.5,190,16055.0,Net 30,False,False
PO-2025-35821,2025-09-16,2025-10-02,2025-10-02,SUP-024,Sterling Components,USA,Electronics,PCB Assembly A-11,Retail Operations,72.98,577,42109.46,Net 60,True,False
PO-2025-35787,2025-09-16,2025-09-24,2025-09-24,SUP-036,Golden Dragon Components,China,Electronics,Power Supply Unit 450W,Retail Operations,92.68,186,17238.48,Net 30,True,False
PO-2025-35799,2025-09-16,2025-10-08,2025-10-08,SUP-035,Pacific Rim Semitech,China,Electronics,Power Supply Unit 450W,Retail Operations,82.83,150,12424.5,Net 60,True,False
PO-2025-35901,2025-09-16,2025-10-15,2025-10-15,SUP-032,Lotus Components,India,Electronics,Sensor Module SM-3,Retail Operations,27.88,309,8614.92,Net 60,False,True
PO-2025-35916,2025-09-16,2025-10-12,2025-10-12,SUP-032,Lotus Components,India,Electronics,Power Supply Unit 450W,Manufacturing,77.93,24,1870.32,Net 30,True,False
PO-2025-35911,2025-09-16,2025-09-23,2025-09-23,SUP-034,Pacific Rim Circuits,China,Electronics,Connector Kit CK-8,Manufacturing,5.7,1423,8111.1,Net 45,True,False
PO-2025-35808,2025-09-16,2025-10-11,2025-10-23,SUP-029,Great Wall Components,China,Electronics,Power Supply Unit 450W,R&D,77.39,236,18264.04,Net 60,True,False
PO-2025-35850,2025-09-17,2025-10-04,2025-10-09,SUP-025,Cascade Semitech,USA,Electronics,Microcontroller MCU-9,R&D,10.34,2130,22024.2,Net 45,True,False
PO-2025-35827,2025-09-17,2025-09-29,2025-10-03,SUP-034,Pacific Rim Circuits,China,Electronics,Power Supply Unit 450W,R&D,88.25,176,15532.0,Net 45,True,False
PO-2025-35849,2025-09-17,2025-10-08,2025-10-08,SUP-022,Redwood Components,USA,Electronics,Microcontroller MCU-9,R&D,10.18,2640,26875.2,Net 30,True,False
PO-2025-35879,2025-09-17,2025-10-14,2025-10-14,SUP-025,Cascade Semitech,USA,Electronics,Sensor Module SM-3,Corporate,32.9,722,23753.8,Net 60,True,False
PO-2025-35920,2025-09-18,2025-10-22,2025-10-22,SUP-028,Summit Components,USA,Electronics,PCB Assembly A-11,Corporate,66.24,516,34179.84,Net 60,True,False
PO-2025-35800,2025-09-18,2025-09-30,2025-09-30,SUP-028,Summit Components,USA,Electronics,Sensor Module SM-3,Field Services,31.39,596,18708.44,Net 30,True,False
PO-2025-35794,2025-09-19,2025-09-27,2025-09-27,SUP-025,Cascade Semitech,USA,Electronics,Microcontroller MCU-9,Manufacturing,11.07,3255,36032.85,Net 15,True,False
PO-2025-35792,2025-09-19,2025-09-25,2025-09-25,SUP-025,Cascade Semitech,USA,Electronics,Power Supply Unit 450W,Retail Operations,90.57,100,9057.0,Net 30,True,False
PO-2025-35789,2025-09-19,2025-10-10,2025-10-11,SUP-027,Golden Dragon Circuits,China,Electronics,PCB Assembly A-11,R&D,67.85,409,27750.65,Net 60,False,False
PO-2025-35816,2025-09-19,2025-10-09,2025-10-09,SUP-024,Sterling Components,USA,Electronics,Connector Kit CK-8,Corporate,5.63,3008,16935.04,Net 30,True,False
PO-2025-35903,2025-09-19,2025-10-17,2025-10-17,SUP-034,Pacific Rim Circuits,China,Electronics,Microcontroller MCU-9,Retail Operations,9.59,2728,26161.52,Net 30,True,False
PO-2025-35832,2025-09-19,2025-10-10,2025-10-10,SUP-028,Summit Components,USA,Electronics,Connector Kit CK-8,R&D,5.93,916,5431.88,Net 60,True,False
PO-2025-35844,2025-09-19,2025-10-11,2025-10-12,SUP-025,Cascade Semitech,USA,Electronics,PCB Assembly A-11,Retail Operations,69.35,311,21567.85,Net 45,True,False
PO-2025-35926,2025-09-19,2025-10-09,2025-10-09,SUP-025,Cascade Semitech,USA,Electronics,PCB Assembly A-11,Corporate,74.4,502,37348.8,Net 30,True,False
PO-2025-35929,2025-09-20,2025-09-30,2025-09-30,SUP-034,Pacific Rim Circuits,China,Electronics,Microcontroller MCU-9,Manufacturing,9.39,3052,28658.28,Net 45,True,False
PO-2025-35917,2025-09-20,2025-10-05,2025-10-05,SUP-029,Great Wall Components,China,Electronics,PCB Assembly A-11,R&D,77.78,666,51801.48,Net 45,True,False
PO-2025-35897,2025-09-20,2025-10-06,2025-10-06,SUP-032,Lotus Components,India,Electronics,Connector Kit CK-8,R&D,5.38,1574,8468.12,Net 15,True,False
PO-2025-35887,2025-09-20,2025-10-08,2025-10-08,SUP-036,Golden Dragon Components,China,Electronics,Power Supply Unit 450W,Field Services,95.87,141,13517.67,Net 45,True,False
PO-2025-35803,2025-09-20,2025-09-25,2025-09-25,SUP-034,Pacific Rim Circuits,China,Electronics,PCB Assembly A-11,Corporate,63.58,213,13542.54,Net 45,True,False
PO-2025-35807,2025-09-20,2025-10-07,2025-10-07,SUP-034,Pacific Rim Circuits,China,Electronics,PCB Assembly A-11,Field Services,67.45,340,22933.0,Net 60,False,False
PO-2025-35848,2025-09-20,2025-10-01,2025-10-01,SUP-036,Golden Dragon Components,China,Electronics,Sensor Module SM-3,R&D,37.1,591,21926.1,Net 45,True,False
PO-2025-35817,2025-09-20,2025-10-08,2025-10-08,SUP-036,Golden Dragon Components,China,Electronics,Power Supply Unit 450W,Field Services,89.84,112,10062.08,Net 30,True,False
PO-2025-35797,2025-09-21,2025-10-08,2025-10-08,SUP-025,Cascade Semitech,USA,Electronics,Power Supply Unit 450W,R&D,86.3,155,13376.5,Net 45,True,False
PO-2025-35810,2025-09-21,2025-10-24,2025-10-28,SUP-029,Great Wall Components,China,Electronics,Power Supply Unit 450W,R&D,77.84,170,13232.8,Net 45,True,False
PO-2025-35884,2025-09-21,2025-09-30,2025-10-15,SUP-029,Great Wall Components,China,Electronics,Power Supply Unit 450W,Retail Operations,101.25,99,10023.75,Net 60,True,False
PO-2025-35906,2025-09-21,2025-10-21,2025-10-21,SUP-025,Cascade Semitech,USA,Electronics,Power Supply Unit 450W,Corporate,91.93,202,18569.86,Net 45,True,False
PO-2025-35888,2025-09-21,2025-10-11,2025-10-11,SUP-025,Cascade Semitech,USA,Electronics,PCB Assembly A-11,Manufacturing,64.52,411,26517.72,Net 30,True,False
PO-2025-35820,2025-09-22,2025-10-09,2025-10-09,SUP-033,Busan Components,South Korea,Electronics,Power Supply Unit 450W,R&D,71.89,68,4888.52,Net 60,True,False
PO-2025-35851,2025-09-22,2025-10-14,2025-10-14,SUP-034,Pacific Rim Circuits,China,Electronics,Microcontroller MCU-9,Retail Operations,9.97,2855,28464.35,Net 60,True,False
PO-2025-35852,2025-09-22,2025-10-21,2025-10-21,SUP-025,Cascade Semitech,USA,Electronics,PCB Assembly A-11,Field Services,67.81,180,12205.8,Net 60,True,False
PO-2025-35932,2025-09-22,2025-09-27,2025-09-27,SUP-035,Pacific Rim Semitech,China,Electronics,Microcontroller MCU-9,R&D,8.15,2545,20741.75,Net 30,True,False
PO-2025-35806,2025-09-22,2025-10-01,2025-10-01,SUP-032,Lotus Components,India,Electronics,Sensor Module SM-3,Retail Operations,28.72,541,15537.52,Net 60,True,False
PO-2025-35853,2025-09-23,2025-10-11,2025-10-11,SUP-025,Cascade Semitech,USA,Electronics,PCB Assembly A-11,Retail Operations,68.83,446,30698.18,Net 30,True,False
PO-2025-35872,2025-09-23,2025-10-15,2025-10-15,SUP-028,Summit Components,USA,Electronics,Power Supply Unit 450W,Retail Operations,86.75,175,15181.25,Net 45,True,False
PO-2025-35815,2025-09-23,2025-10-09,2025-10-09,SUP-025,Cascade Semitech,USA,Electronics,Power Supply Unit 450W,R&D,86.05,152,13079.6,Net 60,False,False
PO-2025-35833,2025-09-23,2025-10-11,2025-10-11,SUP-028,Summit Components,USA,Electronics,PCB Assembly A-11,Corporate,64.77,322,20855.94,Net 45,True,False
PO-2025-35891,2025-09-23,2025-10-04,2025-10-04,SUP-023,Schwarzwald Circuits,Germany,Electronics,Power Supply Unit 450W,Corporate,81.52,132,10760.64,Net 30,True,False
PO-2025-35881,2025-09-24,2025-10-04,2025-10-04,SUP-034,Pacific Rim Circuits,China,Electronics,Connector Kit CK-8,Manufacturing,5.78,3665,21183.7,Net 45,True,False
PO-2025-35828,2025-09-24,2025-10-28,2025-10-28,SUP-028,Summit Components,USA,Electronics,Microcontroller MCU-9,R&D,11.11,2124,23597.64,Net 60,True,False
PO-2025-35865,2025-09-24,2025-10-24,2025-10-24,SUP-036,Golden Dragon Components,China,Electronics,Microcontroller MCU-9,Retail Operations,11.41,548,6252.68,Net 30,True,False
PO-2025-35788,2025-09-24,2025-10-14,2025-10-30,SUP-029,Great Wall Components,China,Electronics,Microcontroller MCU-9,Corporate,10.56,2490,26294.4,Net 30,True,False
PO-2025-35861,2025-09-24,2025-10-02,2025-10-02,SUP-032,Lotus Components,India,Electronics,Sensor Module SM-3,Field Services,28.84,514,14823.76,Net 30,True,False
PO-2025-35856,2025-09-24,2025-10-19,2025-10-19,SUP-036,Golden Dragon Components,China,Electronics,PCB Assembly A-11,Corporate,70.6,305,21533.0,Net 45,True,False
PO-2025-35866,2025-09-25,2025-10-07,2025-10-07,SUP-032,Lotus Components,India,Electronics,Microcontroller MCU-9,Retail Operations,8.77,3032,26590.64,Net 45,True,False
PO-2025-35795,2025-09-25,2025-10-16,2025-10-16,SUP-036,Golden Dragon Components,China,Electronics,Connector Kit CK-8,Corporate,5.92,4067,24076.64,Net 60,True,False
PO-2025-35898,2025-09-25,2025-10-12,2025-10-12,SUP-034,Pacific Rim Circuits,China,Electronics,Power Supply Unit 450W,Manufacturing,93.42,170,15881.4,Net 30,True,False
PO-2025-35902,2025-09-25,2025-10-07,2025-10-10,SUP-028,Summit Components,USA,Electronics,Microcontroller MCU-9,Field Services,10.99,2502,27496.98,Net 45,True,False
PO-2025-35801,2025-09-25,2025-10-06,2025-10-06,SUP-022,Redwood Components,USA,Electronics,Sensor Module SM-3,Field Services,30.37,977,29671.49,Net 15,False,False
PO-2025-35854,2025-09-26,2025-10-15,2025-10-15,SUP-028,Summit Components,USA,Electronics,Sensor Module SM-3,Corporate,33.14,374,12394.36,Net 30,False,False
PO-2025-35925,2025-09-26,2025-10-16,2025-10-16,SUP-022,Redwood Components,USA,Electronics,PCB Assembly A-11,R&D,63.64,340,21637.6,Net 30,False,False
PO-2025-35927,2025-09-26,2025-10-06,2025-10-06,SUP-036,Golden Dragon Components,China,Electronics,PCB Assembly A-11,Retail Operations,69.42,384,26657.28,Net 45,True,False
PO-2025-35914,2025-09-27,2025-10-04,2025-10-04,SUP-032,Lotus Components,India,Electronics,Power Supply Unit 450W,Retail Operations,76.62,121,9271.02,Net 30,True,False
PO-2025-35896,2025-09-27,2025-10-24,2025-10-24,SUP-024,Sterling Components,USA,Electronics,Connector Kit CK-8,Manufacturing,6.09,3763,22916.67,Net 30,True,False
PO-2025-35804,2025-09-27,2025-10-02,2025-10-02,SUP-022,Redwood Components,USA,Electronics,Power Supply Unit 450W,Field Services,83.4,278,23185.2,Net 30,True,False
PO-2025-35855,2025-09-27,2025-10-28,2025-10-28,SUP-033,Busan Components,South Korea,Electronics,Microcontroller MCU-9,R&D,8.76,1309,11466.84,Net 30,True,False
PO-2025-35871,2025-09-27,2025-10-02,2025-10-02,SUP-035,Pacific Rim Semitech,China,Electronics,Sensor Module SM-3,Retail Operations,35.22,500,17610.0,Net 30,True,False
PO-2025-35834,2025-09-27,2025-10-12,2025-10-12,SUP-032,Lotus Components,India,Electronics,Power Supply Unit 450W,Corporate,72.16,162,11689.92,Net 30,True,False
PO-2025-35837,2025-09-27,2025-10-23,2025-11-09,SUP-029,Great Wall Components,China,Electronics,Connector Kit CK-8,Manufacturing,6.57,2414,15859.98,Net 30,True,False
PO-2025-35840,2025-09-27,2025-10-26,2025-10-26,SUP-034,Pacific Rim Circuits,China,Electronics,PCB Assembly A-11,Field Services,66.19,558,36934.02,Net 30,True,False
PO-2025-35830,2025-09-27,2025-10-21,2025-10-21,SUP-032,Lotus Components,India,Electronics,PCB Assembly A-11,R&D,54.81,342,18745.02,Net 30,True,False
PO-2025-35796,2025-09-28,2025-10-31,2025-10-31,SUP-034,Pacific Rim Circuits,China,Electronics,Power Supply Unit 450W,Retail Operations,91.92,116,10662.72,Net 15,True,False
PO-2025-35811,2025-09-28,2025-10-19,2025-10-19,SUP-028,Summit Components,USA,Electronics,Power Supply Unit 450W,Retail Operations,83.34,115,9584.1,Net 45,True,False
PO-2025-35880,2025-09-28,2025-10-20,2025-10-20,SUP-035,Pacific Rim Semitech,China,Electronics,PCB Assembly A-11,R&D,68.11,248,16891.28,Net 60,True,False
PO-2025-35889,2025-09-28,2025-10-13,2025-10-13,SUP-025,Cascade Semitech,USA,Electronics,Sensor Module SM-3,Manufacturing,31.85,740,23569.0,Net 30,True,False
PO-2025-35928,2025-09-28,2025-10-29,2025-10-29,SUP-028,Summit Components,USA,Electronics,Microcontroller MCU-9,R&D,10.21,1955,19960.55,Net 30,False,False
PO-2025-35818,2025-09-29,2025-10-17,2025-10-17,SUP-026,Great Wall Circuits,China,Electronics,Power Supply Unit 450W,Manufacturing,93.49,103,9629.47,Net 45,True,False
PO-2025-35825,2025-09-29,2025-10-05,2025-10-05,SUP-034,Pacific Rim Circuits,China,Electronics,Microcontroller MCU-9,Manufacturing,8.92,2941,26233.72,Net 30,True,False
PO-2025-35790,2025-09-29,2025-10-23,2025-10-23,SUP-034,Pacific Rim Circuits,China,Electronics,PCB Assembly A-11,Retail Operations,69.25,149,10318.25,Net 45,True,False
PO-2025-35847,2025-09-29,2025-10-12,2025-10-12,SUP-028,Summit Components,USA,Electronics,Sensor Module SM-3,Corporate,32.98,847,27934.06,Net 45,True,False
PO-2025-35809,2025-09-30,2025-10-31,2025-10-31,SUP-025,Cascade Semitech,USA,Electronics,PCB Assembly A-11,Retail Operations,70.39,385,27100.15,Net 30,True,False
PO-2025-35858,2025-09-30,2025-10-10,2025-10-10,SUP-028,Summit Components,USA,Electronics,Sensor Module SM-3,Manufacturing,31.82,621,19760.22,Net 30,True,False
PO-2025-35860,2025-09-30,2025-10-17,2025-10-17,SUP-033,Busan Components,South Korea,Electronics,PCB Assembly A-11,R&D,61.05,461,28144.05,Net 60,True,False
PO-2025-35882,2025-09-30,2025-10-18,2025-10-18,SUP-028,Summit Components,USA,Electronics,Power Supply Unit 450W,Manufacturing,87.82,92,8079.44,Net 45,True,False
PO-2025-35894,2025-09-30,2025-10-21,2025-10-21,SUP-022,Redwood Components,USA,Electronics,Power Supply Unit 450W,Retail Operations,81.3,182,14796.6,Net 45,True,False
PO-2025-35908,2025-09-30,2025-10-27,2025-10-27,SUP-036,Golden Dragon Components,China,Electronics,Power Supply Unit 450W,Corporate,95.7,139,13302.3,Net 45,True,False
PO-2025-37112,2025-10-01,2025-10-21,2025-10-21,SUP-028,Summit Components,USA,Electronics,Power Supply Unit 450W,R&D,91.34,85,7763.9,Net 45,False,False
PO-2025-37117,2025-10-01,2025-10-09,2025-10-09,SUP-033,Busan Components,South Korea,Electronics,Connector Kit CK-8,Corporate,5.22,3278,17111.16,Net 30,True,False
PO-2025-37125,2025-10-01,2025-10-08,2025-10-08,SUP-022,Redwood Components,USA,Electronics,Sensor Module SM-3,Retail Operations,29.3,685,20070.5,Net 60,True,False
PO-2025-36975,2025-10-01,2025-10-23,2025-10-23,SUP-028,Summit Components,USA,Electronics,Microcontroller MCU-9,Manufacturing,9.58,1122,10748.76,Net 45,True,False
PO-2025-36985,2025-10-01,2025-11-01,2025-11-01,SUP-025,Cascade Semitech,USA,Electronics,Microcontroller MCU-9,Manufacturing,10.2,2690,27438.0,Net 30,True,False
PO-2025-37027,2025-10-01,2025-10-28,2025-11-04,SUP-029,Great Wall Components,China,Electronics,Microcontroller MCU-9,Field Services,12.01,2817,33832.17,Net 60,False,False
PO-2025-37049,2025-10-01,2025-10-24,2025-10-26,SUP-029,Great Wall Components,China,Electronics,Power Supply Unit 450W,Corporate,83.25,194,16150.5,Net 45,False,True
PO-2025-37051,2025-10-01,2025-11-03,2025-11-03,SUP-031,Hanseatic Circuits,Germany,Electronics,Microcontroller MCU-9,R&D,9.72,2791,27128.52,Net 30,True,False
PO-2025-37053,2025-10-01,2025-10-31,2025-10-31,SUP-032,Lotus Components,India,Electronics,Connector Kit CK-8,Manufacturing,5.39,4110,22152.9,Net 30,True,False
PO-2025-37066,2025-10-02,2025-10-26,2025-10-28,SUP-025,Cascade Semitech,USA,Electronics,Power Supply Unit 450W,Retail Operations,86.96,75,6522.0,Net 45,True,False
PO-2025-37071,2025-10-02,2025-11-05,2025-11-09,SUP-024,Sterling Components,USA,Electronics,Sensor Module SM-3,Corporate,35.02,866,30327.32,Net 60,True,False
PO-2025-36994,2025-10-02,2025-11-03,2025-11-03,SUP-035,Pacific Rim Semitech,China,Electronics,Power Supply Unit 450W,Manufacturing,85.64,137,11732.68,Net 45,True,False
PO-2025-37028,2025-10-02,2025-10-13,2025-10-13,SUP-024,Sterling Components,USA,Electronics,Power Supply Unit 450W,Retail Operations,86.57,113,9782.41,Net 60,True,False
PO-2025-36979,2025-10-03,2025-10-27,2025-10-27,SUP-034,Pacific Rim Circuits,China,Electronics,Sensor Module SM-3,Manufacturing,32.88,504,16571.52,Net 30,True,False
PO-2025-36982,2025-10-03,2025-10-14,2025-10-14,SUP-036,Golden Dragon Components,China,Electronics,Sensor Module SM-3,Manufacturing,34.12,896,30571.52,Net 30,True,False
PO-2025-37047,2025-10-03,2025-10-25,2025-10-25,SUP-034,Pacific Rim Circuits,China,Electronics,Power Supply Unit 450W,Corporate,86.88,252,21893.76,Net 45,True,False
PO-2025-36984,2025-10-03,2025-10-11,2025-10-11,SUP-028,Summit Components,USA,Electronics,PCB Assembly A-11,Retail Operations,74.97,203,15218.91,Net 30,False,False
PO-2025-36988,2025-10-03,2025-10-09,2025-10-09,SUP-036,Golden Dragon Components,China,Electronics,PCB Assembly A-11,Field Services,71.76,419,30067.44,Net 45,True,False
PO-2025-36993,2025-10-03,2025-10-29,2025-10-29,SUP-025,Cascade Semitech,USA,Electronics,PCB Assembly A-11,R&D,77.84,199,15490.16,Net 45,True,False
PO-2025-37142,2025-10-03,2025-10-16,2025-10-16,SUP-032,Lotus Components,India,Electronics,Sensor Module SM-3,Retail Operations,27.64,585,16169.4,Net 45,True,False
PO-2025-37011,2025-10-03,2025-10-19,2025-10-19,SUP-028,Summit Components,USA,Electronics,Microcontroller MCU-9,R&D,10.45,2296,23993.2,Net 60,True,False
PO-2025-37010,2025-10-03,2025-10-12,2025-10-12,SUP-028,Summit Components,USA,Electronics,Connector Kit CK-8,R&D,5.96,2606,15531.76,Net 30,True,False
PO-2025-36986,2025-10-03,2025-10-18,2025-10-18,SUP-027,Golden Dragon Circuits,China,Electronics,Microcontroller MCU-9,Manufacturing,10.45,3446,36010.7,Net 30,True,False
PO-2025-36968,2025-10-03,2025-10-12,2025-10-12,SUP-028,Summit Components,USA,Electronics,Connector Kit CK-8,Field Services,6.08,3203,19474.24,Net 30,True,False
PO-2025-37097,2025-10-03,2025-10-28,2025-10-30,SUP-025,Cascade Semitech,USA,Electronics,Sensor Module SM-3,Manufacturing,34.2,632,21614.4,Net 60,True,False
PO-2025-37126,2025-10-03,2025-11-03,2025-11-03,SUP-034,Pacific Rim Circuits,China,Electronics,Connector Kit CK-8,Field Services,6.07,1,6.07,Net 60,True,False
PO-2025-37113,2025-10-03,2025-10-10,2025-10-10,SUP-034,Pacific Rim Circuits,China,Electronics,Connector Kit CK-8,Field Services,5.85,3079,18012.15,Net 45,False,False
PO-2025-37008,2025-10-04,2025-10-10,2025-10-10,SUP-022,Redwood Components,USA,Electronics,PCB Assembly A-11,Retail Operations,57.53,317,18237.01,Net 15,True,False
PO-2025-37050,2025-10-04,2025-10-16,2025-10-17,SUP-030,Sterling Semitech,USA,Electronics,Sensor Module SM-3,Field Services,31.57,435,13732.95,Net 15,False,False
PO-2025-37139,2025-10-05,2025-10-20,2025-10-20,SUP-033,Busan Components,South Korea,Electronics,PCB Assembly A-11,Corporate,59.18,506,29945.08,Net 45,True,False
PO-2025-37124,2025-10-05,2025-10-26,2025-10-26,SUP-034,Pacific Rim Circuits,China,Electronics,Sensor Module SM-3,Retail Operations,30.2,491,14828.2,Net 45,True,False
PO-2025-37034,2025-10-05,2025-10-22,2025-10-24,SUP-025,Cascade Semitech,USA,Electronics,Connector Kit CK-8,Field Services,5.99,3476,20821.24,Net 60,False,False
PO-2025-37044,2025-10-05,2025-10-27,2025-10-27,SUP-032,Lotus Components,India,Electronics,PCB Assembly A-11,Field Services,60.31,244,14715.64,Net 15,True,False
PO-2025-37095,2025-10-05,2025-10-15,2025-10-15,SUP-036,Golden Dragon Components,China,Electronics,Sensor Module SM-3,Corporate,31.85,868,27645.8,Net 30,True,False
PO-2025-37102,2025-10-05,2025-10-29,2025-10-29,SUP-036,Golden Dragon Components,China,Electronics,Sensor Module SM-3,Corporate,32.05,694,22242.7,Net 45,True,False
PO-2025-37118,2025-10-06,2025-10-12,2025-10-12,SUP-026,Great Wall Circuits,China,Electronics,PCB Assembly A-11,R&D,72.46,455,32969.3,Net 60,False,False
PO-2025-37009,2025-10-06,2025-10-19,2025-10-21,SUP-028,Summit Components,USA,Electronics,PCB Assembly A-11,R&D,67.27,449,30204.23,Net 45,True,False
PO-2025-37007,2025-10-06,2025-11-07,2025-11-08,SUP-032,Lotus Components,India,Electronics,PCB Assembly A-11,Corporate,54.58,283,15446.14,Net 60,True,False
PO-2025-37042,2025-10-06,2025-10-17,2025-10-17,SUP-032,Lotus Components,India,Electronics,Microcontroller MCU-9,Retail Operations,8.96,3649,32695.04,Net 30,True,False
PO-2025-37032,2025-10-06,2025-10-29,2025-10-29,SUP-028,Summit Components,USA,Electronics,Connector Kit CK-8,Field Services,6.41,1844,11820.04,Net 30,False,False
PO-2025-37025,2025-10-06,2025-10-24,2025-10-24,SUP-032,Lotus Components,India,Electronics,Microcontroller MCU-9,Retail Operations,8.7,1880,16356.0,Net 60,True,False
PO-2025-37002,2025-10-06,2025-10-17,2025-10-17,SUP-032,Lotus Components,India,Electronics,Microcontroller MCU-9,Field Services,8.5,3300,28050.0,Net 45,True,False
PO-2025-37060,2025-10-06,2025-10-13,2025-10-13,SUP-034,Pacific Rim Circuits,China,Electronics,Sensor Module SM-3,Corporate,30.12,650,19578.0,Net 15,True,False
PO-2025-37075,2025-10-06,2025-10-22,2025-10-22,SUP-034,Pacific Rim Circuits,China,Electronics,Microcontroller MCU-9,Field Services,9.99,2930,29270.7,Net 45,False,False
PO-2025-37077,2025-10-06,2025-11-02,2025-11-02,SUP-034,Pacific Rim Circuits,China,Electronics,Power Supply Unit 450W,Field Services,88.51,248,21950.48,Net 60,True,False
PO-2025-37099,2025-10-06,2025-10-15,2025-10-15,SUP-032,Lotus Components,India,Electronics,Power Supply Unit 450W,R&D,71.72,192,13770.24,Net 45,False,False
PO-2025-37100,2025-10-06,2025-10-28,2025-10-28,SUP-024,Sterling Components,USA,Electronics,Connector Kit CK-8,R&D,5.66,3055,17291.3,Net 30,True,False
PO-2025-37029,2025-10-07,2025-11-03,2025-11-03,SUP-023,Schwarzwald Circuits,Germany,Electronics,Power Supply Unit 450W,Field Services,77.43,290,22454.7,Net 45,False,False
PO-2025-37105,2025-10-08,2025-10-26,2025-10-26,SUP-023,Schwarzwald Circuits,Germany,Electronics,Sensor Module SM-3,Retail Operations,28.18,597,16823.46,Net 15,True,False
PO-2025-37005,2025-10-08,2025-11-07,2025-11-09,SUP-032,Lotus Components,India,Electronics,PCB Assembly A-11,Corporate,58.46,162,9470.52,Net 45,True,False
PO-2025-37093,2025-10-08,2025-11-04,2025-11-04,SUP-028,Summit Components,USA,Electronics,PCB Assembly A-11,Retail Operations,70.68,464,32795.52,Net 30,True,False
PO-2025-37111,2025-10-08,2025-10-15,2025-10-15,SUP-033,Busan Components,South Korea,Electronics,Power Supply Unit 450W,Corporate,74.58,127,9471.66,Net 45,True,False
PO-2025-36971,2025-10-08,2025-10-23,2025-10-23,SUP-034,Pacific Rim Circuits,China,Electronics,Power Supply Unit 450W,R&D,77.35,167,12917.45,Net 30,False,False
PO-2025-36980,2025-10-08,2025-10-20,2025-10-22,SUP-036,Golden Dragon Components,China,Electronics,Connector Kit CK-8,Retail Operations,6.19,3868,23942.92,Net 30,True,False
PO-2025-37135,2025-10-09,2025-10-19,2025-10-25,SUP-024,Sterling Components,USA,Electronics,Power Supply Unit 450W,Manufacturing,90.12,179,16131.48,Net 45,True,False
PO-2025-37038,2025-10-09,2025-11-05,2025-11-22,SUP-029,Great Wall Components,China,Electronics,Connector Kit CK-8,Corporate,5.74,2446,14040.04,Net 30,True,False
PO-2025-36964,2025-10-09,2025-11-07,2025-11-11,SUP-028,Summit Components,USA,Electronics,PCB Assembly A-11,Manufacturing,70.05,253,17722.65,Net 45,True,False
PO-2025-37088,2025-10-09,2025-10-20,2025-10-20,SUP-024,Sterling Components,USA,Electronics,Sensor Module SM-3,Field Services,30.51,625,19068.75,Net 45,True,False
PO-2025-37022,2025-10-09,2025-11-05,2025-11-07,SUP-025,Cascade Semitech,USA,Electronics,PCB Assembly A-11,R&D,69.33,324,22462.92,Net 30,True,False
PO-2025-37092,2025-10-09,2025-10-25,2025-10-25,SUP-034,Pacific Rim Circuits,China,Electronics,Sensor Module SM-3,R&D,31.01,764,23691.64,Net 30,True,False
PO-2025-37115,2025-10-10,2025-11-12,2025-11-22,SUP-029,Great Wall Components,China,Electronics,Connector Kit CK-8,Field Services,4.24,2343,9934.32,Net 60,True,False
PO-2025-37114,2025-10-10,2025-10-16,2025-10-16,SUP-022,Redwood Components,USA,Electronics,Microcontroller MCU-9,Manufacturing,9.74,1415,13782.1,Net 15,True,False
PO-2025-37136,2025-10-10,2025-11-03,2025-11-03,SUP-033,Busan Components,South Korea,Electronics,Connector Kit CK-8,R&D,4.78,982,4693.96,Net 45,True,False
PO-2025-37130,2025-10-10,2025-10-22,2025-10-22,SUP-034,Pacific Rim Circuits,China,Electronics,PCB Assembly A-11,Retail Operations,71.96,768,55265.28,Net 60,True,False
PO-2025-37068,2025-10-10,2025-10-19,2025-10-19,SUP-034,Pacific Rim Circuits,China,Electronics,PCB Assembly A-11,Manufacturing,72.11,274,19758.14,Net 30,True,False
PO-2025-37119,2025-10-10,2025-11-05,2025-11-05,SUP-034,Pacific Rim Circuits,China,Electronics,Connector Kit CK-8,Corporate,6.0,3254,19524.0,Net 45,True,False
PO-2025-36991,2025-10-10,2025-10-29,2025-10-29,SUP-036,Golden Dragon Components,China,Electronics,PCB Assembly A-11,Corporate,73.49,454,33364.46,Net 30,True,False
PO-2025-36989,2025-10-10,2025-10-26,2025-10-26,SUP-033,Busan Components,South Korea,Electronics,Microcontroller MCU-9,Manufacturing,9.25,2719,25150.75,Net 30,True,False
PO-2025-36978,2025-10-10,2025-11-05,2025-11-05,SUP-024,Sterling Components,USA,Electronics,Sensor Module SM-3,Corporate,32.3,298,9625.4,Net 45,True,False
PO-2025-37129,2025-10-11,2025-10-28,2025-10-28,SUP-022,Redwood Components,USA,Electronics,Power Supply Unit 450W,R&D,85.38,82,7001.16,Net 60,False,False
PO-2025-37055,2025-10-11,2025-11-12,2025-11-12,SUP-034,Pacific Rim Circuits,China,Electronics,Connector Kit CK-8,R&D,5.97,2847,16996.59,Net 45,True,False
PO-2025-37048,2025-10-11,2025-10-18,2025-10-21,SUP-026,Great Wall Circuits,China,Electronics,PCB Assembly A-11,Manufacturing,74.39,195,14506.05,Net 45,True,False
PO-2025-36983,2025-10-11,2025-10-20,2025-10-20,SUP-024,Sterling Components,USA,Electronics,Power Supply Unit 450W,Corporate,85.53,221,18902.13,Net 45,True,False
PO-2025-37074,2025-10-12,2025-11-14,2025-11-14,SUP-028,Summit Components,USA,Electronics,Connector Kit CK-8,Manufacturing,6.24,1384,8636.16,Net 30,True,False
PO-2025-37064,2025-10-12,2025-10-22,2025-10-22,SUP-032,Lotus Components,India,Electronics,Microcontroller MCU-9,R&D,8.78,2025,17779.5,Net 45,False,False
PO-2025-37098,2025-10-12,2025-10-20,2025-10-20,SUP-022,Redwood Components,USA,Electronics,Microcontroller MCU-9,Corporate,9.44,2329,21985.76,Net 30,True,False
PO-2025-37041,2025-10-12,2025-11-04,2025-11-04,SUP-025,Cascade Semitech,USA,Electronics,PCB Assembly A-11,Retail Operations,74.19,736,54603.84,Net 45,True,False
PO-2025-37039,2025-10-13,2025-11-14,2025-11-14,SUP-025,Cascade Semitech,USA,Electronics,Connector Kit CK-8,R&D,5.97,945,5641.65,Net 45,True,False
PO-2025-36992,2025-10-13,2025-11-03,2025-11-03,SUP-036,Golden Dragon Components,China,Electronics,Microcontroller MCU-9,Corporate,11.54,1657,19121.78,Net 30,False,False
PO-2025-37001,2025-10-13,2025-11-05,2025-11-05,SUP-036,Golden Dragon Components,China,Electronics,Connector Kit CK-8,Manufacturing,6.12,4465,27325.8,Net 45,True,False
PO-2025-37003,2025-10-13,2025-11-12,2025-11-12,SUP-029,Great Wall Components,China,Electronics,Power Supply Unit 450W,Corporate,93.56,176,16466.56,Net 45,True,False
PO-2025-37013,2025-10-13,2025-10-29,2025-10-29,SUP-024,Sterling Components,USA,Electronics,PCB Assembly A-11,Manufacturing,67.84,460,31206.4,Net 30,True,False
PO-2025-37012,2025-10-13,2025-10-29,2025-10-29,SUP-036,Golden Dragon Components,China,Electronics,Power Supply Unit 450W,Manufacturing,100.0,112,11200.0,Net 15,True,True
PO-2025-37043,2025-10-14,2025-10-20,2025-10-20,SUP-034,Pacific Rim Circuits,China,Electronics,Sensor Module SM-3,Field Services,33.28,401,13345.28,Net 60,True,False
PO-2025-37108,2025-10-14,2025-11-08,2025-11-08,SUP-032,Lotus Components,India,Electronics,Sensor Module SM-3,R&D,27.62,454,12539.48,Net 45,True,False
PO-2025-37045,2025-10-14,2025-11-08,2025-11-08,SUP-025,Cascade Semitech,USA,Electronics,Power Supply Unit 450W,R&D,87.51,69,6038.19,Net 30,True,False
PO-2025-37018,2025-10-14,2025-11-05,2025-11-05,SUP-033,Busan Components,South Korea,Electronics,Power Supply Unit 450W,Manufacturing,83.56,133,11113.48,Net 30,True,False
PO-2025-37134,2025-10-14,2025-10-21,2025-10-21,SUP-032,Lotus Components,India,Electronics,Microcontroller MCU-9,R&D,9.05,3393,30706.65,Net 30,True,False
PO-2025-37121,2025-10-14,2025-10-19,2025-10-19,SUP-028,Summit Components,USA,Electronics,Connector Kit CK-8,Retail Operations,5.56,6091,33865.96,Net 30,True,False
PO-2025-37014,2025-10-15,2025-11-08,2025-11-08,SUP-023,Schwarzwald Circuits,Germany,Electronics,Microcontroller MCU-9,Manufacturing,9.09,3000,27270.0,Net 15,False,False
PO-2025-37120,2025-10-15,2025-11-04,2025-11-04,SUP-023,Schwarzwald Circuits,Germany,Electronics,Sensor Module SM-3,Retail Operations,28.46,721,20519.66,Net 45,True,False
PO-2025-37109,2025-10-15,2025-10-25,2025-10-27,SUP-036,Golden Dragon Components,China,Electronics,Sensor Module SM-3,Corporate,33.85,589,19937.65,Net 60,True,False
PO-2025-37106,2025-10-15,2025-10-26,2025-10-26,SUP-032,Lotus Components,India,Electronics,Power Supply Unit 450W,Field Services,76.0,125,9500.0,Net 60,True,False
PO-2025-37090,2025-10-15,2025-11-10,2025-11-10,SUP-033,Busan Components,South Korea,Electronics,Connector Kit CK-8,Corporate,5.02,3377,16952.54,Net 30,True,False
PO-2025-36997,2025-10-15,2025-11-16,2025-11-16,SUP-025,Cascade Semitech,USA,Electronics,Power Supply Unit 450W,Corporate,91.22,184,16784.48,Net 30,True,True
PO-2025-36967,2025-10-16,2025-11-16,2025-11-21,SUP-028,Summit Components,USA,Electronics,Connector Kit CK-8,R&D,6.16,3175,19558.0,Net 45,False,False
PO-2025-36970,2025-10-16,2025-11-02,2025-11-02,SUP-034,Pacific Rim Circuits,China,Electronics,Sensor Module SM-3,Corporate,31.56,457,14422.92,Net 15,True,False
PO-2025-37063,2025-10-17,2025-10-22,2025-10-22,SUP-034,Pacific Rim Circuits,China,Electronics,Connector Kit CK-8,R&D,5.96,3606,21491.76,Net 30,True,False
PO-2025-37070,2025-10-17,2025-11-08,2025-11-08,SUP-036,Golden Dragon Components,China,Electronics,Microcontroller MCU-9,Retail Operations,11.23,2608,29287.84,Net 30,True,False
PO-2025-37072,2025-10-18,2025-11-04,2025-11-04,SUP-028,Summit Components,USA,Electronics,Connector Kit CK-8,Field Services,5.8,1628,9442.4,Net 45,True,False
PO-2025-37056,2025-10-18,2025-11-04,2025-11-04,SUP-028,Summit Components,USA,Electronics,Microcontroller MCU-9,Field Services,10.13,2360,23906.8,Net 15,True,False
PO-2025-37004,2025-10-18,2025-10-24,2025-10-24,SUP-032,Lotus Components,India,Electronics,Power Supply Unit 450W,Manufacturing,78.97,150,11845.5,Net 15,True,False
PO-2025-37123,2025-10-18,2025-10-26,2025-10-26,SUP-033,Busan Components,South Korea,Electronics,Sensor Module SM-3,R&D,29.93,456,13648.08,Net 45,True,False
PO-2025-37128,2025-10-18,2025-11-21,2025-11-21,SUP-022,Redwood Components,USA,Electronics,PCB Assembly A-11,Retail Operations,63.31,688,43557.28,Net 15,True,False
PO-2025-37116,2025-10-18,2025-11-09,2025-11-09,SUP-033,Busan Components,South Korea,Electronics,Sensor Module SM-3,Corporate,25.79,378,9748.62,Net 45,True,False
PO-2025-37140,2025-10-18,2025-11-07,2025-11-07,SUP-036,Golden Dragon Components,China,Electronics,Microcontroller MCU-9,Field Services,10.85,3205,34774.25,Net 30,True,False
PO-2025-37058,2025-10-19,2025-11-01,2025-11-01,SUP-032,Lotus Components,India,Electronics,PCB Assembly A-11,Corporate,61.55,324,19942.2,Net 30,True,False
PO-2025-37107,2025-10-19,2025-10-27,2025-10-27,SUP-032,Lotus Components,India,Electronics,Microcontroller MCU-9,Retail Operations,8.62,1675,14438.5,Net 45,True,False
PO-2025-36998,2025-10-19,2025-10-28,2025-10-28,SUP-033,Busan Components,South Korea,Electronics,Sensor Module SM-3,Field Services,28.3,616,17432.8,Net 30,True,False
PO-2025-36981,2025-10-19,2025-11-12,2025-11-12,SUP-024,Sterling Components,USA,Electronics,Sensor Module SM-3,Corporate,31.22,490,15297.8,Net 60,True,False
PO-2025-37015,2025-10-19,2025-11-16,2025-11-16,SUP-022,Redwood Components,USA,Electronics,PCB Assembly A-11,Corporate,65.22,512,33392.64,Net 30,True,False
PO-2025-37017,2025-10-19,2025-10-29,2025-10-29,SUP-028,Summit Components,USA,Electronics,Power Supply Unit 450W,Corporate,86.06,50,4303.0,Net 15,True,False
PO-2025-37040,2025-10-20,2025-11-20,2025-11-20,SUP-034,Pacific Rim Circuits,China,Electronics,Sensor Module SM-3,Manufacturing,32.55,652,21222.6,Net 30,True,False
PO-2025-37030,2025-10-20,2025-11-05,2025-11-05,SUP-022,Redwood Components,USA,Electronics,Microcontroller MCU-9,Manufacturing,9.83,1570,15433.1,Net 30,True,False
PO-2025-37057,2025-10-20,2025-11-22,2025-11-24,SUP-032,Lotus Components,India,Electronics,Microcontroller MCU-9,R&D,9.35,1974,18456.9,Net 60,True,False
PO-2025-37096,2025-10-20,2025-11-12,2025-11-12,SUP-028,Summit Components,USA,Electronics,Sensor Module SM-3,Corporate,33.27,885,29443.95,Net 45,True,False
PO-2025-36976,2025-10-20,2025-11-19,2025-11-19,SUP-032,Lotus Components,India,Electronics,Microcontroller MCU-9,R&D,8.66,3369,29175.54,Net 45,True,False
PO-2025-36965,2025-10-21,2025-11-22,2025-11-27,SUP-032,Lotus Components,India,Electronics,Power Supply Unit 450W,Corporate,78.39,78,6114.42,Net 30,True,False
PO-2025-37065,2025-10-21,2025-11-17,2025-11-17,SUP-025,Cascade Semitech,USA,Electronics,Power Supply Unit 450W,Corporate,89.91,221,19870.11,Net 30,True,False
PO-2025-37067,2025-10-21,2025-11-20,2025-11-20,SUP-032,Lotus Components,India,Electronics,Sensor Module SM-3,Manufacturing,27.19,73,1984.87,Net 30,True,False
PO-2025-37052,2025-10-21,2025-10-31,2025-10-31,SUP-033,Busan Components,South Korea,Electronics,Sensor Module SM-3,Field Services,27.71,582,16127.22,Net 45,True,False
PO-2025-37076,2025-10-22,2025-10-28,2025-10-28,SUP-024,Sterling Components,USA,Electronics,Microcontroller MCU-9,Retail Operations,10.17,1568,15946.56,Net 30,True,False
PO-2025-37069,2025-10-22,2025-11-22,2025-11-22,SUP-032,Lotus Components,India,Electronics,PCB Assembly A-11,Retail Operations,62.23,316,19664.68,Net 60,True,False
PO-2025-36972,2025-10-22,2025-11-19,2025-11-19,SUP-034,Pacific Rim Circuits,China,Electronics,PCB Assembly A-11,R&D,73.9,323,23869.7,Net 45,True,False
PO-2025-36996,2025-10-22,2025-10-31,2025-10-31,SUP-028,Summit Components,USA,Electronics,Microcontroller MCU-9,Retail Operations,10.02,1825,18286.5,Net 30,True,False
PO-2025-37110,2025-10-22,2025-11-09,2025-11-09,SUP-032,Lotus Components,India,Electronics,Power Supply Unit 450W,Manufacturing,74.21,94,6975.74,Net 30,True,False
PO-2025-37019,2025-10-22,2025-11-02,2025-11-02,SUP-034,Pacific Rim Circuits,China,Electronics,Power Supply Unit 450W,Field Services,85.65,123,10534.95,Net 15,True,False
PO-2025-37141,2025-10-22,2025-11-04,2025-11-04,SUP-028,Summit Components,USA,Electronics,Sensor Module SM-3,Corporate,32.16,632,20325.12,Net 30,True,False
PO-2025-37037,2025-10-23,2025-11-11,2025-11-11,SUP-036,Golden Dragon Components,China,Electronics,Microcontroller MCU-9,Field Services,12.02,1944,23366.88,Net 45,False,False
PO-2025-37131,2025-10-23,2025-11-06,2025-11-06,SUP-025,Cascade Semitech,USA,Electronics,Connector Kit CK-8,R&D,6.05,2196,13285.8,Net 30,True,False
PO-2025-36969,2025-10-23,2025-11-26,2025-11-26,SUP-032,Lotus Components,India,Electronics,Power Supply Unit 450W,Corporate,81.92,267,21872.64,Net 45,True,False
PO-2025-37036,2025-10-23,2025-11-15,2025-11-15,SUP-034,Pacific Rim Circuits,China,Electronics,Microcontroller MCU-9,Corporate,10.77,2991,32213.07,Net 15,True,False
PO-2025-37082,2025-10-23,2025-11-12,2025-11-12,SUP-034,Pacific Rim Circuits,China,Electronics,Sensor Module SM-3,Manufacturing,34.15,576,19670.4,Net 30,True,False
PO-2025-37094,2025-10-23,2025-11-04,2025-11-04,SUP-028,Summit Components,USA,Electronics,Sensor Module SM-3,Retail Operations,33.4,721,24081.4,Net 45,True,False
PO-2025-37091,2025-10-23,2025-11-17,2025-11-17,SUP-025,Cascade Semitech,USA,Electronics,PCB Assembly A-11,Corporate,64.82,545,35326.9,Net 15,True,False
PO-2025-37087,2025-10-23,2025-11-18,2025-11-18,SUP-033,Busan Components,South Korea,Electronics,Microcontroller MCU-9,Field Services,8.71,1943,16923.53,Net 60,False,False
PO-2025-37104,2025-10-23,2025-11-19,2025-11-19,SUP-022,Redwood Components,USA,Electronics,PCB Assembly A-11,R&D,62.69,406,25452.14,Net 45,True,False
PO-2025-37000,2025-10-24,2025-11-04,2025-11-07,SUP-032,Lotus Components,India,Electronics,Sensor Module SM-3,Manufacturing,27.46,549,15075.54,Net 30,True,False
PO-2025-37083,2025-10-24,2025-10-29,2025-10-29,SUP-028,Summit Components,USA,Electronics,PCB Assembly A-11,Manufacturing,70.08,178,12474.24,Net 45,True,False
PO-2025-37089,2025-10-24,2025-11-14,2025-11-14,SUP-024,Sterling Components,USA,Electronics,Microcontroller MCU-9,R&D,10.67,2622,27976.74,Net 60,True,False
PO-2025-36966,2025-10-24,2025-11-05,2025-11-05,SUP-028,Summit Components,USA,Electronics,Connector Kit CK-8,Field Services,5.55,3267,18131.85,Net 45,False,False
PO-2025-37073,2025-10-25,2025-10-31,2025-11-13,SUP-029,Great Wall Components,China,Electronics,Sensor Module SM-3,Manufacturing,31.63,356,11260.28,Net 30,True,False
PO-2025-37103,2025-10-26,2025-11-28,2025-11-28,SUP-028,Summit Components,USA,Electronics,PCB Assembly A-11,Field Services,74.01,211,15616.11,Net 30,True,False
PO-2025-37132,2025-10-26,2025-11-02,2025-11-02,SUP-028,Summit Components,USA,Electronics,Sensor Module SM-3,Field Services,31.84,523,16652.32,Net 30,False,False
PO-2025-37084,2025-10-26,2025-11-24,2025-11-24,SUP-022,Redwood Components,USA,Electronics,Microcontroller MCU-9,Retail Operations,9.11,2987,27211.57,Net 30,True,False
PO-2025-37020,2025-10-26,2025-11-18,2025-11-18,SUP-034,Pacific Rim Circuits,China,Electronics,Sensor Module SM-3,Retail Operations,31.97,772,24680.84,Net 30,True,False
PO-2025-37026,2025-10-26,2025-11-10,2025-11-10,SUP-025,Cascade Semitech,USA,Electronics,Connector Kit CK-8,Retail Operations,6.09,3097,18860.73,Net 45,True,False
PO-2025-37035,2025-10-26,2025-11-03,2025-11-03,SUP-025,Cascade Semitech,USA,Electronics,Sensor Module SM-3,Field Services,33.05,939,31033.95,Net 60,False,False
PO-2025-37054,2025-10-26,2025-11-24,2025-11-24,SUP-024,Sterling Components,USA,Electronics,Power Supply Unit 450W,Corporate,88.33,148,13072.84,Net 45,True,False
PO-2025-36977,2025-10-26,2025-11-08,2025-11-08,SUP-032,Lotus Components,India,Electronics,PCB Assembly A-11,Corporate,57.34,453,25975.02,Net 30,True,False
PO-2025-36963,2025-10-26,2025-11-18,2025-11-18,SUP-028,Summit Components,USA,Electronics,PCB Assembly A-11,R&D,73.53,395,29044.35,Net 45,False,False
PO-2025-37033,2025-10-26,2025-11-17,2025-11-17,SUP-032,Lotus Components,India,Electronics,Connector Kit CK-8,R&D,5.01,2651,13281.51,Net 45,True,False
PO-2025-37137,2025-10-27,2025-11-18,2025-11-25,SUP-029,Great Wall Components,China,Electronics,Microcontroller MCU-9,Field Services,9.69,3031,29370.39,Net 60,False,False
PO-2025-36974,2025-10-27,2025-11-27,2025-11-27,SUP-027,Golden Dragon Circuits,China,Electronics,Connector Kit CK-8,R&D,5.8,2070,12006.0,Net 45,True,False
PO-2025-36987,2025-10-27,2025-11-08,2025-11-08,SUP-028,Summit Components,USA,Electronics,Power Supply Unit 450W,Retail Operations,87.34,146,12751.64,Net 60,True,False
PO-2025-36990,2025-10-27,2025-11-05,2025-11-05,SUP-030,Sterling Semitech,USA,Electronics,PCB Assembly A-11,Corporate,62.71,594,37249.74,Net 30,True,False
PO-2025-37024,2025-10-28,2025-11-15,2025-11-16,SUP-036,Golden Dragon Components,China,Electronics,Sensor Module SM-3,R&D,34.22,232,7939.04,Net 30,True,False
PO-2025-37031,2025-10-28,2025-11-05,2025-11-07,SUP-025,Cascade Semitech,USA,Electronics,Microcontroller MCU-9,Manufacturing,10.4,1432,14892.8,Net 30,True,False
PO-2025-37061,2025-10-28,2025-11-11,2025-11-11,SUP-034,Pacific Rim Circuits,China,Electronics,Power Supply Unit 450W,Field Services,86.93,179,15560.47,Net 30,False,False
PO-2025-37078,2025-10-28,2025-12-01,2025-12-01,SUP-025,Cascade Semitech,USA,Electronics,Power Supply Unit 450W,Retail Operations,82.43,125,10303.75,Net 30,True,False
PO-2025-37006,2025-10-28,2025-11-07,2025-11-18,SUP-029,Great Wall Components,China,Electronics,Power Supply Unit 450W,Retail Operations,103.66,77,7981.82,Net 45,True,True
PO-2025-36995,2025-10-29,2025-11-09,2025-11-09,SUP-034,Pacific Rim Circuits,China,Electronics,Sensor Module SM-3,Field Services,31.04,811,25173.44,Net 30,True,False
PO-2025-36999,2025-10-29,2025-11-23,2025-11-23,SUP-025,Cascade Semitech,USA,Electronics,Power Supply Unit 450W,Manufacturing,87.45,147,12855.15,Net 30,True,False
PO-2025-37016,2025-10-29,2025-11-17,2025-11-17,SUP-035,Pacific Rim Semitech,China,Electronics,Connector Kit CK-8,R&D,5.25,2543,13350.75,Net 30,True,False
PO-2025-37023,2025-10-29,2025-11-16,2025-11-16,SUP-032,Lotus Components,India,Electronics,Connector Kit CK-8,Retail Operations,5.19,2661,13810.59,Net 30,True,False
PO-2025-37046,2025-10-29,2025-11-03,2025-11-04,SUP-033,Busan Components,South Korea,Electronics,Microcontroller MCU-9,Field Services,9.01,803,7235.03,Net 45,False,False
PO-2025-37122,2025-10-29,2025-11-18,2025-11-19,SUP-035,Pacific Rim Semitech,China,Electronics,Connector Kit CK-8,Retail Operations,5.64,3973,22407.72,Net 45,True,False
PO-2025-37081,2025-10-29,2025-11-21,2025-11-22,SUP-022,Redwood Components,USA,Electronics,Microcontroller MCU-9,R&D,9.78,1808,17682.24,Net 30,True,False
PO-2025-37080,2025-10-29,2025-11-15,2025-11-15,SUP-028,Summit Components,USA,Electronics,Connector Kit CK-8,Field Services,5.55,1835,10184.25,Net 30,False,False
PO-2025-37079,2025-10-29,2025-11-04,2025-11-04,SUP-024,Sterling Components,USA,Electronics,Power Supply Unit 450W,Manufacturing,89.92,144,12948.48,Net 30,True,False
PO-2025-37062,2025-10-29,2025-12-01,2025-12-01,SUP-036,Golden Dragon Components,China,Electronics,Microcontroller MCU-9,Field Services,10.64,2127,22631.28,Net 45,False,False
PO-2025-37059,2025-10-30,2025-11-11,2025-11-13,SUP-032,Lotus Components,India,Electronics,Connector Kit CK-8,Manufacturing,5.31,1892,10046.52,Net 30,True,False
PO-2025-37085,2025-10-30,2025-11-14,2025-11-30,SUP-029,Great Wall Components,China,Electronics,Sensor Module SM-3,Corporate,39.75,920,36570.0,Net 60,True,True
PO-2025-37086,2025-10-30,2025-11-16,2025-11-16,SUP-032,Lotus Components,India,Electronics,Microcontroller MCU-9,R&D,9.25,1331,12311.75,Net 45,False,False
PO-2025-37127,2025-10-30,2025-11-05,2025-11-07,SUP-034,Pacific Rim Circuits,China,Electronics,Connector Kit CK-8,Corporate,5.53,2495,13797.35,Net 30,True,False
PO-2025-37021,2025-10-31,2025-11-14,2025-11-17,SUP-022,Redwood Components,USA,Electronics,Sensor Module SM-3,Retail Operations,33.47,498,16668.06,Net 30,True,False
PO-2025-37138,2025-10-31,2025-11-19,2025-11-19,SUP-036,Golden Dragon Components,China,Electronics,Connector Kit CK-8,Manufacturing,6.33,3006,19027.98,Net 30,True,False
PO-2025-37101,2025-10-31,2025-11-12,2025-11-12,SUP-034,Pacific Rim Circuits,China,Electronics,Power Supply Unit 450W,Field Services,84.71,132,11181.72,Net 45,True,False
PO-2025-37133,2025-10-31,2025-11-09,2025-11-24,SUP-029,Great Wall Components,China,Electronics,Power Supply Unit 450W,R&D,99.1,101,10009.1,Net 30,True,False
PO-2025-36973,2025-10-31,2025-11-06,2025-11-06,SUP-034,Pacific Rim Circuits,China,Electronics,Connector Kit CK-8,Retail Operations,5.88,3346,19674.48,Net 45,True,False
PO-2025-38341,2025-11-01,2025-11-06,2025-11-06,SUP-034,Pacific Rim Circuits,China,Electronics,Connector Kit CK-8,Corporate,6.09,2065,12575.85,Net 45,True,False
PO-2025-38344,2025-11-01,2025-12-05,2025-12-07,SUP-036,Golden Dragon Components,China,Electronics,Sensor Module SM-3,Retail Operations,34.76,531,18457.56,Net 30,True,False
PO-2025-38406,2025-11-01,2025-11-30,2025-11-30,SUP-034,Pacific Rim Circuits,China,Electronics,PCB Assembly A-11,R&D,74.35,314,23345.9,Net 45,False,False
PO-2025-38395,2025-11-01,2025-11-10,2025-11-10,SUP-031,Hanseatic Circuits,Germany,Electronics,PCB Assembly A-11,R&D,64.9,576,37382.4,Net 30,True,False
PO-2025-38441,2025-11-01,2025-11-20,2025-11-20,SUP-023,Schwarzwald Circuits,Germany,Electronics,Connector Kit CK-8,Manufacturing,5.33,2988,15926.04,Net 45,True,False
PO-2025-38413,2025-11-01,2025-11-15,2025-11-17,SUP-025,Cascade Semitech,USA,Electronics,Sensor Module SM-3,Retail Operations,35.44,424,15026.56,Net 30,True,False
PO-2025-38453,2025-11-02,2025-12-05,2025-12-05,SUP-028,Summit Components,USA,Electronics,PCB Assembly A-11,Field Services,72.18,345,24902.1,Net 60,True,False
PO-2025-38322,2025-11-02,2025-11-07,2025-11-07,SUP-034,Pacific Rim Circuits,China,Electronics,Power Supply Unit 450W,Corporate,88.43,182,16094.26,Net 15,True,False
PO-2025-38417,2025-11-02,2025-11-21,2025-11-21,SUP-024,Sterling Components,USA,Electronics,PCB Assembly A-11,Field Services,68.94,554,38192.76,Net 45,False,False
PO-2025-38324,2025-11-03,2025-11-24,2025-11-24,SUP-035,Pacific Rim Semitech,China,Electronics,PCB Assembly A-11,R&D,68.94,478,32953.32,Net 60,False,False
PO-2025-38450,2025-11-03,2025-11-24,2025-11-24,SUP-033,Busan Components,South Korea,Electronics,Microcontroller MCU-9,Corporate,8.57,2861,24518.77,Net 45,True,False
PO-2025-38455,2025-11-03,2025-11-12,2025-11-12,SUP-028,Summit Components,USA,Electronics,Connector Kit CK-8,Corporate,5.74,2757,15825.18,Net 45,True,False
PO-2025-38471,2025-11-03,2025-11-11,2025-11-11,SUP-033,Busan Components,South Korea,Electronics,Connector Kit CK-8,Field Services,5.1,4426,22572.6,Net 45,True,False
PO-2025-38416,2025-11-03,2025-11-17,2025-11-17,SUP-033,Busan Components,South Korea,Electronics,PCB Assembly A-11,Corporate,61.53,555,34149.15,Net 45,True,False
PO-2025-38391,2025-11-03,2025-11-15,2025-11-15,SUP-034,Pacific Rim Circuits,China,Electronics,Microcontroller MCU-9,Retail Operations,10.2,3375,34425.0,Net 45,True,False
PO-2025-38481,2025-11-04,2025-11-11,2025-11-11,SUP-024,Sterling Components,USA,Electronics,Power Supply Unit 450W,Manufacturing,95.98,112,10749.76,Net 30,True,False
PO-2025-38472,2025-11-04,2025-11-27,2025-11-27,SUP-024,Sterling Components,USA,Electronics,Microcontroller MCU-9,Field Services,10.37,2674,27729.38,Net 30,True,False
PO-2025-38348,2025-11-04,2025-12-08,2025-12-08,SUP-024,Sterling Components,USA,Electronics,Power Supply Unit 450W,R&D,93.77,94,8814.38,Net 30,True,False
PO-2025-38362,2025-11-04,2025-11-29,2025-11-29,SUP-028,Summit Components,USA,Electronics,Power Supply Unit 450W,Corporate,86.39,185,15982.15,Net 60,True,False
PO-2025-38383,2025-11-04,2025-12-07,2025-12-07,SUP-032,Lotus Components,India,Electronics,Microcontroller MCU-9,Corporate,8.44,1,8.44,Net 30,True,False
PO-2025-38330,2025-11-04,2025-11-14,2025-11-14,SUP-028,Summit Components,USA,Electronics,Connector Kit CK-8,Manufacturing,5.78,1884,10889.52,Net 60,True,False
PO-2025-38367,2025-11-05,2025-11-28,2025-11-28,SUP-032,Lotus Components,India,Electronics,Microcontroller MCU-9,Manufacturing,9.63,3148,30315.24,Net 45,True,False
PO-2025-38486,2025-11-05,2025-12-09,2025-12-09,SUP-032,Lotus Components,India,Electronics,PCB Assembly A-11,Corporate,59.32,478,28354.96,Net 60,True,False
PO-2025-38411,2025-11-05,2025-11-12,2025-11-12,SUP-024,Sterling Components,USA,Electronics,Power Supply Unit 450W,Field Services,87.38,150,13107.0,Net 30,True,False
PO-2025-38408,2025-11-05,2025-11-14,2025-11-14,SUP-028,Summit Components,USA,Electronics,Power Supply Unit 450W,Retail Operations,88.89,243,21600.27,Net 30,True,False
PO-2025-38470,2025-11-05,2025-11-25,2025-11-25,SUP-025,Cascade Semitech,USA,Electronics,Connector Kit CK-8,Corporate,6.24,4029,25140.96,Net 30,True,False
PO-2025-38398,2025-11-05,2025-12-04,2025-12-04,SUP-032,Lotus Components,India,Electronics,Microcontroller MCU-9,Retail Operations,8.78,2367,20782.26,Net 30,True,False
PO-2025-38473,2025-11-06,2025-11-14,2025-11-14,SUP-028,Summit Components,USA,Electronics,Microcontroller MCU-9,Retail Operations,10.48,1066,11171.68,Net 30,True,False
PO-2025-38405,2025-11-06,2025-11-21,2025-11-21,SUP-022,Redwood Components,USA,Electronics,PCB Assembly A-11,Corporate,65.24,285,18593.4,Net 45,True,False
PO-2025-38319,2025-11-07,2025-12-06,2025-12-06,SUP-036,Golden Dragon Components,China,Electronics,Microcontroller MCU-9,Corporate,10.63,738,7844.94,Net 30,True,False
PO-2025-38325,2025-11-07,2025-11-13,2025-11-13,SUP-025,Cascade Semitech,USA,Electronics,Microcontroller MCU-9,Corporate,10.26,2038,20909.88,Net 15,True,False
PO-2025-38427,2025-11-07,2025-11-25,2025-11-25,SUP-028,Summit Components,USA,Electronics,Microcontroller MCU-9,Retail Operations,10.17,1879,19109.43,Net 60,True,False
PO-2025-38480,2025-11-07,2025-12-03,2025-12-03,SUP-034,Pacific Rim Circuits,China,Electronics,Sensor Module SM-3,Field Services,32.09,913,29298.17,Net 30,True,False
PO-2025-38370,2025-11-07,2025-12-01,2025-12-01,SUP-036,Golden Dragon Components,China,Electronics,Microcontroller MCU-9,Manufacturing,10.29,2726,28050.54,Net 60,True,False
PO-2025-38365,2025-11-07,2025-12-05,2025-12-23,SUP-029,Great Wall Components,China,Electronics,PCB Assembly A-11,Corporate,53.99,576,31098.24,Net 30,True,False
PO-2025-38431,2025-11-07,2025-11-18,2025-11-18,SUP-036,Golden Dragon Components,China,Electronics,Power Supply Unit 450W,Manufacturing,92.49,164,15168.36,Net 45,False,False
PO-2025-38485,2025-11-07,2025-11-16,2025-11-19,SUP-022,Redwood Components,USA,Electronics,Microcontroller MCU-9,Corporate,9.06,1397,12656.82,Net 45,True,False
PO-2025-38456,2025-11-07,2025-12-02,2025-12-02,SUP-033,Busan Components,South Korea,Electronics,Sensor Module SM-3,Retail Operations,30.83,940,28980.2,Net 30,True,False
PO-2025-38458,2025-11-07,2025-11-17,2025-11-17,SUP-028,Summit Components,USA,Electronics,Power Supply Unit 450W,Corporate,90.91,174,15818.34,Net 60,False,False
PO-2025-38355,2025-11-08,2025-11-18,2025-11-18,SUP-034,Pacific Rim Circuits,China,Electronics,Microcontroller MCU-9,Field Services,9.7,2621,25423.7,Net 60,True,False
PO-2025-38369,2025-11-08,2025-11-19,2025-11-19,SUP-025,Cascade Semitech,USA,Electronics,Sensor Module SM-3,R&D,32.19,425,13680.75,Net 45,True,False
PO-2025-38397,2025-11-08,2025-11-14,2025-11-14,SUP-036,Golden Dragon Components,China,Electronics,Sensor Module SM-3,R&D,32.91,741,24386.31,Net 45,False,False
PO-2025-38432,2025-11-08,2025-12-12,2025-12-12,SUP-028,Summit Components,USA,Electronics,PCB Assembly A-11,Field Services,69.94,380,26577.2,Net 60,True,False
PO-2025-38467,2025-11-08,2025-11-13,2025-11-13,SUP-026,Great Wall Circuits,China,Electronics,Microcontroller MCU-9,Field Services,10.95,2245,24582.75,Net 30,True,False
PO-2025-38321,2025-11-08,2025-12-01,2025-12-01,SUP-028,Summit Components,USA,Electronics,PCB Assembly A-11,Manufacturing,67.64,326,22050.64,Net 60,True,False
PO-2025-38323,2025-11-08,2025-12-02,2025-12-02,SUP-034,Pacific Rim Circuits,China,Electronics,Microcontroller MCU-9,Retail Operations,10.79,2035,21957.65,Net 45,True,False
PO-2025-38394,2025-11-08,2025-12-10,2025-12-10,SUP-028,Summit Components,USA,Electronics,Sensor Module SM-3,R&D,32.13,655,21045.15,Net 30,True,False
PO-2025-38327,2025-11-08,2025-11-23,2025-11-23,SUP-028,Summit Components,USA,Electronics,Sensor Module SM-3,Manufacturing,35.45,883,31302.35,Net 30,True,False
PO-2025-38335,2025-11-08,2025-12-02,2025-12-02,SUP-028,Summit Components,USA,Electronics,Connector Kit CK-8,Corporate,5.91,2912,17209.92,Net 45,True,False
PO-2025-38434,2025-11-09,2025-11-14,2025-11-24,SUP-029,Great Wall Components,China,Electronics,Connector Kit CK-8,R&D,4.56,3760,17145.6,Net 45,True,True
PO-2025-38421,2025-11-09,2025-12-08,2025-12-08,SUP-036,Golden Dragon Components,China,Electronics,Power Supply Unit 450W,R&D,97.24,159,15461.16,Net 60,False,False
PO-2025-38479,2025-11-09,2025-11-14,2025-11-14,SUP-032,Lotus Components,India,Electronics,Power Supply Unit 450W,Corporate,82.86,209,17317.74,Net 45,True,False
PO-2025-38331,2025-11-09,2025-11-17,2025-11-17,SUP-022,Redwood Components,USA,Electronics,Microcontroller MCU-9,R&D,9.57,2926,28001.82,Net 30,False,False
PO-2025-38337,2025-11-09,2025-11-23,2025-11-23,SUP-032,Lotus Components,India,Electronics,PCB Assembly A-11,R&D,59.84,407,24354.88,Net 45,False,False
PO-2025-38373,2025-11-09,2025-12-05,2025-12-05,SUP-033,Busan Components,South Korea,Electronics,Sensor Module SM-3,Corporate,30.46,390,11879.4,Net 30,True,False
PO-2025-38464,2025-11-10,2025-11-20,2025-11-23,SUP-025,Cascade Semitech,USA,Electronics,Sensor Module SM-3,Retail Operations,33.74,1098,37046.52,Net 30,True,False
PO-2025-38478,2025-11-10,2025-11-16,2025-11-16,SUP-034,Pacific Rim Circuits,China,Electronics,PCB Assembly A-11,R&D,67.81,573,38855.13,Net 30,True,False
PO-2025-38364,2025-11-10,2025-12-11,2025-12-11,SUP-025,Cascade Semitech,USA,Electronics,Power Supply Unit 450W,Corporate,89.62,153,13711.86,Net 45,True,False
PO-2025-38347,2025-11-10,2025-12-10,2025-12-10,SUP-034,Pacific Rim Circuits,China,Electronics,Sensor Module SM-3,Retail Operations,32.93,577,19000.61,Net 60,True,False
PO-2025-38363,2025-11-10,2025-11-27,2025-11-27,SUP-022,Redwood Components,USA,Electronics,PCB Assembly A-11,Retail Operations,68.65,597,40984.05,Net 30,True,False
PO-2025-38377,2025-11-10,2025-11-26,2025-11-26,SUP-023,Schwarzwald Circuits,Germany,Electronics,Connector Kit CK-8,R&D,5.25,4443,23325.75,Net 30,True,False
PO-2025-38447,2025-11-10,2025-11-20,2025-11-20,SUP-034,Pacific Rim Circuits,China,Electronics,Microcontroller MCU-9,Retail Operations,10.44,3192,33324.48,Net 45,True,False
PO-2025-38318,2025-11-11,2025-11-21,2025-11-21,SUP-033,Busan Components,South Korea,Electronics,Power Supply Unit 450W,Corporate,80.19,243,19486.17,Net 60,True,False
PO-2025-38349,2025-11-11,2025-12-10,2025-12-10,SUP-032,Lotus Components,India,Electronics,Power Supply Unit 450W,Manufacturing,72.23,73,5272.79,Net 30,True,False
PO-2025-38420,2025-11-11,2025-11-28,2025-11-28,SUP-033,Busan Components,South Korea,Electronics,PCB Assembly A-11,Retail Operations,60.21,469,28238.49,Net 30,True,False
PO-2025-38389,2025-11-12,2025-12-04,2025-12-04,SUP-022,Redwood Components,USA,Electronics,Sensor Module SM-3,Field Services,32.18,719,23137.42,Net 15,False,True
PO-2025-38387,2025-11-12,2025-11-22,2025-11-22,SUP-028,Summit Components,USA,Electronics,Connector Kit CK-8,R&D,6.05,1759,10641.95,Net 30,False,False
PO-2025-38414,2025-11-12,2025-12-06,2025-12-07,SUP-034,Pacific Rim Circuits,China,Electronics,Microcontroller MCU-9,Retail Operations,9.97,394,3928.18,Net 30,True,False
PO-2025-38371,2025-11-12,2025-12-16,2025-12-16,SUP-025,Cascade Semitech,USA,Electronics,Microcontroller MCU-9,R&D,9.85,3711,36553.35,Net 15,False,False
PO-2025-38372,2025-11-12,2025-11-19,2025-11-19,SUP-032,Lotus Components,India,Electronics,PCB Assembly A-11,Retail Operations,61.08,338,20645.04,Net 30,True,False
PO-2025-38466,2025-11-13,2025-11-27,2025-11-27,SUP-033,Busan Components,South Korea,Electronics,PCB Assembly A-11,Manufacturing,58.53,326,19080.78,Net 45,True,False
PO-2025-38428,2025-11-13,2025-11-24,2025-11-24,SUP-028,Summit Components,USA,Electronics,Microcontroller MCU-9,Retail Operations,10.3,2636,27150.8,Net 15,True,False
PO-2025-38423,2025-11-13,2025-12-05,2025-12-07,SUP-022,Redwood Components,USA,Electronics,Power Supply Unit 450W,R&D,82.44,93,7666.92,Net 30,False,False
PO-2025-38436,2025-11-13,2025-12-06,2025-12-06,SUP-034,Pacific Rim Circuits,China,Electronics,Sensor Module SM-3,R&D,30.8,738,22730.4,Net 45,True,False
PO-2025-38340,2025-11-13,2025-11-26,2025-11-26,SUP-022,Redwood Components,USA,Electronics,PCB Assembly A-11,Manufacturing,66.49,200,13298.0,Net 30,True,False
PO-2025-38336,2025-11-13,2025-11-26,2025-11-26,SUP-032,Lotus Components,India,Electronics,PCB Assembly A-11,Corporate,60.9,611,37209.9,Net 60,False,False
PO-2025-38350,2025-11-13,2025-12-09,2025-12-09,SUP-036,Golden Dragon Components,China,Electronics,PCB Assembly A-11,Field Services,77.75,557,43306.75,Net 30,False,False
PO-2025-38356,2025-11-13,2025-11-19,2025-11-19,SUP-032,Lotus Components,India,Electronics,Microcontroller MCU-9,Field Services,8.5,2320,19720.0,Net 30,False,False
PO-2025-38492,2025-11-14,2025-11-22,2025-11-22,SUP-029,Great Wall Components,China,Electronics,PCB Assembly A-11,Manufacturing,81.04,292,23663.68,Net 30,True,False
PO-2025-38426,2025-11-14,2025-12-15,2025-12-16,SUP-032,Lotus Components,India,Electronics,Sensor Module SM-3,Corporate,29.73,255,7581.15,Net 30,True,False
PO-2025-38333,2025-11-14,2025-12-11,2025-12-11,SUP-025,Cascade Semitech,USA,Electronics,Power Supply Unit 450W,R&D,92.11,213,19619.43,Net 30,True,False
PO-2025-38334,2025-11-14,2025-12-13,2025-12-13,SUP-025,Cascade Semitech,USA,Electronics,Power Supply Unit 450W,Retail Operations,95.18,165,15704.7,Net 45,True,False
PO-2025-38339,2025-11-14,2025-11-30,2025-11-30,SUP-033,Busan Components,South Korea,Electronics,Sensor Module SM-3,Corporate,32.47,268,8701.96,Net 45,True,False
PO-2025-38446,2025-11-15,2025-11-20,2025-11-20,SUP-033,Busan Components,South Korea,Electronics,Sensor Module SM-3,Retail Operations,28.83,496,14299.68,Net 60,True,False
PO-2025-38469,2025-11-15,2025-12-17,2025-12-21,SUP-024,Sterling Components,USA,Electronics,Connector Kit CK-8,Field Services,5.71,1193,6812.03,Net 15,False,False
PO-2025-38501,2025-11-15,2025-12-18,2025-12-18,SUP-034,Pacific Rim Circuits,China,Electronics,Sensor Module SM-3,Retail Operations,31.39,639,20058.21,Net 30,True,False
PO-2025-38353,2025-11-15,2025-11-28,2025-11-28,SUP-025,Cascade Semitech,USA,Electronics,Sensor Module SM-3,Retail Operations,35.64,726,25874.64,Net 30,False,False
PO-2025-38498,2025-11-15,2025-12-14,2025-12-14,SUP-036,Golden Dragon Components,China,Electronics,Power Supply Unit 450W,Corporate,90.18,199,17945.82,Net 30,True,False
PO-2025-38482,2025-11-15,2025-12-05,2025-12-05,SUP-033,Busan Components,South Korea,Electronics,Connector Kit CK-8,Retail Operations,5.19,3421,17754.99,Net 30,True,False
PO-2025-38424,2025-11-16,2025-12-01,2025-12-01,SUP-033,Busan Components,South Korea,Electronics,Microcontroller MCU-9,Manufacturing,9.03,2906,26241.18,Net 45,True,False
PO-2025-38382,2025-11-16,2025-11-29,2025-11-29,SUP-034,Pacific Rim Circuits,China,Electronics,Power Supply Unit 450W,Retail Operations,92.92,120,11150.4,Net 45,True,False
PO-2025-38451,2025-11-16,2025-11-29,2025-11-29,SUP-028,Summit Components,USA,Electronics,Microcontroller MCU-9,Corporate,10.32,3399,35077.68,Net 60,True,False
PO-2025-38468,2025-11-16,2025-11-30,2025-11-30,SUP-028,Summit Components,USA,Electronics,Sensor Module SM-3,R&D,32.79,344,11279.76,Net 30,False,False
PO-2025-38494,2025-11-16,2025-12-11,2025-12-11,SUP-033,Busan Components,South Korea,Electronics,PCB Assembly A-11,Field Services,61.62,340,20950.8,Net 60,True,False
PO-2025-38388,2025-11-17,2025-12-08,2025-12-08,SUP-025,Cascade Semitech,USA,Electronics,Power Supply Unit 450W,Field Services,86.84,213,18496.92,Net 60,False,False
PO-2025-38384,2025-11-17,2025-12-11,2025-12-11,SUP-022,Redwood Components,USA,Electronics,Sensor Module SM-3,Retail Operations,32.37,484,15667.08,Net 60,True,False
PO-2025-38366,2025-11-17,2025-11-22,2025-11-22,SUP-032,Lotus Components,India,Electronics,Connector Kit CK-8,Manufacturing,5.03,1493,7509.79,Net 30,True,False
PO-2025-38430,2025-11-17,2025-12-20,2025-12-20,SUP-033,Busan Components,South Korea,Electronics,Connector Kit CK-8,Corporate,4.71,1729,8143.59,Net 60,True,False
PO-2025-38484,2025-11-17,2025-12-03,2025-12-06,SUP-028,Summit Components,USA,Electronics,PCB Assembly A-11,Retail Operations,72.61,134,9729.74,Net 45,True,False
PO-2025-38343,2025-11-18,2025-12-08,2025-12-08,SUP-025,Cascade Semitech,USA,Electronics,Sensor Module SM-3,Retail Operations,34.55,623,21524.65,Net 45,True,False
PO-2025-38444,2025-11-18,2025-12-08,2025-12-08,SUP-028,Summit Components,USA,Electronics,PCB Assembly A-11,Corporate,70.96,683,48465.68,Net 30,True,False
PO-2025-38433,2025-11-18,2025-12-11,2025-12-11,SUP-032,Lotus Components,India,Electronics,Sensor Module SM-3,Retail Operations,28.59,755,21585.45,Net 30,True,False
PO-2025-38415,2025-11-18,2025-11-26,2025-11-26,SUP-024,Sterling Components,USA,Electronics,Connector Kit CK-8,Manufacturing,5.62,2992,16815.04,Net 45,True,False
PO-2025-38375,2025-11-18,2025-12-15,2025-12-15,SUP-034,Pacific Rim Circuits,China,Electronics,PCB Assembly A-11,Retail Operations,70.06,487,34119.22,Net 30,True,False
PO-2025-38490,2025-11-19,2025-11-24,2025-11-24,SUP-033,Busan Components,South Korea,Electronics,Microcontroller MCU-9,R&D,8.99,2261,20326.39,Net 30,False,False
PO-2025-38438,2025-11-19,2025-12-01,2025-12-10,SUP-024,Sterling Components,USA,Electronics,Connector Kit CK-8,Retail Operations,5.66,3851,21796.66,Net 30,True,False
PO-2025-38448,2025-11-19,2025-12-13,2025-12-13,SUP-034,Pacific Rim Circuits,China,Electronics,Microcontroller MCU-9,Corporate,9.59,1959,18786.81,Net 30,True,False
PO-2025-38496,2025-11-19,2025-12-06,2025-12-06,SUP-025,Cascade Semitech,USA,Electronics,PCB Assembly A-11,Retail Operations,68.64,557,38232.48,Net 30,True,False
PO-2025-38476,2025-11-19,2025-12-14,2025-12-14,SUP-036,Golden Dragon Components,China,Electronics,Power Supply Unit 450W,R&D,90.57,107,9690.99,Net 45,True,False
PO-2025-38487,2025-11-19,2025-12-12,2025-12-12,SUP-034,Pacific Rim Circuits,China,Electronics,Power Supply Unit 450W,Field Services,88.15,137,12076.55,Net 60,False,False
PO-2025-38357,2025-11-19,2025-12-16,2025-12-16,SUP-032,Lotus Components,India,Electronics,Connector Kit CK-8,Manufacturing,5.01,1730,8667.3,Net 45,True,False
PO-2025-38345,2025-11-19,2025-12-21,2025-12-21,SUP-024,Sterling Components,USA,Electronics,Sensor Module SM-3,Retail Operations,36.54,379,13848.66,Net 30,True,False
PO-2025-38386,2025-11-19,2025-12-18,2025-12-18,SUP-036,Golden Dragon Components,China,Electronics,Connector Kit CK-8,Field Services,6.14,1548,9504.72,Net 30,True,False
PO-2025-38500,2025-11-20,2025-12-18,2025-12-18,SUP-028,Summit Components,USA,Electronics,Power Supply Unit 450W,Corporate,87.45,161,14079.45,Net 30,True,False
PO-2025-38504,2025-11-20,2025-12-17,2025-12-17,SUP-036,Golden Dragon Components,China,Electronics,Power Supply Unit 450W,R&D,91.63,80,7330.4,Net 30,False,False
PO-2025-38488,2025-11-20,2025-12-16,2025-12-16,SUP-028,Summit Components,USA,Electronics,Sensor Module SM-3,Retail Operations,33.66,365,12285.9,Net 30,True,False
PO-2025-38359,2025-11-20,2025-11-29,2025-11-30,SUP-028,Summit Components,USA,Electronics,Connector Kit CK-8,Corporate,6.56,3808,24980.48,Net 30,False,False
PO-2025-38352,2025-11-20,2025-12-16,2025-12-16,SUP-022,Redwood Components,USA,Electronics,Power Supply Unit 450W,Corporate,79.78,210,16753.8,Net 45,True,False
PO-2025-38483,2025-11-20,2025-12-16,2025-12-16,SUP-036,Golden Dragon Components,China,Electronics,Power Supply Unit 450W,Corporate,93.03,194,18047.82,Net 45,True,False
PO-2025-38360,2025-11-20,2025-12-17,2026-01-09,SUP-029,Great Wall Components,China,Electronics,Connector Kit CK-8,Field Services,6.06,2735,16574.1,Net 45,False,False
PO-2025-38457,2025-11-20,2025-12-09,2025-12-09,SUP-025,Cascade Semitech,USA,Electronics,Connector Kit CK-8,Retail Operations,5.78,1042,6022.76,Net 30,True,False
PO-2025-38435,2025-11-20,2025-11-26,2025-12-08,SUP-029,Great Wall Components,China,Electronics,Connector Kit CK-8,Manufacturing,5.98,1054,6302.92,Net 30,True,False
PO-2025-38403,2025-11-20,2025-12-24,2025-12-24,SUP-032,Lotus Components,India,Electronics,PCB Assembly A-11,Field Services,59.51,470,27969.7,Net 30,True,False
PO-2025-38412,2025-11-21,2025-12-20,2025-12-20,SUP-029,Great Wall Components,China,Electronics,Connector Kit CK-8,Corporate,6.37,2646,16855.02,Net 15,True,False
PO-2025-38429,2025-11-21,2025-12-14,2025-12-14,SUP-023,Schwarzwald Circuits,Germany,Electronics,Power Supply Unit 450W,R&D,72.62,79,5736.98,Net 15,False,False
PO-2025-38396,2025-11-21,2025-12-09,2025-12-09,SUP-025,Cascade Semitech,USA,Electronics,Sensor Module SM-3,Field Services,34.19,755,25813.45,Net 45,True,False
PO-2025-38400,2025-11-21,2025-12-18,2025-12-18,SUP-025,Cascade Semitech,USA,Electronics,Connector Kit CK-8,Manufacturing,6.18,2989,18472.02,Net 60,True,False
PO-2025-38475,2025-11-21,2025-12-23,2025-12-23,SUP-028,Summit Components,USA,Electronics,Power Supply Unit 450W,R&D,95.38,85,8107.3,Net 60,True,False
PO-2025-38393,2025-11-22,2025-11-30,2025-11-30,SUP-028,Summit Components,USA,Electronics,Sensor Module SM-3,Retail Operations,33.49,373,12491.77,Net 60,True,False
PO-2025-38454,2025-11-22,2025-12-22,2025-12-22,SUP-036,Golden Dragon Components,China,Electronics,Sensor Module SM-3,Manufacturing,33.09,793,26240.37,Net 30,True,False
PO-2025-38449,2025-11-22,2025-12-12,2025-12-12,SUP-022,Redwood Components,USA,Electronics,PCB Assembly A-11,Corporate,66.2,700,46340.0,Net 30,True,False
PO-2025-38342,2025-11-22,2025-12-06,2025-12-06,SUP-032,Lotus Components,India,Electronics,Microcontroller MCU-9,Manufacturing,8.88,2989,26542.32,Net 30,True,False
PO-2025-38338,2025-11-22,2025-12-12,2025-12-12,SUP-034,Pacific Rim Circuits,China,Electronics,Microcontroller MCU-9,Field Services,10.32,3213,33158.16,Net 30,True,False
PO-2025-38401,2025-11-22,2025-12-10,2025-12-12,SUP-028,Summit Components,USA,Electronics,PCB Assembly A-11,Corporate,73.61,384,28266.24,Net 60,True,False
PO-2025-38328,2025-11-22,2025-12-22,2025-12-22,SUP-034,Pacific Rim Circuits,China,Electronics,Sensor Module SM-3,Field Services,33.54,985,33036.9,Net 60,False,False
PO-2025-38381,2025-11-22,2025-12-15,2025-12-21,SUP-029,Great Wall Components,China,Electronics,Connector Kit CK-8,Manufacturing,7.08,3177,22493.16,Net 45,True,False
PO-2025-38399,2025-11-23,2025-12-17,2025-12-19,SUP-036,Golden Dragon Components,China,Electronics,Sensor Module SM-3,Retail Operations,32.9,691,22733.9,Net 60,True,True
PO-2025-38404,2025-11-23,2025-11-29,2025-11-29,SUP-032,Lotus Components,India,Electronics,Power Supply Unit 450W,Retail Operations,73.94,111,8207.34,Net 45,True,False
PO-2025-38409,2025-11-23,2025-12-07,2025-12-07,SUP-028,Summit Components,USA,Electronics,Connector Kit CK-8,R&D,5.87,3116,18290.92,Net 30,True,False
PO-2025-38376,2025-11-24,2025-11-29,2025-11-29,SUP-025,Cascade Semitech,USA,Electronics,Sensor Module SM-3,Retail Operations,31.13,464,14444.32,Net 15,True,False
PO-2025-38503,2025-11-24,2025-12-17,2025-12-17,SUP-028,Summit Components,USA,Electronics,Sensor Module SM-3,R&D,32.97,506,16682.82,Net 45,False,False
PO-2025-38354,2025-11-24,2025-12-21,2025-12-24,SUP-022,Redwood Components,USA,Electronics,Sensor Module SM-3,Field Services,29.18,744,21709.92,Net 30,True,False
PO-2025-38380,2025-11-24,2025-12-21,2025-12-21,SUP-028,Summit Components,USA,Electronics,Sensor Module SM-3,Manufacturing,30.25,556,16819.0,Net 60,True,False
PO-2025-38445,2025-11-24,2025-12-08,2025-12-08,SUP-024,Sterling Components,USA,Electronics,PCB Assembly A-11,Retail Operations,72.92,448,32668.16,Net 30,True,False
PO-2025-38443,2025-11-24,2025-12-08,2025-12-11,SUP-025,Cascade Semitech,USA,Electronics,Microcontroller MCU-9,Field Services,10.18,3336,33960.48,Net 30,True,False
PO-2025-38461,2025-11-24,2025-12-13,2025-12-15,SUP-022,Redwood Components,USA,Electronics,Sensor Module SM-3,R&D,29.7,587,17433.9,Net 30,True,False
PO-2025-38385,2025-11-25,2025-12-22,2025-12-22,SUP-025,Cascade Semitech,USA,Electronics,PCB Assembly A-11,Retail Operations,73.26,629,46080.54,Net 30,True,False
PO-2025-38459,2025-11-25,2025-12-21,2025-12-21,SUP-024,Sterling Components,USA,Electronics,PCB Assembly A-11,Field Services,73.03,405,29577.15,Net 45,True,False
PO-2025-38452,2025-11-25,2025-12-14,2025-12-15,SUP-022,Redwood Components,USA,Electronics,Sensor Module SM-3,R&D,29.15,611,17810.65,Net 45,True,False
PO-2025-38442,2025-11-25,2025-12-17,2025-12-17,SUP-028,Summit Components,USA,Electronics,Power Supply Unit 450W,Retail Operations,84.26,188,15840.88,Net 60,True,False
PO-2025-38407,2025-11-25,2025-12-08,2025-12-08,SUP-033,Busan Components,South Korea,Electronics,Connector Kit CK-8,Manufacturing,5.18,710,3677.8,Net 30,True,False
PO-2025-38437,2025-11-25,2025-12-28,2025-12-28,SUP-033,Busan Components,South Korea,Electronics,Power Supply Unit 450W,Manufacturing,75.39,143,10780.77,Net 30,True,False
PO-2025-38358,2025-11-25,2025-12-25,2025-12-25,SUP-025,Cascade Semitech,USA,Electronics,Connector Kit CK-8,Manufacturing,5.93,3770,22356.1,Net 30,True,False
PO-2025-38320,2025-11-25,2025-12-16,2025-12-16,SUP-036,Golden Dragon Components,China,Electronics,Connector Kit CK-8,Field Services,5.96,3343,19924.28,Net 60,True,False
PO-2025-38361,2025-11-25,2025-12-21,2025-12-21,SUP-024,Sterling Components,USA,Electronics,Connector Kit CK-8,Manufacturing,5.67,6459,36622.53,Net 30,True,False
PO-2025-38425,2025-11-25,2025-12-04,2025-12-09,SUP-033,Busan Components,South Korea,Electronics,Microcontroller MCU-9,Corporate,9.48,1301,12333.48,Net 60,True,False
PO-2025-38326,2025-11-25,2025-12-02,2025-12-02,SUP-024,Sterling Components,USA,Electronics,Microcontroller MCU-9,Manufacturing,9.95,3106,30904.7,Net 30,True,False
PO-2025-38489,2025-11-25,2025-12-21,2025-12-21,SUP-028,Summit Components,USA,Electronics,PCB Assembly A-11,Corporate,69.12,363,25090.56,Net 45,True,False
PO-2025-38491,2025-11-25,2025-12-10,2025-12-10,SUP-025,Cascade Semitech,USA,Electronics,Sensor Module SM-3,Corporate,34.83,747,26018.01,Net 15,True,False
PO-2025-38505,2025-11-25,2025-12-16,2025-12-17,SUP-025,Cascade Semitech,USA,Electronics,Microcontroller MCU-9,Retail Operations,10.56,2622,27688.32,Net 30,True,False
PO-2025-38392,2025-11-25,2025-12-07,2025-12-07,SUP-033,Busan Components,South Korea,Electronics,Power Supply Unit 450W,Field Services,74.68,159,11874.12,Net 30,True,False
PO-2025-38463,2025-11-26,2025-12-29,2025-12-29,SUP-025,Cascade Semitech,USA,Electronics,Microcontroller MCU-9,Field Services,10.61,2329,24710.69,Net 15,True,False
PO-2025-38378,2025-11-26,2025-12-27,2026-01-11,SUP-029,Great Wall Components,China,Electronics,Sensor Module SM-3,Retail Operations,34.18,920,31445.6,Net 45,True,False
PO-2025-38493,2025-11-27,2025-12-27,2025-12-27,SUP-036,Golden Dragon Components,China,Electronics,PCB Assembly A-11,Manufacturing,73.46,446,32763.16,Net 45,True,False
PO-2025-38329,2025-11-27,2025-12-05,2025-12-05,SUP-028,Summit Components,USA,Electronics,Microcontroller MCU-9,Retail Operations,10.83,2475,26804.25,Net 60,True,False
PO-2025-38410,2025-11-27,2025-12-16,2025-12-16,SUP-032,Lotus Components,India,Electronics,PCB Assembly A-11,R&D,61.95,448,27753.6,Net 30,True,False
PO-2025-38465,2025-11-28,2025-12-23,2025-12-23,SUP-028,Summit Components,USA,Electronics,Power Supply Unit 450W,Field Services,91.76,39,3578.64,Net 30,False,False
PO-2025-38477,2025-11-28,2025-12-31,2025-12-31,SUP-032,Lotus Components,India,Electronics,Power Supply Unit 450W,Corporate,79.94,224,17906.56,Net 45,True,False
PO-2025-38460,2025-11-28,2025-12-12,2025-12-12,SUP-022,Redwood Components,USA,Electronics,Connector Kit CK-8,R&D,5.31,3254,17278.74,Net 60,True,False
PO-2025-38499,2025-11-28,2025-12-26,2025-12-26,SUP-025,Cascade Semitech,USA,Electronics,Power Supply Unit 450W,Manufacturing,92.69,125,11586.25,Net 30,True,False
PO-2025-38402,2025-11-28,2025-12-10,2025-12-10,SUP-032,Lotus Components,India,Electronics,PCB Assembly A-11,Corporate,60.44,346,20912.24,Net 45,True,False
PO-2025-38374,2025-11-28,2025-12-05,2025-12-05,SUP-028,Summit Components,USA,Electronics,Sensor Module SM-3,R&D,33.93,295,10009.35,Net 60,True,False
PO-2025-38422,2025-11-28,2025-12-14,2025-12-14,SUP-036,Golden Dragon Components,China,Electronics,Microcontroller MCU-9,Retail Operations,11.12,2484,27622.08,Net 60,True,False
PO-2025-38497,2025-11-29,2025-12-26,2025-12-26,SUP-034,Pacific Rim Circuits,China,Electronics,PCB Assembly A-11,Field Services,63.8,551,35153.8,Net 45,True,False
PO-2025-38502,2025-11-29,2025-12-24,2025-12-24,SUP-024,Sterling Components,USA,Electronics,Connector Kit CK-8,Corporate,5.65,3702,20916.3,Net 30,True,False
PO-2025-38390,2025-11-29,2025-12-21,2025-12-21,SUP-033,Busan Components,South Korea,Electronics,Connector Kit CK-8,Manufacturing,5.1,4824,24602.4,Net 30,True,False
PO-2025-38346,2025-11-29,2025-12-22,2025-12-22,SUP-022,Redwood Components,USA,Electronics,Sensor Module SM-3,R&D,29.85,648,19342.8,Net 15,False,False
PO-2025-38332,2025-11-29,2025-12-31,2025-12-31,SUP-034,Pacific Rim Circuits,China,Electronics,Connector Kit CK-8,Manufacturing,6.15,4824,29667.6,Net 30,True,False
PO-2025-38474,2025-11-29,2025-12-23,2025-12-23,SUP-028,Summit Components,USA,Electronics,Sensor Module SM-3,Retail Operations,34.23,776,26562.48,Net 30,False,False
PO-2025-38462,2025-11-29,2025-12-17,2025-12-17,SUP-025,Cascade Semitech,USA,Electronics,Microcontroller MCU-9,Manufacturing,11.41,3328,37972.48,Net 45,True,False
PO-2025-38439,2025-11-29,2025-12-15,2025-12-15,SUP-028,Summit Components,USA,Electronics,PCB Assembly A-11,R&D,69.91,210,14681.1,Net 60,True,False
PO-2025-38418,2025-11-29,2025-12-19,2025-12-19,SUP-034,Pacific Rim Circuits,China,Electronics,Power Supply Unit 450W,Corporate,82.33,152,12514.16,Net 45,True,False
PO-2025-38440,2025-11-29,2025-12-27,2025-12-27,SUP-024,Sterling Components,USA,Electronics,PCB Assembly A-11,Retail Operations,70.52,241,16995.32,Net 30,True,False
PO-2025-38495,2025-11-30,2025-12-16,2025-12-18,SUP-034,Pacific Rim Circuits,China,Electronics,PCB Assembly A-11,Manufacturing,66.29,218,14451.22,Net 30,True,False
PO-2025-38419,2025-11-30,2025-12-12,2025-12-14,SUP-036,Golden Dragon Components,China,Electronics,PCB Assembly A-11,R&D,70.64,123,8688.72,Net 45,True,False
PO-2025-38379,2025-11-30,2025-12-22,2025-12-22,SUP-032,Lotus Components,India,Electronics,PCB Assembly A-11,R&D,56.66,420,23797.2,Net 15,False,False
PO-2025-38351,2025-11-30,2025-12-20,2025-12-20,SUP-025,Cascade Semitech,USA,Electronics,Connector Kit CK-8,Field Services,5.61,1727,9688.47,Net 30,True,False
PO-2025-38368,2025-11-30,2025-12-06,2025-12-07,SUP-028,Summit Components,USA,Electronics,Connector Kit CK-8,Field Services,5.85,2683,15695.55,Net 60,True,False
PO-2025-39857,2025-12-01,2025-12-12,2025-12-12,SUP-024,Sterling Components,USA,Electronics,Power Supply Unit 450W,Corporate,85.05,154,13097.7,Net 45,True,False
PO-2025-39801,2025-12-01,2025-12-19,2025-12-19,SUP-033,Busan Components,South Korea,Electronics,PCB Assembly A-11,Retail Operations,62.98,502,31615.96,Net 30,True,False
PO-2025-39888,2025-12-01,2025-12-15,2025-12-15,SUP-028,Summit Components,USA,Electronics,Sensor Module SM-3,Retail Operations,35.64,260,9266.4,Net 60,True,False
PO-2025-39898,2025-12-01,2025-12-21,2025-12-21,SUP-028,Summit Components,USA,Electronics,Power Supply Unit 450W,R&D,87.54,59,5164.86,Net 15,True,False
PO-2025-39914,2025-12-01,2025-12-18,2025-12-18,SUP-025,Cascade Semitech,USA,Electronics,PCB Assembly A-11,Field Services,69.84,254,17739.36,Net 45,True,False
PO-2025-39895,2025-12-01,2026-01-01,2026-01-01,SUP-025,Cascade Semitech,USA,Electronics,Connector Kit CK-8,Field Services,5.63,447,2516.61,Net 45,True,False
PO-2025-39824,2025-12-02,2025-12-21,2025-12-21,SUP-022,Redwood Components,USA,Electronics,Connector Kit CK-8,R&D,5.86,1966,11520.76,Net 60,True,False
PO-2025-39862,2025-12-02,2025-12-22,2025-12-22,SUP-035,Pacific Rim Semitech,China,Electronics,Connector Kit CK-8,R&D,5.4,3440,18576.0,Net 60,True,False
PO-2025-39906,2025-12-02,2025-12-16,2025-12-16,SUP-033,Busan Components,South Korea,Electronics,Power Supply Unit 450W,Retail Operations,80.99,217,17574.83,Net 60,True,False
PO-2025-39949,2025-12-02,2025-12-28,2025-12-28,SUP-024,Sterling Components,USA,Electronics,Connector Kit CK-8,Retail Operations,5.87,1712,10049.44,Net 30,True,False
PO-2025-39809,2025-12-02,2025-12-30,2025-12-30,SUP-032,Lotus Components,India,Electronics,Microcontroller MCU-9,Retail Operations,9.04,2835,25628.4,Net 45,True,False
PO-2025-39821,2025-12-03,2025-12-27,2025-12-27,SUP-025,Cascade Semitech,USA,Electronics,Power Supply Unit 450W,Retail Operations,94.79,146,13839.34,Net 15,False,False
PO-2025-39863,2025-12-03,2025-12-21,2026-01-01,SUP-029,Great Wall Components,China,Electronics,Connector Kit CK-8,Retail Operations,4.99,2714,13542.86,Net 15,True,True
PO-2025-39844,2025-12-03,2026-01-01,2026-01-01,SUP-036,Golden Dragon Components,China,Electronics,Sensor Module SM-3,Corporate,35.93,496,17821.28,Net 30,True,False
PO-2025-39957,2025-12-04,2025-12-14,2025-12-14,SUP-024,Sterling Components,USA,Electronics,PCB Assembly A-11,Manufacturing,74.06,291,21551.46,Net 30,True,False
PO-2025-39856,2025-12-04,2025-12-14,2025-12-14,SUP-036,Golden Dragon Components,China,Electronics,Microcontroller MCU-9,Retail Operations,10.83,3172,34352.76,Net 45,True,False
PO-2025-39847,2025-12-04,2025-12-14,2025-12-14,SUP-028,Summit Components,USA,Electronics,Microcontroller MCU-9,R&D,10.66,3294,35114.04,Net 30,True,False
PO-2025-39921,2025-12-04,2025-12-24,2025-12-24,SUP-035,Pacific Rim Semitech,China,Electronics,Microcontroller MCU-9,Retail Operations,10.07,3684,37097.88,Net 30,True,False
PO-2025-39911,2025-12-05,2025-12-25,2026-01-01,SUP-029,Great Wall Components,China,Electronics,PCB Assembly A-11,Field Services,66.68,181,12069.08,Net 30,True,False
PO-2025-39853,2025-12-05,2025-12-14,2025-12-14,SUP-032,Lotus Components,India,Electronics,Connector Kit CK-8,R&D,5.37,4593,24664.41,Net 30,True,False
PO-2025-39885,2025-12-05,2026-01-03,2026-01-03,SUP-028,Summit Components,USA,Electronics,PCB Assembly A-11,Manufacturing,69.06,361,24930.66,Net 30,True,False
PO-2025-39950,2025-12-05,2025-12-23,2025-12-24,SUP-022,Redwood Components,USA,Electronics,Power Supply Unit 450W,R&D,80.81,190,15353.9,Net 30,True,False
PO-2025-39939,2025-12-05,2025-12-23,2025-12-23,SUP-034,Pacific Rim Circuits,China,Electronics,Sensor Module SM-3,R&D,33.36,859,28656.24,Net 30,True,False
PO-2025-39790,2025-12-05,2025-12-14,2025-12-14,SUP-032,Lotus Components,India,Electronics,Sensor Module SM-3,R&D,29.37,596,17504.52,Net 15,True,False
PO-2025-39808,2025-12-05,2025-12-25,2025-12-25,SUP-024,Sterling Components,USA,Electronics,Sensor Module SM-3,Manufacturing,32.2,519,16711.8,Net 15,True,False
PO-2025-39916,2025-12-05,2025-12-11,2025-12-11,SUP-032,Lotus Components,India,Electronics,Connector Kit CK-8,Corporate,5.34,2825,15085.5,Net 60,False,False
PO-2025-39915,2025-12-06,2025-12-20,2025-12-20,SUP-032,Lotus Components,India,Electronics,Microcontroller MCU-9,Retail Operations,7.84,3380,26499.2,Net 30,True,False
PO-2025-39784,2025-12-06,2025-12-25,2025-12-25,SUP-028,Summit Components,USA,Electronics,Power Supply Unit 450W,R&D,82.63,208,17187.04,Net 60,False,False
PO-2025-39870,2025-12-06,2025-12-31,2025-12-31,SUP-036,Golden Dragon Components,China,Electronics,Power Supply Unit 450W,Manufacturing,92.41,204,18851.64,Net 45,False,False
PO-2025-39798,2025-12-07,2025-12-27,2025-12-30,SUP-024,Sterling Components,USA,Electronics,Connector Kit CK-8,Manufacturing,5.61,3364,18872.04,Net 30,True,False
PO-2025-39818,2025-12-07,2026-01-03,2026-01-06,SUP-025,Cascade Semitech,USA,Electronics,PCB Assembly A-11,Corporate,73.75,316,23305.0,Net 30,True,False
PO-2025-39833,2025-12-07,2026-01-04,2026-01-04,SUP-033,Busan Components,South Korea,Electronics,Microcontroller MCU-9,Manufacturing,9.4,1391,13075.4,Net 30,True,False
PO-2025-39837,2025-12-07,2025-12-21,2025-12-21,SUP-036,Golden Dragon Components,China,Electronics,PCB Assembly A-11,Field Services,69.52,456,31701.12,Net 45,True,False
PO-2025-39892,2025-12-07,2025-12-17,2025-12-18,SUP-036,Golden Dragon Components,China,Electronics,Microcontroller MCU-9,Manufacturing,10.98,2482,27252.36,Net 30,True,False
PO-2025-39858,2025-12-07,2026-01-09,2026-01-09,SUP-024,Sterling Components,USA,Electronics,Power Supply Unit 450W,R&D,85.22,206,17555.32,Net 45,True,False
PO-2025-39846,2025-12-08,2026-01-06,2026-01-06,SUP-034,Pacific Rim Circuits,China,Electronics,Microcontroller MCU-9,Corporate,9.95,3305,32884.75,Net 30,True,False
PO-2025-39813,2025-12-08,2025-12-15,2025-12-15,SUP-034,Pacific Rim Circuits,China,Electronics,Sensor Module SM-3,Field Services,33.22,283,9401.26,Net 60,True,False
PO-2025-39893,2025-12-08,2025-12-15,2025-12-15,SUP-025,Cascade Semitech,USA,Electronics,Sensor Module SM-3,Manufacturing,33.62,249,8371.38,Net 30,True,False
PO-2025-39791,2025-12-08,2025-12-16,2025-12-17,SUP-025,Cascade Semitech,USA,Electronics,Connector Kit CK-8,Retail Operations,6.02,2249,13538.98,Net 45,True,False
PO-2025-39948,2025-12-08,2026-01-07,2026-01-07,SUP-025,Cascade Semitech,USA,Electronics,Sensor Module SM-3,R&D,33.7,576,19411.2,Net 15,True,False
PO-2025-39866,2025-12-09,2026-01-03,2026-01-03,SUP-023,Schwarzwald Circuits,Germany,Electronics,Power Supply Unit 450W,Field Services,84.51,151,12761.01,Net 45,True,False
PO-2025-39945,2025-12-09,2025-12-16,2025-12-16,SUP-032,Lotus Components,India,Electronics,PCB Assembly A-11,Corporate,63.22,431,27247.82,Net 45,True,False
PO-2025-39875,2025-12-09,2025-12-16,2025-12-16,SUP-025,Cascade Semitech,USA,Electronics,Connector Kit CK-8,R&D,6.2,3885,24087.0,Net 30,False,False
PO-2025-39829,2025-12-09,2026-01-01,2026-01-01,SUP-025,Cascade Semitech,USA,Electronics,Connector Kit CK-8,Corporate,5.78,3170,18322.6,Net 45,True,False
PO-2025-39886,2025-12-09,2026-01-09,2026-01-09,SUP-032,Lotus Components,India,Electronics,PCB Assembly A-11,Retail Operations,64.39,426,27430.14,Net 45,True,False
PO-2025-39864,2025-12-09,2026-01-12,2026-01-12,SUP-025,Cascade Semitech,USA,Electronics,Sensor Module SM-3,R&D,34.44,115,3960.6,Net 30,True,False
PO-2025-39786,2025-12-09,2025-12-19,2025-12-19,SUP-034,Pacific Rim Circuits,China,Electronics,PCB Assembly A-11,Field Services,71.23,247,17593.81,Net 60,True,False
PO-2025-39799,2025-12-09,2025-12-19,2025-12-22,SUP-032,Lotus Components,India,Electronics,Sensor Module SM-3,R&D,28.87,523,15099.01,Net 30,False,False
PO-2025-39910,2025-12-09,2025-12-14,2025-12-16,SUP-024,Sterling Components,USA,Electronics,Power Supply Unit 450W,Manufacturing,89.65,180,16137.0,Net 60,True,False
PO-2025-39780,2025-12-09,2026-01-02,2026-01-02,SUP-032,Lotus Components,India,Electronics,Sensor Module SM-3,Corporate,28.32,578,16368.96,Net 30,True,False
PO-2025-39852,2025-12-10,2025-12-16,2025-12-16,SUP-028,Summit Components,USA,Electronics,Connector Kit CK-8,R&D,6.36,1543,9813.48,Net 30,True,False
PO-2025-39823,2025-12-10,2026-01-02,2026-01-07,SUP-029,Great Wall Components,China,Electronics,Microcontroller MCU-9,R&D,13.75,1491,20501.25,Net 30,True,False
PO-2025-39897,2025-12-10,2025-12-15,2025-12-15,SUP-031,Hanseatic Circuits,Germany,Electronics,PCB Assembly A-11,Field Services,73.39,102,7485.78,Net 45,True,False
PO-2025-39804,2025-12-10,2026-01-04,2026-01-04,SUP-036,Golden Dragon Components,China,Electronics,Connector Kit CK-8,R&D,5.72,1620,9266.4,Net 30,True,False
PO-2025-39849,2025-12-10,2026-01-12,2026-01-12,SUP-034,Pacific Rim Circuits,China,Electronics,Power Supply Unit 450W,Manufacturing,82.87,172,14253.64,Net 30,True,False
PO-2025-39880,2025-12-11,2025-12-22,2025-12-22,SUP-024,Sterling Components,USA,Electronics,Sensor Module SM-3,Field Services,33.67,343,11548.81,Net 60,True,False
PO-2025-39822,2025-12-11,2025-12-21,2025-12-24,SUP-029,Great Wall Components,China,Electronics,Sensor Module SM-3,R&D,26.26,937,24605.62,Net 45,True,False
PO-2025-39944,2025-12-11,2026-01-04,2026-01-04,SUP-036,Golden Dragon Components,China,Electronics,Connector Kit CK-8,Field Services,6.36,4656,29612.16,Net 15,True,False
PO-2025-39929,2025-12-12,2026-01-06,2026-01-06,SUP-024,Sterling Components,USA,Electronics,Microcontroller MCU-9,Manufacturing,10.32,3672,37895.04,Net 30,True,False
PO-2025-39873,2025-12-12,2025-12-18,2025-12-18,SUP-022,Redwood Components,USA,Electronics,Connector Kit CK-8,Field Services,5.49,2453,13466.97,Net 45,True,False
PO-2025-39865,2025-12-12,2025-12-17,2025-12-17,SUP-028,Summit Components,USA,Electronics,Sensor Module SM-3,R&D,35.22,647,22787.34,Net 45,True,False
PO-2025-39843,2025-12-12,2025-12-29,2025-12-30,SUP-025,Cascade Semitech,USA,Electronics,Sensor Module SM-3,Manufacturing,33.75,639,21566.25,Net 15,True,False
PO-2025-39831,2025-12-13,2025-12-22,2025-12-22,SUP-025,Cascade Semitech,USA,Electronics,Microcontroller MCU-9,Retail Operations,10.55,2336,24644.8,Net 30,True,False
PO-2025-39854,2025-12-13,2025-12-19,2025-12-19,SUP-028,Summit Components,USA,Electronics,Sensor Module SM-3,R&D,30.71,598,18364.58,Net 30,True,False
PO-2025-39836,2025-12-13,2025-12-28,2025-12-28,SUP-033,Busan Components,South Korea,Electronics,Power Supply Unit 450W,Retail Operations,78.67,202,15891.34,Net 60,True,False
PO-2025-39918,2025-12-13,2025-12-25,2025-12-25,SUP-033,Busan Components,South Korea,Electronics,Microcontroller MCU-9,R&D,8.58,3224,27661.92,Net 30,True,False
PO-2025-39900,2025-12-13,2025-12-28,2025-12-28,SUP-022,Redwood Components,USA,Electronics,Microcontroller MCU-9,Field Services,9.24,2969,27433.56,Net 15,False,False
PO-2025-39778,2025-12-13,2026-01-14,2026-01-14,SUP-033,Busan Components,South Korea,Electronics,Connector Kit CK-8,Manufacturing,5.35,3547,18976.45,Net 30,False,False
PO-2025-39815,2025-12-13,2026-01-15,2026-01-15,SUP-033,Busan Components,South Korea,Electronics,PCB Assembly A-11,Retail Operations,56.87,301,17117.87,Net 15,True,False
PO-2025-39896,2025-12-13,2026-01-05,2026-01-05,SUP-024,Sterling Components,USA,Electronics,Power Supply Unit 450W,R&D,87.74,155,13599.7,Net 30,False,False
PO-2025-39807,2025-12-13,2025-12-27,2025-12-27,SUP-028,Summit Components,USA,Electronics,PCB Assembly A-11,Manufacturing,76.4,377,28802.8,Net 15,True,False
PO-2025-39869,2025-12-14,2025-12-24,2025-12-24,SUP-023,Schwarzwald Circuits,Germany,Electronics,Connector Kit CK-8,Retail Operations,5.15,2463,12684.45,Net 30,True,False
PO-2025-39793,2025-12-14,2025-12-31,2026-01-05,SUP-032,Lotus Components,India,Electronics,Connector Kit CK-8,Corporate,5.27,2188,11530.76,Net 60,True,False
PO-2025-39797,2025-12-14,2026-01-09,2026-01-09,SUP-032,Lotus Components,India,Electronics,PCB Assembly A-11,Field Services,60.78,328,19935.84,Net 45,True,False
PO-2025-39810,2025-12-14,2025-12-23,2025-12-23,SUP-025,Cascade Semitech,USA,Electronics,Connector Kit CK-8,Field Services,6.19,1775,10987.25,Net 45,True,False
PO-2025-39901,2025-12-14,2026-01-15,2026-01-15,SUP-024,Sterling Components,USA,Electronics,Connector Kit CK-8,Corporate,6.01,2078,12488.78,Net 45,True,False
PO-2025-39923,2025-12-14,2025-12-20,2025-12-31,SUP-029,Great Wall Components,China,Electronics,Power Supply Unit 450W,Retail Operations,86.13,158,13608.54,Net 60,True,False
PO-2025-39903,2025-12-14,2025-12-29,2025-12-29,SUP-034,Pacific Rim Circuits,China,Electronics,PCB Assembly A-11,Field Services,64.8,360,23328.0,Net 30,True,False
PO-2025-39907,2025-12-14,2025-12-19,2025-12-19,SUP-025,Cascade Semitech,USA,Electronics,PCB Assembly A-11,Retail Operations,72.28,610,44090.8,Net 30,True,False
PO-2025-39908,2025-12-14,2026-01-15,2026-01-15,SUP-028,Summit Components,USA,Electronics,Microcontroller MCU-9,R&D,9.83,2303,22638.49,Net 30,False,False
PO-2025-39932,2025-12-14,2025-12-19,2025-12-21,SUP-035,Pacific Rim Semitech,China,Electronics,Microcontroller MCU-9,R&D,10.76,2093,22520.68,Net 30,True,False
PO-2025-39926,2025-12-14,2026-01-08,2026-01-08,SUP-036,Golden Dragon Components,China,Electronics,Connector Kit CK-8,Manufacturing,6.18,779,4814.22,Net 45,True,False
PO-2025-39899,2025-12-14,2026-01-09,2026-01-09,SUP-022,Redwood Components,USA,Electronics,PCB Assembly A-11,Retail Operations,74.46,386,28741.56,Net 45,True,False
PO-2025-39803,2025-12-15,2025-12-30,2025-12-30,SUP-022,Redwood Components,USA,Electronics,Connector Kit CK-8,Manufacturing,5.73,2664,15264.72,Net 45,False,False
PO-2025-39782,2025-12-15,2025-12-21,2025-12-21,SUP-034,Pacific Rim Circuits,China,Electronics,Microcontroller MCU-9,Manufacturing,10.11,2194,22181.34,Net 45,True,False
PO-2025-39878,2025-12-15,2026-01-02,2026-01-02,SUP-034,Pacific Rim Circuits,China,Electronics,Sensor Module SM-3,Retail Operations,31.57,212,6692.84,Net 30,True,False
PO-2025-39871,2025-12-15,2026-01-04,2026-01-04,SUP-032,Lotus Components,India,Electronics,Sensor Module SM-3,Corporate,28.93,577,16692.61,Net 15,True,False
PO-2025-39855,2025-12-15,2026-01-03,2026-01-03,SUP-035,Pacific Rim Semitech,China,Electronics,Connector Kit CK-8,Corporate,5.72,4263,24384.36,Net 60,True,False
PO-2025-39795,2025-12-16,2025-12-29,2025-12-29,SUP-034,Pacific Rim Circuits,China,Electronics,Power Supply Unit 450W,Corporate,86.7,152,13178.4,Net 45,True,False
PO-2025-39834,2025-12-16,2026-01-05,2026-01-05,SUP-035,Pacific Rim Semitech,China,Electronics,Microcontroller MCU-9,R&D,10.05,2779,27928.95,Net 15,False,False
PO-2025-39883,2025-12-16,2025-12-24,2025-12-24,SUP-022,Redwood Components,USA,Electronics,Sensor Module SM-3,R&D,30.06,182,5470.92,Net 30,True,False
PO-2025-39835,2025-12-16,2025-12-29,2025-12-29,SUP-032,Lotus Components,India,Electronics,Sensor Module SM-3,Corporate,29.13,482,14040.66,Net 15,True,False
PO-2025-39777,2025-12-17,2025-12-27,2025-12-27,SUP-034,Pacific Rim Circuits,China,Electronics,Power Supply Unit 450W,Corporate,91.53,121,11075.13,Net 15,True,False
PO-2025-39805,2025-12-17,2026-01-02,2026-01-02,SUP-036,Golden Dragon Components,China,Electronics,Microcontroller MCU-9,R&D,10.99,1676,18419.24,Net 30,False,False
PO-2025-39879,2025-12-17,2026-01-09,2026-01-09,SUP-023,Schwarzwald Circuits,Germany,Electronics,Sensor Module SM-3,Retail Operations,28.6,727,20792.2,Net 30,True,False
PO-2025-39838,2025-12-17,2025-12-26,2025-12-26,SUP-035,Pacific Rim Semitech,China,Electronics,Connector Kit CK-8,Manufacturing,5.92,2480,14681.6,Net 30,True,False
PO-2025-39861,2025-12-17,2026-01-12,2026-01-12,SUP-024,Sterling Components,USA,Electronics,Sensor Module SM-3,Retail Operations,33.41,297,9922.77,Net 30,True,False
PO-2025-39940,2025-12-17,2026-01-18,2026-01-18,SUP-028,Summit Components,USA,Electronics,Connector Kit CK-8,Corporate,5.75,3910,22482.5,Net 45,True,False
PO-2025-39927,2025-12-17,2026-01-18,2026-01-18,SUP-036,Golden Dragon Components,China,Electronics,Connector Kit CK-8,R&D,6.14,3314,20347.96,Net 15,True,False
PO-2025-39937,2025-12-17,2026-01-13,2026-01-13,SUP-032,Lotus Components,India,Electronics,PCB Assembly A-11,Retail Operations,59.76,192,11473.92,Net 30,True,False
PO-2025-39904,2025-12-18,2025-12-24,2025-12-24,SUP-025,Cascade Semitech,USA,Electronics,Microcontroller MCU-9,Field Services,10.25,2428,24887.0,Net 60,False,False
PO-2025-39828,2025-12-18,2026-01-21,2026-01-21,SUP-028,Summit Components,USA,Electronics,Connector Kit CK-8,Retail Operations,6.06,3309,20052.54,Net 15,True,False
PO-2025-39839,2025-12-18,2026-01-20,2026-01-20,SUP-032,Lotus Components,India,Electronics,Connector Kit CK-8,Retail Operations,5.37,3922,21061.14,Net 45,True,False
PO-2025-39817,2025-12-18,2025-12-27,2025-12-27,SUP-025,Cascade Semitech,USA,Electronics,Microcontroller MCU-9,R&D,10.88,3307,35980.16,Net 15,False,False
PO-2025-39826,2025-12-18,2026-01-05,2026-01-05,SUP-033,Busan Components,South Korea,Electronics,Sensor Module SM-3,Retail Operations,27.85,560,15596.0,Net 45,True,False
PO-2025-39931,2025-12-19,2026-01-22,2026-01-22,SUP-025,Cascade Semitech,USA,Electronics,Connector Kit CK-8,Corporate,6.33,2517,15932.61,Net 15,True,False
PO-2025-39925,2025-12-19,2026-01-05,2026-01-05,SUP-028,Summit Components,USA,Electronics,PCB Assembly A-11,Corporate,73.66,537,39555.42,Net 45,True,False
PO-2025-39913,2025-12-19,2026-01-10,2026-01-10,SUP-025,Cascade Semitech,USA,Electronics,Power Supply Unit 450W,Manufacturing,87.79,204,17909.16,Net 45,True,False
PO-2025-39860,2025-12-19,2026-01-10,2026-01-22,SUP-029,Great Wall Components,China,Electronics,PCB Assembly A-11,Field Services,87.58,427,37396.66,Net 30,True,False
PO-2025-39951,2025-12-19,2025-12-28,2025-12-28,SUP-036,Golden Dragon Components,China,Electronics,Connector Kit CK-8,R&D,6.33,3689,23351.37,Net 30,True,False
PO-2025-39952,2025-12-19,2026-01-19,2026-01-19,SUP-028,Summit Components,USA,Electronics,Microcontroller MCU-9,Retail Operations,12.01,2316,27815.16,Net 45,True,False
PO-2025-39959,2025-12-19,2026-01-09,2026-01-10,SUP-028,Summit Components,USA,Electronics,Microcontroller MCU-9,R&D,9.82,4221,41450.22,Net 30,True,False
PO-2025-39872,2025-12-19,2026-01-17,2026-01-17,SUP-023,Schwarzwald Circuits,Germany,Electronics,Power Supply Unit 450W,Field Services,77.97,226,17621.22,Net 45,False,False
PO-2025-39845,2025-12-19,2026-01-08,2026-01-08,SUP-034,Pacific Rim Circuits,China,Electronics,Sensor Module SM-3,R&D,31.16,677,21095.32,Net 45,True,False
PO-2025-39934,2025-12-20,2026-01-15,2026-01-15,SUP-034,Pacific Rim Circuits,China,Electronics,PCB Assembly A-11,R&D,72.86,405,29508.3,Net 45,True,False
PO-2025-39933,2025-12-20,2026-01-02,2026-01-02,SUP-032,Lotus Components,India,Electronics,Microcontroller MCU-9,Corporate,9.11,3485,31748.35,Net 45,True,False
PO-2025-39806,2025-12-20,2026-01-04,2026-01-04,SUP-034,Pacific Rim Circuits,China,Electronics,PCB Assembly A-11,R&D,70.68,307,21698.76,Net 30,False,False
PO-2025-39928,2025-12-20,2026-01-05,2026-01-05,SUP-028,Summit Components,USA,Electronics,PCB Assembly A-11,R&D,75.1,50,3755.0,Net 15,True,False
PO-2025-39953,2025-12-20,2026-01-21,2026-01-21,SUP-025,Cascade Semitech,USA,Electronics,Sensor Module SM-3,Retail Operations,34.73,798,27714.54,Net 45,True,False
PO-2025-39802,2025-12-20,2026-01-23,2026-01-23,SUP-028,Summit Components,USA,Electronics,Sensor Module SM-3,R&D,34.77,783,27224.91,Net 45,False,False
PO-2025-39912,2025-12-20,2026-01-15,2026-01-15,SUP-034,Pacific Rim Circuits,China,Electronics,Sensor Module SM-3,Field Services,33.67,499,16801.33,Net 30,True,False
PO-2025-39868,2025-12-20,2026-01-23,2026-01-23,SUP-028,Summit Components,USA,Electronics,PCB Assembly A-11,Field Services,69.82,275,19200.5,Net 45,True,False
PO-2025-39874,2025-12-20,2026-01-02,2026-01-02,SUP-022,Redwood Components,USA,Electronics,Power Supply Unit 450W,Retail Operations,77.31,143,11055.33,Net 30,True,False
PO-2025-39917,2025-12-20,2025-12-27,2025-12-27,SUP-034,Pacific Rim Circuits,China,Electronics,Sensor Module SM-3,Retail Operations,33.66,416,14002.56,Net 45,True,False
PO-2025-39840,2025-12-21,2026-01-19,2026-01-19,SUP-032,Lotus Components,India,Electronics,Sensor Module SM-3,Manufacturing,31.26,883,27602.58,Net 30,True,False
PO-2025-39930,2025-12-22,2025-12-27,2025-12-27,SUP-036,Golden Dragon Components,China,Electronics,Power Supply Unit 450W,Corporate,91.17,122,11122.74,Net 45,True,False
PO-2025-39891,2025-12-22,2026-01-09,2026-01-09,SUP-034,Pacific Rim Circuits,China,Electronics,Sensor Module SM-3,R&D,35.32,947,33448.04,Net 30,True,False
PO-2025-39881,2025-12-22,2026-01-15,2026-01-15,SUP-028,Summit Components,USA,Electronics,Power Supply Unit 450W,Corporate,84.81,113,9583.53,Net 45,True,False
PO-2025-39938,2025-12-22,2026-01-16,2026-01-16,SUP-036,Golden Dragon Components,China,Electronics,Connector Kit CK-8,Retail Operations,6.24,2516,15699.84,Net 30,True,False
PO-2025-39789,2025-12-23,2026-01-23,2026-01-23,SUP-036,Golden Dragon Components,China,Electronics,PCB Assembly A-11,Corporate,77.29,616,47610.64,Net 30,True,False
PO-2025-39955,2025-12-23,2026-01-05,2026-01-05,SUP-033,Busan Components,South Korea,Electronics,Microcontroller MCU-9,Retail Operations,9.27,3164,29330.28,Net 45,True,False
PO-2025-39956,2025-12-23,2026-01-21,2026-01-21,SUP-025,Cascade Semitech,USA,Electronics,Microcontroller MCU-9,Field Services,10.95,2082,22797.9,Net 30,True,False
PO-2025-39919,2025-12-23,2026-01-14,2026-02-08,SUP-029,Great Wall Components,China,Electronics,Sensor Module SM-3,Corporate,31.05,629,19530.45,Net 30,True,True
PO-2025-39877,2025-12-23,2025-12-29,2025-12-29,SUP-025,Cascade Semitech,USA,Electronics,Connector Kit CK-8,R&D,6.3,4237,26693.1,Net 45,True,False
PO-2025-39867,2025-12-23,2026-01-04,2026-01-04,SUP-028,Summit Components,USA,Electronics,Microcontroller MCU-9,Field Services,10.97,2449,26865.53,Net 30,False,False
PO-2025-39820,2025-12-23,2026-01-08,2026-01-08,SUP-024,Sterling Components,USA,Electronics,Power Supply Unit 450W,Field Services,93.99,112,10526.88,Net 30,True,False
PO-2025-39946,2025-12-23,2026-01-01,2026-01-01,SUP-028,Summit Components,USA,Electronics,Connector Kit CK-8,Field Services,5.72,5079,29051.88,Net 45,True,False
PO-2025-39794,2025-12-24,2026-01-13,2026-01-13,SUP-032,Lotus Components,India,Electronics,Power Supply Unit 450W,Field Services,75.82,107,8112.74,Net 30,False,False
PO-2025-39842,2025-12-24,2026-01-17,2026-01-17,SUP-025,Cascade Semitech,USA,Electronics,PCB Assembly A-11,Manufacturing,77.18,352,27167.36,Net 45,True,False
PO-2025-39882,2025-12-24,2026-01-10,2026-01-10,SUP-034,Pacific Rim Circuits,China,Electronics,Sensor Module SM-3,Corporate,33.71,839,28282.69,Net 60,True,False
PO-2025-39947,2025-12-24,2025-12-31,2025-12-31,SUP-033,Busan Components,South Korea,Electronics,Power Supply Unit 450W,Field Services,74.51,187,13933.37,Net 30,True,False
PO-2025-39779,2025-12-24,2026-01-16,2026-01-19,SUP-025,Cascade Semitech,USA,Electronics,PCB Assembly A-11,Field Services,70.29,453,31841.37,Net 15,False,False
PO-2025-39788,2025-12-24,2026-01-27,2026-01-27,SUP-028,Summit Components,USA,Electronics,Microcontroller MCU-9,R&D,9.73,2319,22563.87,Net 30,True,False
PO-2025-39889,2025-12-25,2026-01-25,2026-01-26,SUP-025,Cascade Semitech,USA,Electronics,PCB Assembly A-11,Corporate,68.01,422,28700.22,Net 30,True,False
PO-2025-39943,2025-12-25,2026-01-24,2026-01-26,SUP-036,Golden Dragon Components,China,Electronics,Connector Kit CK-8,R&D,6.08,1818,11053.44,Net 30,True,False
PO-2025-39859,2025-12-25,2026-01-05,2026-01-05,SUP-036,Golden Dragon Components,China,Electronics,Microcontroller MCU-9,Retail Operations,10.69,2771,29621.99,Net 45,True,False
PO-2025-39942,2025-12-26,2026-01-28,2026-01-28,SUP-032,Lotus Components,India,Electronics,Sensor Module SM-3,Manufacturing,27.82,455,12658.1,Net 45,True,False
PO-2025-39783,2025-12-26,2026-01-23,2026-01-23,SUP-030,Sterling Semitech,USA,Electronics,Microcontroller MCU-9,Manufacturing,10.48,1730,18130.4,Net 30,True,False
PO-2025-39954,2025-12-26,2026-01-03,2026-01-03,SUP-033,Busan Components,South Korea,Electronics,Sensor Module SM-3,Corporate,29.48,843,24851.64,Net 60,True,False
PO-2025-39941,2025-12-26,2026-01-10,2026-01-10,SUP-034,Pacific Rim Circuits,China,Electronics,Power Supply Unit 450W,Retail Operations,92.13,229,21097.77,Net 30,True,False
PO-2025-39825,2025-12-26,2026-01-03,2026-01-03,SUP-032,Lotus Components,India,Electronics,Microcontroller MCU-9,R&D,9.03,2539,22927.17,Net 15,False,False
PO-2025-39850,2025-12-26,2026-01-04,2026-01-04,SUP-025,Cascade Semitech,USA,Electronics,Microcontroller MCU-9,Corporate,10.63,2200,23386.0,Net 45,True,False
PO-2025-39884,2025-12-26,2026-01-17,2026-01-17,SUP-025,Cascade Semitech,USA,Electronics,Connector Kit CK-8,R&D,5.87,1006,5905.22,Net 60,True,False
PO-2025-39935,2025-12-27,2026-01-28,2026-01-28,SUP-034,Pacific Rim Circuits,China,Electronics,Power Supply Unit 450W,Manufacturing,87.57,227,19878.39,Net 45,True,True
PO-2025-39811,2025-12-27,2026-01-16,2026-01-16,SUP-025,Cascade Semitech,USA,Electronics,Microcontroller MCU-9,Corporate,11.28,2613,29474.64,Net 30,True,False
PO-2025-39848,2025-12-27,2026-01-20,2026-01-20,SUP-036,Golden Dragon Components,China,Electronics,PCB Assembly A-11,Retail Operations,74.13,405,30022.65,Net 15,True,False
PO-2025-39851,2025-12-28,2026-01-06,2026-01-06,SUP-022,Redwood Components,USA,Electronics,PCB Assembly A-11,Field Services,72.72,245,17816.4,Net 30,True,False
PO-2025-39787,2025-12-28,2026-01-26,2026-01-27,SUP-033,Busan Components,South Korea,Electronics,Microcontroller MCU-9,R&D,9.29,2378,22091.62,Net 30,True,False
PO-2025-39800,2025-12-28,2026-01-20,2026-01-20,SUP-035,Pacific Rim Semitech,China,Electronics,Sensor Module SM-3,R&D,33.12,938,31066.56,Net 30,True,False
PO-2025-39819,2025-12-28,2026-01-06,2026-01-06,SUP-025,Cascade Semitech,USA,Electronics,Connector Kit CK-8,Corporate,6.07,2692,16340.44,Net 30,True,False
PO-2025-39841,2025-12-28,2026-01-05,2026-01-05,SUP-022,Redwood Components,USA,Electronics,Power Supply Unit 450W,Field Services,80.42,181,14556.02,Net 30,True,False
PO-2025-39887,2025-12-29,2026-01-15,2026-01-15,SUP-036,Golden Dragon Components,China,Electronics,PCB Assembly A-11,R&D,66.19,142,9398.98,Net 60,True,False
PO-2025-39905,2025-12-29,2026-01-10,2026-01-10,SUP-025,Cascade Semitech,USA,Electronics,Sensor Module SM-3,Manufacturing,32.93,356,11723.08,Net 15,True,False
PO-2025-39909,2025-12-29,2026-01-08,2026-01-08,SUP-025,Cascade Semitech,USA,Electronics,Connector Kit CK-8,Field Services,5.91,3525,20832.75,Net 30,True,False
PO-2025-39920,2025-12-29,2026-01-18,2026-01-18,SUP-028,Summit Components,USA,Electronics,PCB Assembly A-11,Field Services,65.07,299,19455.93,Net 30,True,False
PO-2025-39924,2025-12-29,2026-01-18,2026-01-19,SUP-034,Pacific Rim Circuits,China,Electronics,Power Supply Unit 450W,R&D,89.32,75,6699.0,Net 30,False,False
PO-2025-39936,2025-12-29,2026-01-29,2026-02-01,SUP-028,Summit Components,USA,Electronics,Connector Kit CK-8,Field Services,6.05,2818,17048.9,Net 30,True,False
PO-2025-39958,2025-12-29,2026-01-07,2026-01-07,SUP-032,Lotus Components,India,Electronics,Power Supply Unit 450W,Retail Operations,77.5,96,7440.0,Net 15,True,False
PO-2025-39876,2025-12-29,2026-01-22,2026-01-22,SUP-024,Sterling Components,USA,Electronics,Sensor Module SM-3,Manufacturing,32.03,749,23990.47,Net 60,True,False
PO-2025-39830,2025-12-30,2026-01-17,2026-01-20,SUP-025,Cascade Semitech,USA,Electronics,Power Supply Unit 450W,Retail Operations,95.76,207,19822.32,Net 45,True,False
PO-2025-39816,2025-12-30,2026-01-25,2026-01-25,SUP-035,Pacific Rim Semitech,China,Electronics,Power Supply Unit 450W,Field Services,89.99,111,9988.89,Net 30,True,False
PO-2025-39814,2025-12-30,2026-01-20,2026-01-24,SUP-029,Great Wall Components,China,Electronics,PCB Assembly A-11,R&D,74.02,470,34789.4,Net 30,True,False
PO-2025-39812,2025-12-30,2026-01-10,2026-01-10,SUP-032,Lotus Components,India,Electronics,Microcontroller MCU-9,R&D,8.38,3276,27452.88,Net 60,True,False
PO-2025-39796,2025-12-30,2026-01-22,2026-01-22,SUP-028,Summit Components,USA,Electronics,PCB Assembly A-11,R&D,70.85,345,24443.25,Net 15,True,False
PO-2025-39890,2025-12-30,2026-01-16,2026-01-16,SUP-028,Summit Components,USA,Electronics,Connector Kit CK-8,R&D,6.38,2207,14080.66,Net 15,True,False
PO-2025-39832,2025-12-30,2026-01-30,2026-01-30,SUP-026,Great Wall Circuits,China,Electronics,Sensor Module SM-3,Corporate,35.89,489,17550.21,Net 60,True,False
PO-2025-39894,2025-12-30,2026-01-20,2026-01-23,SUP-036,Golden Dragon Components,China,Electronics,Power Supply Unit 450W,Retail Operations,95.55,101,9650.55,Net 30,True,False
PO-2025-39922,2025-12-31,2026-01-19,2026-01-19,SUP-033,Busan Components,South Korea,Electronics,PCB Assembly A-11,R&D,63.31,480,30388.8,Net 30,True,False
PO-2025-39902,2025-12-31,2026-02-03,2026-02-03,SUP-033,Busan Components,South Korea,Electronics,Sensor Module SM-3,Manufacturing,30.08,826,24846.08,Net 45,True,False
PO-2025-39827,2025-12-31,2026-02-01,2026-02-01,SUP-032,Lotus Components,India,Electronics,Microcontroller MCU-9,R&D,9.27,2748,25473.96,Net 45,True,False
PO-2025-39792,2025-12-31,2026-01-16,2026-01-16,SUP-028,Summit Components,USA,Electronics,Sensor Module SM-3,Manufacturing,34.61,906,31356.66,Net 45,True,False
PO-2025-39781,2025-12-31,2026-01-17,2026-01-17,SUP-028,Summit Components,USA,Electronics,Power Supply Unit 450W,Manufacturing,88.16,111,9785.76,Net 30,True,False
PO-2025-39785,2025-12-31,2026-01-25,2026-01-26,SUP-033,Busan Components,South Korea,Electronics,Power Supply Unit 450W,Field Services,78.13,99,7734.87,Net 30,False,False
PO-2026-41037,2026-01-01,2026-01-06,2026-01-06,SUP-028,Summit Components,USA,Electronics,PCB Assembly A-11,Manufacturing,72.64,255,18523.2,Net 45,True,False
PO-2026-41125,2026-01-01,2026-01-27,2026-01-27,SUP-036,Golden Dragon Components,China,Electronics,Sensor Module SM-3,Field Services,34.73,1090,37855.7,Net 45,True,False
PO-2026-41090,2026-01-01,2026-01-22,2026-01-22,SUP-025,Cascade Semitech,USA,Electronics,Power Supply Unit 450W,Retail Operations,90.04,169,15216.76,Net 45,True,False
PO-2026-41085,2026-01-01,2026-02-03,2026-02-03,SUP-033,Busan Components,South Korea,Electronics,Connector Kit CK-8,R&D,5.55,3707,20573.85,Net 60,True,False
PO-2026-41050,2026-01-01,2026-01-19,2026-01-19,SUP-028,Summit Components,USA,Electronics,Sensor Module SM-3,R&D,31.97,628,20077.16,Net 60,True,False
PO-2026-41086,2026-01-02,2026-01-11,2026-01-11,SUP-028,Summit Components,USA,Electronics,Connector Kit CK-8,Retail Operations,6.02,4303,25904.06,Net 30,True,False
PO-2026-41136,2026-01-03,2026-01-22,2026-01-23,SUP-033,Busan Components,South Korea,Electronics,Microcontroller MCU-9,R&D,9.69,2413,23381.97,Net 30,False,False
PO-2026-41077,2026-01-03,2026-01-12,2026-01-12,SUP-025,Cascade Semitech,USA,Electronics,Power Supply Unit 450W,Retail Operations,90.72,90,8164.8,Net 30,True,False
PO-2026-41065,2026-01-03,2026-01-20,2026-01-20,SUP-025,Cascade Semitech,USA,Electronics,Connector Kit CK-8,Corporate,6.12,2216,13561.92,Net 30,True,False
PO-2026-41047,2026-01-03,2026-02-01,2026-02-01,SUP-034,Pacific Rim Circuits,China,Electronics,Sensor Module SM-3,Retail Operations,31.34,858,26889.72,Net 15,True,False
PO-2026-41028,2026-01-03,2026-01-19,2026-01-19,SUP-034,Pacific Rim Circuits,China,Electronics,Power Supply Unit 450W,R&D,91.04,117,10651.68,Net 30,True,False
PO-2026-41104,2026-01-04,2026-01-15,2026-01-15,SUP-028,Summit Components,USA,Electronics,Sensor Module SM-3,Retail Operations,34.54,213,7357.02,Net 30,True,False
PO-2026-41096,2026-01-04,2026-01-26,2026-01-26,SUP-025,Cascade Semitech,USA,Electronics,Connector Kit CK-8,R&D,6.62,2126,14074.12,Net 30,False,False
PO-2026-41051,2026-01-04,2026-01-26,2026-01-26,SUP-028,Summit Components,USA,Electronics,Microcontroller MCU-9,Corporate,11.31,2389,27019.59,Net 45,True,False
PO-2026-41078,2026-01-04,2026-02-05,2026-02-05,SUP-033,Busan Components,South Korea,Electronics,PCB Assembly A-11,Retail Operations,60.68,388,23543.84,Net 30,True,False
PO-2026-41112,2026-01-05,2026-02-07,2026-02-07,SUP-034,Pacific Rim Circuits,China,Electronics,Power Supply Unit 450W,Field Services,90.11,169,15228.59,Net 45,False,False
PO-2026-41113,2026-01-05,2026-01-25,2026-01-28,SUP-034,Pacific Rim Circuits,China,Electronics,Power Supply Unit 450W,Corporate,86.74,110,9541.4,Net 30,True,False
PO-2026-41101,2026-01-05,2026-01-30,2026-01-30,SUP-032,Lotus Components,India,Electronics,PCB Assembly A-11,R&D,61.97,353,21875.41,Net 15,False,False
PO-2026-41045,2026-01-06,2026-01-19,2026-01-19,SUP-025,Cascade Semitech,USA,Electronics,Microcontroller MCU-9,Manufacturing,10.57,2312,24437.84,Net 30,True,False
PO-2026-41079,2026-01-06,2026-01-18,2026-01-28,SUP-029,Great Wall Components,China,Electronics,Microcontroller MCU-9,Retail Operations,8.13,2735,22235.55,Net 60,True,False
PO-2026-41038,2026-01-06,2026-01-20,2026-01-20,SUP-032,Lotus Components,India,Electronics,Power Supply Unit 450W,Field Services,79.4,80,6352.0,Net 45,True,False
PO-2026-41116,2026-01-07,2026-01-26,2026-01-26,SUP-036,Golden Dragon Components,China,Electronics,Sensor Module SM-3,Corporate,35.43,417,14774.31,Net 15,True,False
PO-2026-41109,2026-01-07,2026-01-14,2026-01-14,SUP-032,Lotus Components,India,Electronics,Microcontroller MCU-9,Corporate,9.21,1891,17416.11,Net 45,True,False
PO-2026-41132,2026-01-08,2026-01-27,2026-01-27,SUP-034,Pacific Rim Circuits,China,Electronics,Connector Kit CK-8,Retail Operations,5.87,1776,10425.12,Net 60,True,False
PO-2026-41081,2026-01-08,2026-01-15,2026-01-15,SUP-033,Busan Components,South Korea,Electronics,Microcontroller MCU-9,Corporate,9.42,3449,32489.58,Net 30,False,False
PO-2026-41034,2026-01-08,2026-02-02,2026-02-04,SUP-028,Summit Components,USA,Electronics,Power Supply Unit 450W,Retail Operations,82.01,119,9759.19,Net 60,True,False
PO-2026-41092,2026-01-09,2026-01-28,2026-01-28,SUP-028,Summit Components,USA,Electronics,PCB Assembly A-11,Corporate,74.52,612,45606.24,Net 30,True,False
PO-2026-41108,2026-01-09,2026-01-17,2026-01-17,SUP-033,Busan Components,South Korea,Electronics,Microcontroller MCU-9,Corporate,9.35,2936,27451.6,Net 30,True,False
PO-2026-41110,2026-01-09,2026-02-03,2026-02-03,SUP-036,Golden Dragon Components,China,Electronics,Microcontroller MCU-9,Corporate,11.92,2936,34997.12,Net 30,True,False
PO-2026-41076,2026-01-09,2026-01-23,2026-01-23,SUP-028,Summit Components,USA,Electronics,Connector Kit CK-8,Field Services,5.98,3497,20912.06,Net 60,True,False
PO-2026-41069,2026-01-09,2026-02-06,2026-02-06,SUP-036,Golden Dragon Components,China,Electronics,Microcontroller MCU-9,R&D,11.22,3586,40234.92,Net 45,True,False
PO-2026-41055,2026-01-09,2026-02-07,2026-02-07,SUP-028,Summit Components,USA,Electronics,Power Supply Unit 450W,Field Services,94.94,161,15285.34,Net 15,False,True
PO-2026-41066,2026-01-09,2026-01-14,2026-01-14,SUP-025,Cascade Semitech,USA,Electronics,Microcontroller MCU-9,Manufacturing,11.16,3431,38289.96,Net 30,True,False
PO-2026-41133,2026-01-10,2026-01-15,2026-01-15,SUP-024,Sterling Components,USA,Electronics,Sensor Module SM-3,Corporate,34.86,784,27330.24,Net 30,True,False
PO-2026-41082,2026-01-10,2026-02-07,2026-02-07,SUP-022,Redwood Components,USA,Electronics,Power Supply Unit 450W,R&D,82.54,195,16095.3,Net 30,True,False
PO-2026-41121,2026-01-11,2026-01-28,2026-01-28,SUP-036,Golden Dragon Components,China,Electronics,Connector Kit CK-8,Corporate,6.25,3894,24337.5,Net 30,True,False
PO-2026-41073,2026-01-11,2026-02-14,2026-02-14,SUP-025,Cascade Semitech,USA,Electronics,Sensor Module SM-3,Field Services,34.63,510,17661.3,Net 30,False,False
PO-2026-41046,2026-01-11,2026-02-08,2026-02-19,SUP-029,Great Wall Components,China,Electronics,PCB Assembly A-11,R&D,61.15,283,17305.45,Net 15,False,False
PO-2026-41048,2026-01-12,2026-02-04,2026-02-08,SUP-034,Pacific Rim Circuits,China,Electronics,Microcontroller MCU-9,Manufacturing,10.15,3562,36154.3,Net 45,True,False
PO-2026-41036,2026-01-12,2026-01-20,2026-01-20,SUP-036,Golden Dragon Components,China,Electronics,Connector Kit CK-8,R&D,6.54,3706,24237.24,Net 60,False,False
PO-2026-41111,2026-01-12,2026-01-23,2026-01-23,SUP-025,Cascade Semitech,USA,Electronics,Power Supply Unit 450W,Retail Operations,86.03,279,24002.37,Net 60,True,False
PO-2026-41080,2026-01-12,2026-01-29,2026-01-29,SUP-033,Busan Components,South Korea,Electronics,PCB Assembly A-11,Corporate,65.84,824,54252.16,Net 30,True,False
PO-2026-41099,2026-01-13,2026-01-28,2026-02-04,SUP-029,Great Wall Components,China,Electronics,Microcontroller MCU-9,Manufacturing,10.08,3673,37023.84,Net 30,True,False
PO-2026-41052,2026-01-14,2026-02-03,2026-02-12,SUP-029,Great Wall Components,China,Electronics,Connector Kit CK-8,R&D,6.4,2359,15097.6,Net 15,True,False
PO-2026-41118,2026-01-14,2026-01-23,2026-01-23,SUP-025,Cascade Semitech,USA,Electronics,Sensor Module SM-3,R&D,31.89,338,10778.82,Net 45,False,False
PO-2026-41033,2026-01-14,2026-02-06,2026-02-06,SUP-027,Golden Dragon Circuits,China,Electronics,PCB Assembly A-11,R&D,68.72,216,14843.52,Net 30,True,False
PO-2026-41027,2026-01-14,2026-02-06,2026-02-06,SUP-022,Redwood Components,USA,Electronics,PCB Assembly A-11,R&D,60.81,706,42931.86,Net 15,True,False
PO-2026-41134,2026-01-14,2026-02-14,2026-02-14,SUP-024,Sterling Components,USA,Electronics,Power Supply Unit 450W,Manufacturing,89.78,179,16070.62,Net 45,True,False
PO-2026-41091,2026-01-15,2026-02-03,2026-02-03,SUP-028,Summit Components,USA,Electronics,Power Supply Unit 450W,Manufacturing,90.09,179,16126.11,Net 15,True,False
PO-2026-41117,2026-01-15,2026-01-27,2026-01-27,SUP-028,Summit Components,USA,Electronics,Power Supply Unit 450W,Field Services,93.33,186,17359.38,Net 45,True,False
PO-2026-41062,2026-01-15,2026-01-31,2026-01-31,SUP-033,Busan Components,South Korea,Electronics,Connector Kit CK-8,Field Services,5.37,2285,12270.45,Net 15,True,False
PO-2026-41049,2026-01-16,2026-02-06,2026-02-07,SUP-036,Golden Dragon Components,China,Electronics,Microcontroller MCU-9,Manufacturing,10.15,3964,40234.6,Net 45,True,False
PO-2026-41057,2026-01-16,2026-01-30,2026-01-30,SUP-034,Pacific Rim Circuits,China,Electronics,Power Supply Unit 450W,Retail Operations,93.35,48,4480.8,Net 30,True,False
PO-2026-41032,2026-01-16,2026-02-16,2026-02-16,SUP-033,Busan Components,South Korea,Electronics,Microcontroller MCU-9,Field Services,9.68,2249,21770.32,Net 45,False,False
PO-2026-41035,2026-01-16,2026-02-07,2026-02-07,SUP-028,Summit Components,USA,Electronics,Sensor Module SM-3,Manufacturing,33.12,574,19010.88,Net 30,True,False
PO-2026-41102,2026-01-16,2026-01-29,2026-01-31,SUP-025,Cascade Semitech,USA,Electronics,Connector Kit CK-8,Corporate,6.27,2353,14753.31,Net 30,True,False
PO-2026-41124,2026-01-16,2026-02-08,2026-02-08,SUP-026,Great Wall Circuits,China,Electronics,Microcontroller MCU-9,Retail Operations,11.81,1530,18069.3,Net 45,True,False
PO-2026-41074,2026-01-17,2026-02-07,2026-02-16,SUP-029,Great Wall Components,China,Electronics,Microcontroller MCU-9,R&D,14.57,3333,48561.81,Net 45,True,False
PO-2026-41114,2026-01-17,2026-01-28,2026-01-28,SUP-031,Hanseatic Circuits,Germany,Electronics,Microcontroller MCU-9,Retail Operations,10.64,1939,20630.96,Net 30,True,False
PO-2026-41126,2026-01-17,2026-02-18,2026-02-18,SUP-028,Summit Components,USA,Electronics,PCB Assembly A-11,Corporate,74.31,340,25265.4,Net 30,True,False
PO-2026-41053,2026-01-17,2026-01-27,2026-01-31,SUP-036,Golden Dragon Components,China,Electronics,Power Supply Unit 450W,Corporate,100.62,79,7948.98,Net 15,True,False
PO-2026-41070,2026-01-18,2026-02-08,2026-02-08,SUP-036,Golden Dragon Components,China,Electronics,Microcontroller MCU-9,R&D,11.14,3398,37853.72,Net 60,True,False
PO-2026-41063,2026-01-18,2026-01-26,2026-01-26,SUP-028,Summit Components,USA,Electronics,Power Supply Unit 450W,Field Services,85.07,197,16758.79,Net 45,True,False
PO-2026-41129,2026-01-18,2026-02-05,2026-02-25,SUP-029,Great Wall Components,China,Electronics,Sensor Module SM-3,Field Services,27.97,798,22320.06,Net 30,True,False
PO-2026-41123,2026-01-18,2026-01-30,2026-01-30,SUP-028,Summit Components,USA,Electronics,Power Supply Unit 450W,Retail Operations,86.14,214,18433.96,Net 30,True,False
PO-2026-41075,2026-01-18,2026-01-31,2026-01-31,SUP-025,Cascade Semitech,USA,Electronics,Sensor Module SM-3,Retail Operations,32.33,634,20497.22,Net 45,True,False
PO-2026-41097,2026-01-19,2026-02-17,2026-02-17,SUP-036,Golden Dragon Components,China,Electronics,Microcontroller MCU-9,Retail Operations,11.39,2723,31014.97,Net 30,True,False
PO-2026-41040,2026-01-20,2026-02-06,2026-02-06,SUP-032,Lotus Components,India,Electronics,Power Supply Unit 450W,R&D,76.81,102,7834.62,Net 30,True,False
PO-2026-41068,2026-01-20,2026-02-23,2026-02-23,SUP-033,Busan Components,South Korea,Electronics,Power Supply Unit 450W,Field Services,77.86,108,8408.88,Net 45,True,False
PO-2026-41120,2026-01-20,2026-01-27,2026-01-27,SUP-032,Lotus Components,India,Electronics,PCB Assembly A-11,Field Services,57.53,499,28707.47,Net 45,True,False
PO-2026-41064,2026-01-20,2026-02-15,2026-02-15,SUP-028,Summit Components,USA,Electronics,Power Supply Unit 450W,R&D,94.76,154,14593.04,Net 30,True,False
PO-2026-41107,2026-01-21,2026-01-30,2026-01-30,SUP-025,Cascade Semitech,USA,Electronics,Power Supply Unit 450W,R&D,94.8,247,23415.6,Net 45,True,False
PO-2026-41115,2026-01-21,2026-01-30,2026-02-01,SUP-033,Busan Components,South Korea,Electronics,Power Supply Unit 450W,Corporate,71.08,99,7036.92,Net 30,True,False
PO-2026-41128,2026-01-21,2026-02-09,2026-02-09,SUP-025,Cascade Semitech,USA,Electronics,Connector Kit CK-8,R&D,6.18,3552,21951.36,Net 60,True,False
PO-2026-41054,2026-01-21,2026-02-17,2026-02-17,SUP-025,Cascade Semitech,USA,Electronics,Microcontroller MCU-9,Corporate,10.71,1767,18924.57,Net 45,True,False
PO-2026-41041,2026-01-21,2026-02-16,2026-03-01,SUP-029,Great Wall Components,China,Electronics,Microcontroller MCU-9,Retail Operations,9.89,2604,25753.56,Net 45,True,False
PO-2026-41058,2026-01-21,2026-02-04,2026-02-04,SUP-028,Summit Components,USA,Electronics,Sensor Module SM-3,Corporate,32.31,513,16575.03,Net 30,True,False
PO-2026-41060,2026-01-22,2026-02-11,2026-02-11,SUP-032,Lotus Components,India,Electronics,Connector Kit CK-8,Manufacturing,5.04,1403,7071.12,Net 30,False,False
PO-2026-41039,2026-01-22,2026-02-10,2026-02-10,SUP-028,Summit Components,USA,Electronics,Sensor Module SM-3,R&D,32.7,804,26290.8,Net 15,False,False
PO-2026-41127,2026-01-22,2026-02-25,2026-02-25,SUP-036,Golden Dragon Components,China,Electronics,Power Supply Unit 450W,Field Services,92.6,142,13149.2,Net 60,False,False
PO-2026-41093,2026-01-23,2026-01-28,2026-01-28,SUP-022,Redwood Components,USA,Electronics,Microcontroller MCU-9,R&D,10.52,2090,21986.8,Net 45,True,False
PO-2026-41088,2026-01-23,2026-02-10,2026-02-15,SUP-022,Redwood Components,USA,Electronics,Microcontroller MCU-9,Corporate,9.69,1422,13779.18,Net 45,True,False
PO-2026-41087,2026-01-23,2026-02-03,2026-02-03,SUP-028,Summit Components,USA,Electronics,Sensor Module SM-3,R&D,32.99,576,19002.24,Net 45,False,False
PO-2026-41130,2026-01-24,2026-02-11,2026-02-17,SUP-029,Great Wall Components,China,Electronics,Connector Kit CK-8,R&D,7.05,2228,15707.4,Net 30,False,False
PO-2026-41072,2026-01-24,2026-02-01,2026-02-01,SUP-025,Cascade Semitech,USA,Electronics,Connector Kit CK-8,Corporate,6.23,2556,15923.88,Net 15,True,False
PO-2026-41098,2026-01-24,2026-01-29,2026-01-29,SUP-033,Busan Components,South Korea,Electronics,Sensor Module SM-3,Retail Operations,30.21,821,24802.41,Net 30,True,False
PO-2026-41135,2026-01-25,2026-01-31,2026-01-31,SUP-024,Sterling Components,USA,Electronics,PCB Assembly A-11,Manufacturing,71.66,499,35758.34,Net 30,True,False
PO-2026-41131,2026-01-25,2026-02-19,2026-02-19,SUP-028,Summit Components,USA,Electronics,Sensor Module SM-3,Corporate,34.37,872,29970.64,Net 30,True,True
PO-2026-41103,2026-01-25,2026-02-18,2026-02-20,SUP-028,Summit Components,USA,Electronics,PCB Assembly A-11,Corporate,78.09,374,29205.66,Net 30,True,False
PO-2026-41031,2026-01-26,2026-02-26,2026-02-26,SUP-036,Golden Dragon Components,China,Electronics,Sensor Module SM-3,Retail Operations,36.59,628,22978.52,Net 30,True,False
PO-2026-41030,2026-01-26,2026-01-31,2026-02-01,SUP-032,Lotus Components,India,Electronics,Connector Kit CK-8,Field Services,5.21,4256,22173.76,Net 30,True,False
PO-2026-41067,2026-01-26,2026-02-11,2026-02-11,SUP-032,Lotus Components,India,Electronics,Power Supply Unit 450W,R&D,81.79,190,15540.1,Net 60,True,False
PO-2026-41119,2026-01-26,2026-02-12,2026-02-12,SUP-025,Cascade Semitech,USA,Electronics,Power Supply Unit 450W,Manufacturing,84.59,208,17594.72,Net 30,True,False
PO-2026-41089,2026-01-27,2026-02-04,2026-02-04,SUP-025,Cascade Semitech,USA,Electronics,Power Supply Unit 450W,Retail Operations,89.38,192,17160.96,Net 45,True,False
PO-2026-41094,2026-01-27,2026-02-10,2026-02-10,SUP-022,Redwood Components,USA,Electronics,Sensor Module SM-3,Corporate,31.99,529,16922.71,Net 60,True,False
PO-2026-41095,2026-01-27,2026-03-02,2026-03-02,SUP-022,Redwood Components,USA,Electronics,Sensor Module SM-3,Corporate,32.96,432,14238.72,Net 30,True,False
PO-2026-41100,2026-01-27,2026-02-20,2026-02-20,SUP-028,Summit Components,USA,Electronics,Power Supply Unit 450W,Manufacturing,89.62,136,12188.32,Net 45,True,False
PO-2026-41043,2026-01-27,2026-02-22,2026-02-22,SUP-032,Lotus Components,India,Electronics,Connector Kit CK-8,Field Services,4.94,2405,11880.7,Net 30,False,False
PO-2026-41044,2026-01-28,2026-02-25,2026-02-27,SUP-028,Summit Components,USA,Electronics,Microcontroller MCU-9,Field Services,10.94,1743,19068.42,Net 30,True,False
PO-2026-41122,2026-01-29,2026-02-11,2026-02-11,SUP-036,Golden Dragon Components,China,Electronics,Connector Kit CK-8,R&D,5.94,1966,11678.04,Net 30,False,False
PO-2026-41029,2026-01-29,2026-03-04,2026-03-04,SUP-033,Busan Components,South Korea,Electronics,Connector Kit CK-8,Retail Operations,5.0,3322,16610.0,Net 60,True,False
PO-2026-41056,2026-01-29,2026-02-23,2026-02-25,SUP-032,Lotus Components,India,Electronics,Microcontroller MCU-9,Field Services,10.06,2547,25622.82,Net 30,False,False
PO-2026-41059,2026-01-29,2026-02-04,2026-02-04,SUP-028,Summit Components,USA,Electronics,Sensor Module SM-3,R&D,31.14,790,24600.6,Net 60,False,False
PO-2026-41106,2026-01-29,2026-02-14,2026-02-14,SUP-028,Summit Components,USA,Electronics,Connector Kit CK-8,Manufacturing,6.25,896,5600.0,Net 30,True,False
PO-2026-41105,2026-01-30,2026-02-13,2026-02-13,SUP-024,Sterling Components,USA,Electronics,Microcontroller MCU-9,Field Services,10.41,1542,16052.22,Net 30,True,False
PO-2026-41084,2026-01-30,2026-02-08,2026-02-08,SUP-029,Great Wall Components,China,Electronics,Power Supply Unit 450W,Manufacturing,84.12,198,16655.76,Net 15,True,False
PO-2026-41071,2026-01-30,2026-02-28,2026-02-28,SUP-032,Lotus Components,India,Electronics,Sensor Module SM-3,R&D,30.33,736,22322.88,Net 30,False,False
PO-2026-41061,2026-01-30,2026-02-27,2026-02-27,SUP-022,Redwood Components,USA,Electronics,PCB Assembly A-11,Corporate,67.6,338,22848.8,Net 30,True,False
PO-2026-41042,2026-01-31,2026-03-03,2026-03-03,SUP-036,Golden Dragon Components,China,Electronics,Connector Kit CK-8,Manufacturing,5.78,1207,6976.46,Net 60,True,False
PO-2026-41083,2026-01-31,2026-02-16,2026-02-16,SUP-034,Pacific Rim Circuits,China,Electronics,PCB Assembly A-11,Corporate,62.0,370,22940.0,Net 45,True,False
PO-2026-42028,2026-02-01,2026-03-02,2026-03-03,SUP-025,Cascade Semitech,USA,Electronics,PCB Assembly A-11,Retail Operations,67.75,665,45053.75,Net 60,True,False
PO-2026-41985,2026-02-01,2026-02-28,2026-03-05,SUP-033,Busan Components,South Korea,Electronics,PCB Assembly A-11,R&D,63.11,426,26884.86,Net 30,True,False
PO-2026-42019,2026-02-01,2026-03-02,2026-03-07,SUP-029,Great Wall Components,China,Electronics,Power Supply Unit 450W,Field Services,99.0,166,16434.0,Net 30,True,True
PO-2026-41976,2026-02-01,2026-02-27,2026-03-05,SUP-034,Pacific Rim Circuits,China,Electronics,Connector Kit CK-8,R&D,6.45,3582,23103.9,Net 60,True,False
PO-2026-41967,2026-02-01,2026-03-05,2026-03-07,SUP-028,Summit Components,USA,Electronics,Microcontroller MCU-9,R&D,10.36,2537,26283.32,Net 45,True,False
PO-2026-42034,2026-02-01,2026-02-10,2026-02-21,SUP-029,Great Wall Components,China,Electronics,Microcontroller MCU-9,Manufacturing,11.05,2722,30078.1,Net 30,True,False
PO-2026-42090,2026-02-01,2026-02-15,2026-02-15,SUP-024,Sterling Components,USA,Electronics,Power Supply Unit 450W,Field Services,92.94,194,18030.36,Net 45,False,False
PO-2026-42059,2026-02-01,2026-02-19,2026-02-19,SUP-025,Cascade Semitech,USA,Electronics,Connector Kit CK-8,R&D,6.66,2958,19700.28,Net 30,True,False
PO-2026-41964,2026-02-02,2026-02-24,2026-02-26,SUP-032,Lotus Components,India,Electronics,Sensor Module SM-3,Manufacturing,28.38,1022,29004.36,Net 30,True,False
PO-2026-42076,2026-02-02,2026-02-07,2026-02-07,SUP-034,Pacific Rim Circuits,China,Electronics,Connector Kit CK-8,R&D,6.45,2499,16118.55,Net 30,True,False
PO-2026-42020,2026-02-03,2026-02-28,2026-02-28,SUP-032,Lotus Components,India,Electronics,Sensor Module SM-3,Field Services,30.95,350,10832.5,Net 30,True,False
PO-2026-42055,2026-02-03,2026-02-23,2026-02-26,SUP-035,Pacific Rim Semitech,China,Electronics,Power Supply Unit 450W,Corporate,88.22,176,15526.72,Net 60,True,False
PO-2026-41966,2026-02-03,2026-02-18,2026-02-18,SUP-032,Lotus Components,India,Electronics,PCB Assembly A-11,R&D,58.57,495,28992.15,Net 30,False,False
PO-2026-42014,2026-02-03,2026-03-07,2026-03-07,SUP-028,Summit Components,USA,Electronics,PCB Assembly A-11,R&D,74.19,512,37985.28,Net 15,False,False
PO-2026-41975,2026-02-04,2026-02-22,2026-02-22,SUP-032,Lotus Components,India,Electronics,Connector Kit CK-8,Corporate,5.05,4369,22063.45,Net 30,True,False
PO-2026-41991,2026-02-04,2026-03-10,2026-03-11,SUP-025,Cascade Semitech,USA,Electronics,Connector Kit CK-8,R&D,6.17,1802,11118.34,Net 60,True,False
PO-2026-42078,2026-02-04,2026-02-26,2026-03-02,SUP-029,Great Wall Components,China,Electronics,Sensor Module SM-3,Field Services,38.67,516,19953.72,Net 30,True,False
PO-2026-42015,2026-02-04,2026-02-13,2026-02-13,SUP-032,Lotus Components,India,Electronics,Power Supply Unit 450W,R&D,80.63,134,10804.42,Net 15,True,False
PO-2026-42005,2026-02-04,2026-03-06,2026-03-06,SUP-026,Great Wall Circuits,China,Electronics,PCB Assembly A-11,R&D,72.83,164,11944.12,Net 30,True,False
PO-2026-42013,2026-02-04,2026-03-09,2026-03-09,SUP-033,Busan Components,South Korea,Electronics,Sensor Module SM-3,R&D,30.89,727,22457.03,Net 45,True,False
PO-2026-42079,2026-02-04,2026-02-20,2026-02-20,SUP-032,Lotus Components,India,Electronics,Connector Kit CK-8,Retail Operations,5.0,4847,24235.0,Net 15,True,False
PO-2026-41988,2026-02-04,2026-02-25,2026-02-25,SUP-025,Cascade Semitech,USA,Electronics,Microcontroller MCU-9,R&D,9.81,1581,15509.61,Net 30,True,False
PO-2026-42088,2026-02-04,2026-03-04,2026-03-04,SUP-032,Lotus Components,India,Electronics,Power Supply Unit 450W,Retail Operations,76.79,153,11748.87,Net 30,False,False
PO-2026-42063,2026-02-05,2026-03-10,2026-03-10,SUP-024,Sterling Components,USA,Electronics,Sensor Module SM-3,Retail Operations,34.21,859,29386.39,Net 15,True,False
PO-2026-42017,2026-02-05,2026-02-18,2026-02-18,SUP-025,Cascade Semitech,USA,Electronics,Sensor Module SM-3,R&D,33.73,833,28097.09,Net 45,False,False
PO-2026-41986,2026-02-05,2026-02-16,2026-02-16,SUP-036,Golden Dragon Components,China,Electronics,Connector Kit CK-8,Manufacturing,6.08,2334,14190.72,Net 30,True,False
PO-2026-42008,2026-02-05,2026-02-28,2026-02-28,SUP-034,Pacific Rim Circuits,China,Electronics,Power Supply Unit 450W,Retail Operations,91.69,112,10269.28,Net 15,True,False
PO-2026-42048,2026-02-05,2026-02-19,2026-02-19,SUP-025,Cascade Semitech,USA,Electronics,Power Supply Unit 450W,Manufacturing,85.04,7,595.28,Net 30,True,False
PO-2026-41979,2026-02-06,2026-03-10,2026-03-10,SUP-034,Pacific Rim Circuits,China,Electronics,Sensor Module SM-3,R&D,31.64,325,10283.0,Net 45,True,False
PO-2026-42051,2026-02-06,2026-02-20,2026-02-21,SUP-034,Pacific Rim Circuits,China,Electronics,PCB Assembly A-11,Manufacturing,72.53,397,28794.41,Net 45,True,False
PO-2026-42064,2026-02-06,2026-02-16,2026-02-16,SUP-036,Golden Dragon Components,China,Electronics,Power Supply Unit 450W,Field Services,97.28,208,20234.24,Net 30,True,False
PO-2026-41992,2026-02-07,2026-03-02,2026-03-02,SUP-028,Summit Components,USA,Electronics,Microcontroller MCU-9,Manufacturing,10.49,2938,30819.62,Net 30,True,False
PO-2026-41973,2026-02-07,2026-03-11,2026-03-11,SUP-033,Busan Components,South Korea,Electronics,Sensor Module SM-3,Field Services,29.19,608,17747.52,Net 60,True,False
PO-2026-41978,2026-02-07,2026-02-23,2026-02-23,SUP-025,Cascade Semitech,USA,Electronics,Power Supply Unit 450W,Retail Operations,90.18,208,18757.44,Net 30,True,False
PO-2026-42011,2026-02-07,2026-02-13,2026-02-13,SUP-024,Sterling Components,USA,Electronics,Microcontroller MCU-9,R&D,11.24,2916,32775.84,Net 30,True,False
PO-2026-42053,2026-02-07,2026-03-09,2026-03-09,SUP-036,Golden Dragon Components,China,Electronics,Connector Kit CK-8,Manufacturing,6.51,1800,11718.0,Net 45,True,False
PO-2026-42089,2026-02-08,2026-02-24,2026-02-24,SUP-032,Lotus Components,India,Electronics,Microcontroller MCU-9,Corporate,9.35,1995,18653.25,Net 60,True,False
PO-2026-42091,2026-02-08,2026-02-27,2026-02-27,SUP-033,Busan Components,South Korea,Electronics,Power Supply Unit 450W,Manufacturing,82.66,184,15209.44,Net 30,True,False
PO-2026-42039,2026-02-08,2026-02-20,2026-02-20,SUP-025,Cascade Semitech,USA,Electronics,Sensor Module SM-3,R&D,35.12,501,17595.12,Net 15,False,False
PO-2026-41980,2026-02-08,2026-03-05,2026-03-05,SUP-025,Cascade Semitech,USA,Electronics,Power Supply Unit 450W,R&D,98.65,86,8483.9,Net 30,True,False
PO-2026-42046,2026-02-09,2026-02-20,2026-02-20,SUP-035,Pacific Rim Semitech,China,Electronics,Microcontroller MCU-9,Corporate,10.76,2149,23123.24,Net 60,True,False
PO-2026-42069,2026-02-09,2026-03-03,2026-03-03,SUP-034,Pacific Rim Circuits,China,Electronics,Connector Kit CK-8,Field Services,6.58,934,6145.72,Net 45,True,False
PO-2026-42012,2026-02-09,2026-03-14,2026-03-21,SUP-028,Summit Components,USA,Electronics,Microcontroller MCU-9,Corporate,10.24,2565,26265.6,Net 30,True,False
PO-2026-41997,2026-02-09,2026-02-26,2026-02-26,SUP-034,Pacific Rim Circuits,China,Electronics,Connector Kit CK-8,Field Services,6.41,3335,21377.35,Net 30,True,False
PO-2026-41987,2026-02-09,2026-03-01,2026-03-03,SUP-025,Cascade Semitech,USA,Electronics,Sensor Module SM-3,Field Services,31.53,798,25160.94,Net 30,False,False
PO-2026-42027,2026-02-10,2026-03-02,2026-03-02,SUP-022,Redwood Components,USA,Electronics,Connector Kit CK-8,Manufacturing,5.8,2709,15712.2,Net 45,True,False
PO-2026-42067,2026-02-10,2026-03-08,2026-03-08,SUP-028,Summit Components,USA,Electronics,PCB Assembly A-11,R&D,72.63,433,31448.79,Net 60,True,False
PO-2026-41972,2026-02-11,2026-03-08,2026-03-12,SUP-029,Great Wall Components,China,Electronics,Microcontroller MCU-9,Field Services,9.19,2312,21247.28,Net 45,True,False
PO-2026-42007,2026-02-11,2026-02-21,2026-02-21,SUP-033,Busan Components,South Korea,Electronics,Connector Kit CK-8,Retail Operations,5.14,4022,20673.08,Net 30,True,False
PO-2026-42010,2026-02-11,2026-02-16,2026-02-16,SUP-034,Pacific Rim Circuits,China,Electronics,PCB Assembly A-11,Field Services,64.27,424,27250.48,Net 45,False,False
PO-2026-42031,2026-02-11,2026-03-03,2026-03-03,SUP-033,Busan Components,South Korea,Electronics,Microcontroller MCU-9,Retail Operations,9.16,2100,19236.0,Net 30,True,False
PO-2026-42058,2026-02-11,2026-03-17,2026-03-17,SUP-025,Cascade Semitech,USA,Electronics,Power Supply Unit 450W,Retail Operations,91.98,99,9106.02,Net 30,True,False
PO-2026-42036,2026-02-11,2026-03-04,2026-03-04,SUP-032,Lotus Components,India,Electronics,Microcontroller MCU-9,Field Services,8.85,1239,10965.15,Net 30,True,False
PO-2026-42085,2026-02-11,2026-03-10,2026-03-10,SUP-025,Cascade Semitech,USA,Electronics,Microcontroller MCU-9,Manufacturing,10.68,2569,27436.92,Net 45,True,False
PO-2026-41971,2026-02-12,2026-02-19,2026-02-19,SUP-028,Summit Components,USA,Electronics,Power Supply Unit 450W,Field Services,99.18,219,21720.42,Net 30,True,False
PO-2026-41983,2026-02-12,2026-02-24,2026-02-24,SUP-034,Pacific Rim Circuits,China,Electronics,Connector Kit CK-8,Field Services,5.93,1759,10430.87,Net 30,True,False
PO-2026-42004,2026-02-12,2026-03-03,2026-03-10,SUP-029,Great Wall Components,China,Electronics,Sensor Module SM-3,Corporate,28.56,196,5597.76,Net 45,True,False
PO-2026-42022,2026-02-12,2026-02-21,2026-02-21,SUP-028,Summit Components,USA,Electronics,Microcontroller MCU-9,Corporate,11.21,1027,11512.67,Net 30,True,False
PO-2026-42035,2026-02-12,2026-02-24,2026-02-24,SUP-036,Golden Dragon Components,China,Electronics,Microcontroller MCU-9,Retail Operations,11.32,1366,15463.12,Net 30,True,False
PO-2026-42033,2026-02-13,2026-03-01,2026-03-01,SUP-024,Sterling Components,USA,Electronics,Power Supply Unit 450W,R&D,91.49,103,9423.47,Net 60,True,False
PO-2026-41993,2026-02-13,2026-03-09,2026-03-09,SUP-025,Cascade Semitech,USA,Electronics,Microcontroller MCU-9,R&D,10.87,2948,32044.76,Net 45,True,False
PO-2026-41994,2026-02-13,2026-02-18,2026-02-18,SUP-033,Busan Components,South Korea,Electronics,Connector Kit CK-8,Corporate,5.4,1718,9277.2,Net 30,True,False
PO-2026-42002,2026-02-13,2026-03-05,2026-03-05,SUP-031,Hanseatic Circuits,Germany,Electronics,Sensor Module SM-3,Manufacturing,32.36,120,3883.2,Net 30,True,False
PO-2026-42084,2026-02-13,2026-02-21,2026-02-22,SUP-028,Summit Components,USA,Electronics,Connector Kit CK-8,R&D,6.36,1774,11282.64,Net 30,True,False
PO-2026-41965,2026-02-14,2026-03-16,2026-03-16,SUP-033,Busan Components,South Korea,Electronics,Power Supply Unit 450W,Retail Operations,78.13,184,14375.92,Net 60,True,False
PO-2026-41968,2026-02-14,2026-03-03,2026-03-07,SUP-024,Sterling Components,USA,Electronics,Microcontroller MCU-9,Corporate,11.07,2988,33077.16,Net 45,True,False
PO-2026-41996,2026-02-14,2026-03-10,2026-03-10,SUP-028,Summit Components,USA,Electronics,Connector Kit CK-8,Corporate,6.34,4006,25398.04,Net 45,True,False
PO-2026-42082,2026-02-14,2026-03-09,2026-03-09,SUP-036,Golden Dragon Components,China,Electronics,Power Supply Unit 450W,Manufacturing,88.85,121,10750.85,Net 30,True,False
PO-2026-42074,2026-02-14,2026-03-16,2026-03-16,SUP-028,Summit Components,USA,Electronics,Power Supply Unit 450W,Retail Operations,101.69,70,7118.3,Net 30,True,False
PO-2026-42029,2026-02-14,2026-02-28,2026-02-28,SUP-034,Pacific Rim Circuits,China,Electronics,Microcontroller MCU-9,Retail Operations,9.95,2739,27253.05,Net 30,True,False
PO-2026-42038,2026-02-15,2026-03-20,2026-03-20,SUP-036,Golden Dragon Components,China,Electronics,Sensor Module SM-3,Manufacturing,34.05,490,16684.5,Net 45,True,False
PO-2026-42037,2026-02-15,2026-03-02,2026-03-02,SUP-035,Pacific Rim Semitech,China,Electronics,Power Supply Unit 450W,Manufacturing,86.67,77,6673.59,Net 30,True,False
PO-2026-42065,2026-02-15,2026-03-17,2026-03-17,SUP-033,Busan Components,South Korea,Electronics,Power Supply Unit 450W,Corporate,76.5,121,9256.5,Net 30,True,False
PO-2026-42068,2026-02-15,2026-02-25,2026-02-25,SUP-033,Busan Components,South Korea,Electronics,Power Supply Unit 450W,Retail Operations,79.37,135,10714.95,Net 30,True,False
PO-2026-42087,2026-02-16,2026-03-20,2026-03-21,SUP-032,Lotus Components,India,Electronics,Power Supply Unit 450W,Field Services,81.15,197,15986.55,Net 45,True,False
PO-2026-41974,2026-02-16,2026-03-08,2026-03-08,SUP-025,Cascade Semitech,USA,Electronics,PCB Assembly A-11,Manufacturing,74.14,469,34771.66,Net 60,True,False
PO-2026-42021,2026-02-16,2026-03-02,2026-03-03,SUP-030,Sterling Semitech,USA,Electronics,Power Supply Unit 450W,Field Services,85.59,169,14464.71,Net 60,True,True
PO-2026-42056,2026-02-17,2026-02-27,2026-02-27,SUP-025,Cascade Semitech,USA,Electronics,Sensor Module SM-3,R&D,33.48,739,24741.72,Net 45,True,False
PO-2026-41999,2026-02-17,2026-02-23,2026-02-23,SUP-025,Cascade Semitech,USA,Electronics,Microcontroller MCU-9,Field Services,10.29,2938,30232.02,Net 30,True,False
PO-2026-42072,2026-02-17,2026-03-09,2026-03-09,SUP-028,Summit Components,USA,Electronics,Connector Kit CK-8,Retail Operations,6.08,4115,25019.2,Net 30,True,False
PO-2026-41982,2026-02-17,2026-02-27,2026-02-27,SUP-033,Busan Components,South Korea,Electronics,PCB Assembly A-11,Field Services,65.71,199,13076.29,Net 60,False,False
PO-2026-42025,2026-02-17,2026-03-12,2026-03-12,SUP-036,Golden Dragon Components,China,Electronics,PCB Assembly A-11,Retail Operations,69.02,425,29333.5,Net 45,True,False
PO-2026-41989,2026-02-17,2026-02-24,2026-02-24,SUP-028,Summit Components,USA,Electronics,PCB Assembly A-11,R&D,72.3,379,27401.7,Net 45,True,False
PO-2026-42040,2026-02-18,2026-03-11,2026-03-11,SUP-028,Summit Components,USA,Electronics,Microcontroller MCU-9,Field Services,10.89,2493,27148.77,Net 60,True,False
PO-2026-42066,2026-02-18,2026-03-04,2026-03-04,SUP-034,Pacific Rim Circuits,China,Electronics,PCB Assembly A-11,R&D,71.89,514,36951.46,Net 30,True,False
PO-2026-42077,2026-02-18,2026-02-25,2026-03-04,SUP-022,Redwood Components,USA,Electronics,Sensor Module SM-3,Manufacturing,32.89,741,24371.49,Net 45,True,False
PO-2026-42080,2026-02-18,2026-03-14,2026-03-14,SUP-022,Redwood Components,USA,Electronics,Microcontroller MCU-9,Retail Operations,9.99,2772,27692.28,Net 30,True,False
PO-2026-41984,2026-02-18,2026-02-28,2026-02-28,SUP-032,Lotus Components,India,Electronics,Connector Kit CK-8,Corporate,5.06,5279,26711.74,Net 60,True,False
PO-2026-41981,2026-02-20,2026-03-05,2026-03-08,SUP-028,Summit Components,USA,Electronics,Microcontroller MCU-9,Field Services,10.71,2628,28145.88,Net 45,True,False
PO-2026-42043,2026-02-20,2026-03-16,2026-03-16,SUP-028,Summit Components,USA,Electronics,Connector Kit CK-8,Manufacturing,6.59,3388,22326.92,Net 30,True,False
PO-2026-42016,2026-02-20,2026-03-14,2026-03-14,SUP-025,Cascade Semitech,USA,Electronics,PCB Assembly A-11,Manufacturing,72.61,533,38701.13,Net 30,True,False
PO-2026-42026,2026-02-20,2026-03-10,2026-03-13,SUP-036,Golden Dragon Components,China,Electronics,Microcontroller MCU-9,Manufacturing,11.48,2072,23786.56,Net 30,True,False
PO-2026-42094,2026-02-21,2026-03-15,2026-03-15,SUP-028,Summit Components,USA,Electronics,Sensor Module SM-3,Corporate,36.94,687,25377.78,Net 30,True,False
PO-2026-42030,2026-02-21,2026-03-11,2026-03-11,SUP-034,Pacific Rim Circuits,China,Electronics,Power Supply Unit 450W,Retail Operations,96.34,96,9248.64,Net 15,False,False
PO-2026-42061,2026-02-21,2026-03-09,2026-03-09,SUP-036,Golden Dragon Components,China,Electronics,PCB Assembly A-11,Corporate,73.67,564,41549.88,Net 30,True,False
PO-2026-42060,2026-02-22,2026-03-03,2026-03-03,SUP-025,Cascade Semitech,USA,Electronics,PCB Assembly A-11,Manufacturing,70.04,329,23043.16,Net 30,True,False
PO-2026-42045,2026-02-22,2026-03-16,2026-03-16,SUP-025,Cascade Semitech,USA,Electronics,PCB Assembly A-11,Retail Operations,68.98,489,33731.22,Net 45,True,False
PO-2026-42073,2026-02-22,2026-03-01,2026-03-01,SUP-028,Summit Components,USA,Electronics,PCB Assembly A-11,Field Services,70.33,351,24685.83,Net 30,True,False
PO-2026-42092,2026-02-22,2026-03-25,2026-03-25,SUP-022,Redwood Components,USA,Electronics,Connector Kit CK-8,R&D,5.74,4111,23597.14,Net 30,True,False
PO-2026-41970,2026-02-22,2026-03-22,2026-03-22,SUP-025,Cascade Semitech,USA,Electronics,Microcontroller MCU-9,R&D,10.33,2106,21754.98,Net 45,False,False
PO-2026-42093,2026-02-22,2026-03-16,2026-03-16,SUP-032,Lotus Components,India,Electronics,PCB Assembly A-11,R&D,62.13,473,29387.49,Net 30,True,False
PO-2026-41998,2026-02-22,2026-03-23,2026-03-23,SUP-025,Cascade Semitech,USA,Electronics,Connector Kit CK-8,Corporate,6.4,2539,16249.6,Net 30,True,False
PO-2026-42075,2026-02-23,2026-03-22,2026-03-22,SUP-024,Sterling Components,USA,Electronics,Sensor Module SM-3,R&D,34.02,844,28712.88,Net 30,True,False
PO-2026-42057,2026-02-23,2026-03-18,2026-03-18,SUP-036,Golden Dragon Components,China,Electronics,Connector Kit CK-8,Corporate,6.7,2419,16207.3,Net 60,True,False
PO-2026-42054,2026-02-23,2026-03-10,2026-03-10,SUP-034,Pacific Rim Circuits,China,Electronics,Sensor Module SM-3,Field Services,33.45,494,16524.3,Net 45,False,False
PO-2026-41969,2026-02-23,2026-03-15,2026-03-15,SUP-034,Pacific Rim Circuits,China,Electronics,Power Supply Unit 450W,Manufacturing,96.38,193,18601.34,Net 15,True,False
PO-2026-42006,2026-02-23,2026-03-19,2026-03-19,SUP-027,Golden Dragon Circuits,China,Electronics,Connector Kit CK-8,R&D,5.92,660,3907.2,Net 30,True,False
PO-2026-42003,2026-02-24,2026-03-23,2026-03-23,SUP-036,Golden Dragon Components,China,Electronics,Connector Kit CK-8,R&D,6.71,2868,19244.28,Net 15,True,False
PO-2026-42041,2026-02-24,2026-03-05,2026-03-05,SUP-028,Summit Components,USA,Electronics,PCB Assembly A-11,Corporate,70.03,388,27171.64,Net 30,True,False
PO-2026-42024,2026-02-24,2026-03-04,2026-03-04,SUP-032,Lotus Components,India,Electronics,Microcontroller MCU-9,Retail Operations,9.21,3823,35209.83,Net 60,True,False
PO-2026-42083,2026-02-25,2026-03-31,2026-03-31,SUP-036,Golden Dragon Components,China,Electronics,Connector Kit CK-8,Corporate,6.56,496,3253.76,Net 30,True,False
PO-2026-42000,2026-02-25,2026-03-09,2026-03-09,SUP-027,Golden Dragon Circuits,China,Electronics,Connector Kit CK-8,Field Services,6.09,4090,24908.1,Net 45,True,False
PO-2026-42052,2026-02-25,2026-03-29,2026-03-29,SUP-032,Lotus Components,India,Electronics,Sensor Module SM-3,R&D,26.93,1,26.93,Net 45,True,False
PO-2026-42023,2026-02-25,2026-03-30,2026-04-01,SUP-025,Cascade Semitech,USA,Electronics,Sensor Module SM-3,Corporate,35.64,807,28761.48,Net 45,True,False
PO-2026-41995,2026-02-26,2026-03-26,2026-03-26,SUP-022,Redwood Components,USA,Electronics,Connector Kit CK-8,Field Services,5.62,2269,12751.78,Net 45,True,False
PO-2026-42050,2026-02-26,2026-03-06,2026-03-06,SUP-033,Busan Components,South Korea,Electronics,Power Supply Unit 450W,Field Services,79.86,167,13336.62,Net 30,False,False
PO-2026-42044,2026-02-26,2026-03-11,2026-03-11,SUP-025,Cascade Semitech,USA,Electronics,Power Supply Unit 450W,Field Services,91.11,152,13848.72,Net 45,False,False
PO-2026-42081,2026-02-26,2026-03-15,2026-03-15,SUP-022,Redwood Components,USA,Electronics,Power Supply Unit 450W,R&D,82.87,1,82.87,Net 45,True,False
PO-2026-42086,2026-02-27,2026-03-20,2026-03-20,SUP-036,Golden Dragon Components,China,Electronics,Sensor Module SM-3,Retail Operations,36.24,696,25223.04,Net 30,True,False
PO-2026-42032,2026-02-27,2026-04-02,2026-04-02,SUP-022,Redwood Components,USA,Electronics,PCB Assembly A-11,Corporate,68.32,260,17763.2,Net 45,True,False
PO-2026-42001,2026-02-27,2026-03-07,2026-03-07,SUP-032,Lotus Components,India,Electronics,Power Supply Unit 450W,Field Services,72.26,170,12284.2,Net 15,True,False
PO-2026-42042,2026-02-27,2026-03-17,2026-03-17,SUP-025,Cascade Semitech,USA,Electronics,Microcontroller MCU-9,Retail Operations,10.8,2772,29937.6,Net 30,False,False
PO-2026-42047,2026-02-27,2026-03-29,2026-03-29,SUP-025,Cascade Semitech,USA,Electronics,Sensor Module SM-3,R&D,33.44,689,23040.16,Net 30,True,False
PO-2026-41977,2026-02-28,2026-03-10,2026-03-10,SUP-025,Cascade Semitech,USA,Electronics,Sensor Module SM-3,Retail Operations,33.6,253,8500.8,Net 30,True,False
PO-2026-42009,2026-02-28,2026-03-23,2026-03-23,SUP-028,Summit Components,USA,Electronics,PCB Assembly A-11,Manufacturing,73.32,438,32114.16,Net 45,True,False
PO-2026-41990,2026-02-28,2026-03-12,2026-03-13,SUP-032,Lotus Components,India,Electronics,Microcontroller MCU-9,R&D,8.42,3207,27002.94,Net 60,True,False
PO-2026-42018,2026-02-28,2026-03-08,2026-03-08,SUP-028,Summit Components,USA,Electronics,Connector Kit CK-8,Corporate,6.68,2032,13573.76,Net 60,True,False
PO-2026-42071,2026-02-28,2026-03-13,2026-03-13,SUP-028,Summit Components,USA,Electronics,PCB Assembly A-11,Field Services,71.39,488,34838.32,Net 45,True,False
PO-2026-42049,2026-02-28,2026-03-07,2026-03-07,SUP-034,Pacific Rim Circuits,China,Electronics,Power Supply Unit 450W,R&D,89.94,183,16459.02,Net 30,False,False
PO-2026-42062,2026-02-28,2026-03-14,2026-03-14,SUP-036,Golden Dragon Components,China,Electronics,PCB Assembly A-11,Manufacturing,73.57,433,31855.81,Net 30,True,False
PO-2026-42070,2026-02-28,2026-03-19,2026-03-19,SUP-027,Golden Dragon Circuits,China,Electronics,Connector Kit CK-8,Retail Operations,5.65,2047,11565.55,Net 60,True,False
PO-2026-43094,2026-03-01,2026-03-24,2026-03-24,SUP-033,Busan Components,South Korea,Electronics,Sensor Module SM-3,Field Services,29.87,596,17802.52,Net 30,True,False
PO-2026-42971,2026-03-01,2026-03-22,2026-03-22,SUP-035,Pacific Rim Semitech,China,Electronics,Connector Kit CK-8,Retail Operations,5.67,4324,24517.08,Net 60,True,False
PO-2026-42985,2026-03-02,2026-04-01,2026-04-01,SUP-028,Summit Components,USA,Electronics,Power Supply Unit 450W,R&D,90.56,199,18021.44,Net 30,True,False
PO-2026-43079,2026-03-02,2026-03-21,2026-03-24,SUP-034,Pacific Rim Circuits,China,Electronics,Power Supply Unit 450W,Field Services,89.38,220,19663.6,Net 30,True,False
PO-2026-43073,2026-03-02,2026-03-23,2026-03-23,SUP-032,Lotus Components,India,Electronics,Sensor Module SM-3,Retail Operations,26.91,715,19240.65,Net 30,True,False
PO-2026-43010,2026-03-02,2026-03-25,2026-03-25,SUP-033,Busan Components,South Korea,Electronics,Sensor Module SM-3,Corporate,30.9,1020,31518.0,Net 45,True,False
PO-2026-43063,2026-03-03,2026-03-17,2026-03-17,SUP-036,Golden Dragon Components,China,Electronics,Sensor Module SM-3,Corporate,38.49,278,10700.22,Net 60,True,False
PO-2026-43059,2026-03-03,2026-03-27,2026-03-29,SUP-024,Sterling Components,USA,Electronics,Microcontroller MCU-9,R&D,11.11,2250,24997.5,Net 45,True,False
PO-2026-42999,2026-03-03,2026-03-20,2026-03-21,SUP-035,Pacific Rim Semitech,China,Electronics,PCB Assembly A-11,Manufacturing,66.89,402,26889.78,Net 30,True,False
PO-2026-43047,2026-03-03,2026-03-12,2026-03-12,SUP-024,Sterling Components,USA,Electronics,Connector Kit CK-8,R&D,6.05,1005,6080.25,Net 30,True,False
PO-2026-43112,2026-03-03,2026-04-03,2026-04-03,SUP-032,Lotus Components,India,Electronics,Connector Kit CK-8,Corporate,5.66,2405,13612.3,Net 45,True,False
PO-2026-43099,2026-03-03,2026-03-30,2026-03-30,SUP-033,Busan Components,South Korea,Electronics,Connector Kit CK-8,R&D,5.61,3737,20964.57,Net 15,True,False
PO-2026-43066,2026-03-04,2026-04-01,2026-04-01,SUP-034,Pacific Rim Circuits,China,Electronics,Sensor Module SM-3,R&D,34.21,724,24768.04,Net 30,False,False
PO-2026-42977,2026-03-04,2026-03-14,2026-03-14,SUP-025,Cascade Semitech,USA,Electronics,Power Supply Unit 450W,Retail Operations,91.38,189,17270.82,Net 30,True,False
PO-2026-42969,2026-03-04,2026-03-25,2026-03-25,SUP-022,Redwood Components,USA,Electronics,Sensor Module SM-3,R&D,32.41,463,15005.83,Net 45,True,False
PO-2026-42997,2026-03-04,2026-03-25,2026-03-25,SUP-024,Sterling Components,USA,Electronics,Sensor Module SM-3,Manufacturing,33.58,785,26360.3,Net 45,True,False
PO-2026-43102,2026-03-04,2026-03-19,2026-03-19,SUP-034,Pacific Rim Circuits,China,Electronics,PCB Assembly A-11,R&D,70.66,459,32432.94,Net 30,False,False
PO-2026-43022,2026-03-04,2026-03-27,2026-03-27,SUP-032,Lotus Components,India,Electronics,Power Supply Unit 450W,Field Services,83.32,73,6082.36,Net 45,False,False
PO-2026-43064,2026-03-05,2026-03-20,2026-03-20,SUP-025,Cascade Semitech,USA,Electronics,Microcontroller MCU-9,Field Services,10.39,4412,45840.68,Net 60,True,False
PO-2026-43080,2026-03-05,2026-03-20,2026-03-20,SUP-022,Redwood Components,USA,Electronics,PCB Assembly A-11,Field Services,68.96,515,35514.4,Net 15,False,False
PO-2026-43044,2026-03-05,2026-03-26,2026-03-26,SUP-034,Pacific Rim Circuits,China,Electronics,Sensor Module SM-3,R&D,34.45,224,7716.8,Net 30,True,False
PO-2026-43040,2026-03-05,2026-04-08,2026-04-08,SUP-032,Lotus Components,India,Electronics,Power Supply Unit 450W,Retail Operations,80.39,152,12219.28,Net 30,True,False
PO-2026-43020,2026-03-05,2026-03-20,2026-03-20,SUP-032,Lotus Components,India,Electronics,Microcontroller MCU-9,R&D,9.55,1549,14792.95,Net 60,True,False
PO-2026-43017,2026-03-05,2026-03-24,2026-03-24,SUP-028,Summit Components,USA,Electronics,Sensor Module SM-3,Corporate,32.89,530,17431.7,Net 30,True,False
PO-2026-42978,2026-03-05,2026-03-17,2026-03-17,SUP-034,Pacific Rim Circuits,China,Electronics,Microcontroller MCU-9,Corporate,10.64,3530,37559.2,Net 30,True,False
PO-2026-42981,2026-03-06,2026-03-25,2026-03-25,SUP-028,Summit Components,USA,Electronics,Microcontroller MCU-9,Retail Operations,10.51,3204,33674.04,Net 30,True,False
PO-2026-42991,2026-03-06,2026-03-27,2026-03-27,SUP-032,Lotus Components,India,Electronics,Sensor Module SM-3,Field Services,29.39,645,18956.55,Net 30,True,False
PO-2026-43046,2026-03-06,2026-03-15,2026-03-20,SUP-029,Great Wall Components,China,Electronics,PCB Assembly A-11,R&D,63.54,422,26813.88,Net 45,True,True
PO-2026-42968,2026-03-06,2026-03-11,2026-03-11,SUP-025,Cascade Semitech,USA,Electronics,PCB Assembly A-11,R&D,74.98,648,48587.04,Net 60,True,False
PO-2026-43058,2026-03-06,2026-04-07,2026-04-07,SUP-035,Pacific Rim Semitech,China,Electronics,Power Supply Unit 450W,Corporate,87.75,181,15882.75,Net 30,True,False
PO-2026-43075,2026-03-06,2026-03-24,2026-03-24,SUP-022,Redwood Components,USA,Electronics,Microcontroller MCU-9,Retail Operations,9.85,2808,27658.8,Net 30,True,False
PO-2026-43074,2026-03-06,2026-03-25,2026-03-25,SUP-032,Lotus Components,India,Electronics,Sensor Module SM-3,Retail Operations,28.33,444,12578.52,Net 30,True,False
PO-2026-43069,2026-03-06,2026-03-11,2026-03-11,SUP-028,Summit Components,USA,Electronics,Sensor Module SM-3,R&D,34.88,926,32298.88,Net 30,True,False
PO-2026-43009,2026-03-07,2026-03-30,2026-03-30,SUP-036,Golden Dragon Components,China,Electronics,Power Supply Unit 450W,Retail Operations,94.04,149,14011.96,Net 30,True,False
PO-2026-43068,2026-03-07,2026-03-24,2026-03-24,SUP-036,Golden Dragon Components,China,Electronics,PCB Assembly A-11,Retail Operations,72.94,272,19839.68,Net 30,True,False
PO-2026-43083,2026-03-07,2026-03-30,2026-03-30,SUP-035,Pacific Rim Semitech,China,Electronics,Sensor Module SM-3,R&D,33.63,696,23406.48,Net 45,True,False
PO-2026-43096,2026-03-07,2026-04-08,2026-04-08,SUP-028,Summit Components,USA,Electronics,Power Supply Unit 450W,Manufacturing,91.19,176,16049.44,Net 60,True,False
PO-2026-43107,2026-03-07,2026-03-28,2026-03-28,SUP-025,Cascade Semitech,USA,Electronics,Power Supply Unit 450W,Retail Operations,95.35,210,20023.5,Net 30,True,False
PO-2026-43024,2026-03-07,2026-03-28,2026-03-28,SUP-028,Summit Components,USA,Electronics,Sensor Module SM-3,Field Services,36.22,864,31294.08,Net 15,False,False
PO-2026-42965,2026-03-07,2026-03-24,2026-03-24,SUP-032,Lotus Components,India,Electronics,Power Supply Unit 450W,Corporate,77.72,132,10259.04,Net 30,True,False
PO-2026-43025,2026-03-08,2026-03-21,2026-03-21,SUP-032,Lotus Components,India,Electronics,PCB Assembly A-11,Retail Operations,65.14,318,20714.52,Net 30,True,False
PO-2026-43018,2026-03-08,2026-03-24,2026-03-24,SUP-025,Cascade Semitech,USA,Electronics,Power Supply Unit 450W,R&D,95.38,153,14593.14,Net 30,False,False
PO-2026-43037,2026-03-08,2026-04-02,2026-04-02,SUP-036,Golden Dragon Components,China,Electronics,Connector Kit CK-8,Manufacturing,6.65,3768,25057.2,Net 45,True,False
PO-2026-43081,2026-03-08,2026-03-21,2026-03-21,SUP-036,Golden Dragon Components,China,Electronics,Power Supply Unit 450W,Retail Operations,95.88,120,11505.6,Net 45,True,False
PO-2026-43097,2026-03-08,2026-03-19,2026-04-01,SUP-029,Great Wall Components,China,Electronics,Sensor Module SM-3,Corporate,22.75,504,11466.0,Net 60,True,False
PO-2026-43076,2026-03-08,2026-03-26,2026-03-26,SUP-033,Busan Components,South Korea,Electronics,Connector Kit CK-8,R&D,5.55,1823,10117.65,Net 60,False,False
PO-2026-43048,2026-03-09,2026-03-15,2026-03-15,SUP-033,Busan Components,South Korea,Electronics,PCB Assembly A-11,Corporate,67.03,525,35190.75,Net 30,True,False
PO-2026-43109,2026-03-10,2026-04-06,2026-04-06,SUP-022,Redwood Components,USA,Electronics,Connector Kit CK-8,Manufacturing,6.36,3898,24791.28,Net 30,True,False
PO-2026-43090,2026-03-10,2026-03-16,2026-03-16,SUP-022,Redwood Components,USA,Electronics,PCB Assembly A-11,R&D,58.97,371,21877.87,Net 30,False,False
PO-2026-42975,2026-03-10,2026-03-28,2026-03-28,SUP-036,Golden Dragon Components,China,Electronics,Power Supply Unit 450W,R&D,94.03,111,10437.33,Net 30,True,False
PO-2026-43051,2026-03-10,2026-03-25,2026-03-25,SUP-022,Redwood Components,USA,Electronics,Power Supply Unit 450W,Manufacturing,80.15,156,12503.4,Net 30,True,False
PO-2026-43061,2026-03-10,2026-04-13,2026-04-13,SUP-028,Summit Components,USA,Electronics,Power Supply Unit 450W,Retail Operations,95.06,144,13688.64,Net 30,True,False
PO-2026-43060,2026-03-10,2026-04-02,2026-04-02,SUP-028,Summit Components,USA,Electronics,Sensor Module SM-3,Retail Operations,33.13,843,27928.59,Net 45,False,False
PO-2026-43072,2026-03-11,2026-03-29,2026-04-01,SUP-028,Summit Components,USA,Electronics,Power Supply Unit 450W,R&D,91.91,184,16911.44,Net 45,True,False
PO-2026-42998,2026-03-11,2026-03-28,2026-03-28,SUP-025,Cascade Semitech,USA,Electronics,Microcontroller MCU-9,Retail Operations,10.99,1575,17309.25,Net 45,True,False
PO-2026-42970,2026-03-11,2026-03-24,2026-03-24,SUP-036,Golden Dragon Components,China,Electronics,Microcontroller MCU-9,Manufacturing,10.82,2576,27872.32,Net 60,True,False
PO-2026-43089,2026-03-11,2026-04-02,2026-04-02,SUP-022,Redwood Components,USA,Electronics,PCB Assembly A-11,Manufacturing,71.85,506,36356.1,Net 30,False,False
PO-2026-43087,2026-03-11,2026-04-11,2026-04-11,SUP-028,Summit Components,USA,Electronics,Power Supply Unit 450W,Manufacturing,97.77,203,19847.31,Net 45,True,False
PO-2026-43039,2026-03-11,2026-04-06,2026-04-07,SUP-026,Great Wall Circuits,China,Electronics,Microcontroller MCU-9,Corporate,11.21,2493,27946.53,Net 30,True,False
PO-2026-43054,2026-03-12,2026-04-07,2026-04-07,SUP-034,Pacific Rim Circuits,China,Electronics,Connector Kit CK-8,Corporate,6.45,2546,16421.7,Net 60,True,False
PO-2026-42988,2026-03-12,2026-03-26,2026-03-26,SUP-028,Summit Components,USA,Electronics,Power Supply Unit 450W,R&D,97.04,116,11256.64,Net 60,True,False
PO-2026-43036,2026-03-12,2026-03-24,2026-03-24,SUP-034,Pacific Rim Circuits,China,Electronics,PCB Assembly A-11,Retail Operations,72.15,399,28787.85,Net 45,True,False
PO-2026-42993,2026-03-13,2026-04-15,2026-04-15,SUP-025,Cascade Semitech,USA,Electronics,Microcontroller MCU-9,Corporate,10.5,1779,18679.5,Net 45,True,False
PO-2026-43014,2026-03-13,2026-04-09,2026-04-09,SUP-035,Pacific Rim Semitech,China,Electronics,Connector Kit CK-8,R&D,5.54,4192,23223.68,Net 45,True,False
PO-2026-43091,2026-03-13,2026-04-02,2026-04-02,SUP-022,Redwood Components,USA,Electronics,PCB Assembly A-11,Field Services,67.32,268,18041.76,Net 60,True,False
PO-2026-42990,2026-03-13,2026-04-15,2026-04-17,SUP-033,Busan Components,South Korea,Electronics,Sensor Module SM-3,Field Services,27.48,694,19071.12,Net 30,True,False
PO-2026-43005,2026-03-13,2026-03-30,2026-03-30,SUP-022,Redwood Components,USA,Electronics,Connector Kit CK-8,Field Services,5.64,4963,27991.32,Net 60,True,False
PO-2026-43077,2026-03-13,2026-03-18,2026-03-18,SUP-028,Summit Components,USA,Electronics,Sensor Module SM-3,Field Services,35.83,890,31888.7,Net 15,True,False
PO-2026-43028,2026-03-13,2026-04-10,2026-04-10,SUP-036,Golden Dragon Components,China,Electronics,Sensor Module SM-3,R&D,39.85,650,25902.5,Net 30,True,False
PO-2026-42967,2026-03-13,2026-03-31,2026-03-31,SUP-027,Golden Dragon Circuits,China,Electronics,Sensor Module SM-3,R&D,31.96,570,18217.2,Net 15,False,False
PO-2026-42972,2026-03-13,2026-03-28,2026-03-28,SUP-032,Lotus Components,India,Electronics,Microcontroller MCU-9,Corporate,9.72,1863,18108.36,Net 30,True,False
PO-2026-43000,2026-03-13,2026-03-31,2026-03-31,SUP-032,Lotus Components,India,Electronics,PCB Assembly A-11,Retail Operations,59.36,147,8725.92,Net 30,True,False
PO-2026-42989,2026-03-13,2026-03-19,2026-03-19,SUP-028,Summit Components,USA,Electronics,Connector Kit CK-8,Corporate,6.0,3289,19734.0,Net 45,True,True
PO-2026-43052,2026-03-13,2026-04-11,2026-04-11,SUP-025,Cascade Semitech,USA,Electronics,Connector Kit CK-8,R&D,6.19,3532,21863.08,Net 60,True,False
PO-2026-43034,2026-03-14,2026-04-12,2026-04-12,SUP-036,Golden Dragon Components,China,Electronics,Power Supply Unit 450W,Retail Operations,92.8,202,18745.6,Net 45,True,False
PO-2026-43003,2026-03-14,2026-04-11,2026-04-11,SUP-022,Redwood Components,USA,Electronics,Connector Kit CK-8,Manufacturing,5.64,3107,17523.48,Net 30,True,False
PO-2026-43019,2026-03-14,2026-04-14,2026-04-14,SUP-024,Sterling Components,USA,Electronics,Microcontroller MCU-9,R&D,11.15,2352,26224.8,Net 30,True,False
PO-2026-43095,2026-03-14,2026-04-01,2026-04-01,SUP-036,Golden Dragon Components,China,Electronics,Microcontroller MCU-9,Corporate,11.58,3931,45520.98,Net 45,False,False
PO-2026-43012,2026-03-14,2026-04-09,2026-04-09,SUP-028,Summit Components,USA,Electronics,Connector Kit CK-8,Field Services,6.4,2943,18835.2,Net 30,True,False
PO-2026-43021,2026-03-14,2026-04-09,2026-04-09,SUP-034,Pacific Rim Circuits,China,Electronics,Microcontroller MCU-9,Retail Operations,10.42,2770,28863.4,Net 30,True,False
PO-2026-42982,2026-03-15,2026-04-17,2026-04-19,SUP-023,Schwarzwald Circuits,Germany,Electronics,Connector Kit CK-8,R&D,5.13,3871,19858.23,Net 60,True,False
PO-2026-42963,2026-03-15,2026-03-20,2026-03-20,SUP-034,Pacific Rim Circuits,China,Electronics,Sensor Module SM-3,Corporate,33.01,979,32316.79,Net 30,True,False
PO-2026-43015,2026-03-15,2026-04-12,2026-04-12,SUP-036,Golden Dragon Components,China,Electronics,Connector Kit CK-8,Retail Operations,6.55,3432,22479.6,Net 45,True,False
PO-2026-43093,2026-03-15,2026-03-25,2026-03-25,SUP-032,Lotus Components,India,Electronics,PCB Assembly A-11,Manufacturing,65.97,438,28894.86,Net 15,True,False
PO-2026-43104,2026-03-16,2026-04-09,2026-04-15,SUP-029,Great Wall Components,China,Electronics,Connector Kit CK-8,Field Services,6.03,2557,15418.71,Net 30,True,False
PO-2026-43004,2026-03-16,2026-04-06,2026-04-06,SUP-028,Summit Components,USA,Electronics,Sensor Module SM-3,Manufacturing,34.46,822,28326.12,Net 30,True,False
PO-2026-43035,2026-03-16,2026-04-07,2026-04-07,SUP-025,Cascade Semitech,USA,Electronics,Connector Kit CK-8,Manufacturing,6.2,3360,20832.0,Net 45,True,False
PO-2026-43056,2026-03-16,2026-03-23,2026-03-23,SUP-023,Schwarzwald Circuits,Germany,Electronics,Sensor Module SM-3,Retail Operations,29.86,500,14930.0,Net 30,False,False
PO-2026-43045,2026-03-17,2026-04-18,2026-04-20,SUP-036,Golden Dragon Components,China,Electronics,Sensor Module SM-3,Field Services,35.1,204,7160.4,Net 30,True,False
PO-2026-42964,2026-03-17,2026-04-08,2026-04-08,SUP-033,Busan Components,South Korea,Electronics,PCB Assembly A-11,R&D,60.97,226,13779.22,Net 30,False,False
PO-2026-43042,2026-03-17,2026-03-29,2026-03-29,SUP-028,Summit Components,USA,Electronics,PCB Assembly A-11,Retail Operations,77.18,612,47234.16,Net 45,True,False
PO-2026-43108,2026-03-17,2026-04-03,2026-04-03,SUP-024,Sterling Components,USA,Electronics,PCB Assembly A-11,Field Services,72.11,573,41319.03,Net 60,False,False
PO-2026-42986,2026-03-17,2026-04-11,2026-04-11,SUP-022,Redwood Components,USA,Electronics,Power Supply Unit 450W,Corporate,92.0,190,17480.0,Net 30,True,False
PO-2026-43098,2026-03-17,2026-04-01,2026-04-01,SUP-025,Cascade Semitech,USA,Electronics,PCB Assembly A-11,Retail Operations,74.48,413,30760.24,Net 30,True,False
PO-2026-42983,2026-03-18,2026-03-25,2026-03-25,SUP-027,Golden Dragon Circuits,China,Electronics,PCB Assembly A-11,Manufacturing,73.26,383,28058.58,Net 45,True,False
PO-2026-42984,2026-03-18,2026-04-04,2026-04-04,SUP-036,Golden Dragon Components,China,Electronics,Sensor Module SM-3,Corporate,34.51,657,22673.07,Net 30,True,True
PO-2026-43038,2026-03-19,2026-03-25,2026-03-27,SUP-028,Summit Components,USA,Electronics,Microcontroller MCU-9,Field Services,11.23,2599,29186.77,Net 45,True,False
PO-2026-43050,2026-03-19,2026-04-07,2026-04-07,SUP-034,Pacific Rim Circuits,China,Electronics,Power Supply Unit 450W,Corporate,92.27,112,10334.24,Net 30,False,False
PO-2026-43016,2026-03-19,2026-04-02,2026-04-03,SUP-025,Cascade Semitech,USA,Electronics,Connector Kit CK-8,Corporate,6.66,2583,17202.78,Net 15,True,False
PO-2026-42996,2026-03-19,2026-04-16,2026-04-16,SUP-033,Busan Components,South Korea,Electronics,Microcontroller MCU-9,Manufacturing,9.48,2473,23444.04,Net 15,True,False
PO-2026-43049,2026-03-20,2026-04-01,2026-04-01,SUP-036,Golden Dragon Components,China,Electronics,Microcontroller MCU-9,R&D,10.14,1717,17410.38,Net 60,False,False
PO-2026-43078,2026-03-20,2026-04-13,2026-05-08,SUP-029,Great Wall Components,China,Electronics,PCB Assembly A-11,Corporate,53.79,451,24259.29,Net 30,True,False
PO-2026-42980,2026-03-20,2026-04-13,2026-04-13,SUP-025,Cascade Semitech,USA,Electronics,Microcontroller MCU-9,Retail Operations,10.15,2219,22522.85,Net 30,True,False
PO-2026-43026,2026-03-21,2026-03-30,2026-03-30,SUP-025,Cascade Semitech,USA,Electronics,Power Supply Unit 450W,Field Services,97.37,189,18402.93,Net 45,True,False
PO-2026-43085,2026-03-21,2026-04-02,2026-04-05,SUP-025,Cascade Semitech,USA,Electronics,Power Supply Unit 450W,Corporate,100.03,161,16104.83,Net 15,False,False
PO-2026-43086,2026-03-21,2026-04-03,2026-04-04,SUP-025,Cascade Semitech,USA,Electronics,Sensor Module SM-3,R&D,34.21,437,14949.77,Net 15,True,False
PO-2026-43092,2026-03-22,2026-03-29,2026-03-29,SUP-028,Summit Components,USA,Electronics,Connector Kit CK-8,Corporate,5.96,3088,18404.48,Net 30,True,False
PO-2026-42976,2026-03-22,2026-04-17,2026-04-17,SUP-032,Lotus Components,India,Electronics,Sensor Module SM-3,Field Services,29.82,432,12882.24,Net 60,False,False
PO-2026-43113,2026-03-22,2026-04-02,2026-04-11,SUP-029,Great Wall Components,China,Electronics,PCB Assembly A-11,Manufacturing,59.12,501,29619.12,Net 60,True,True
PO-2026-43111,2026-03-22,2026-04-04,2026-04-04,SUP-036,Golden Dragon Components,China,Electronics,Microcontroller MCU-9,Corporate,10.95,955,10457.25,Net 15,True,False
PO-2026-43002,2026-03-22,2026-03-27,2026-03-27,SUP-033,Busan Components,South Korea,Electronics,Connector Kit CK-8,Corporate,5.57,4155,23143.35,Net 45,True,False
PO-2026-43101,2026-03-22,2026-04-04,2026-04-05,SUP-028,Summit Components,USA,Electronics,PCB Assembly A-11,Field Services,77.57,525,40724.25,Net 30,True,False
PO-2026-42994,2026-03-22,2026-04-02,2026-04-02,SUP-028,Summit Components,USA,Electronics,Sensor Module SM-3,R&D,35.08,694,24345.52,Net 45,True,False
PO-2026-43057,2026-03-22,2026-03-31,2026-03-31,SUP-025,Cascade Semitech,USA,Electronics,PCB Assembly A-11,Field Services,73.21,377,27600.17,Net 30,True,False
PO-2026-43032,2026-03-22,2026-03-28,2026-03-28,SUP-024,Sterling Components,USA,Electronics,Connector Kit CK-8,Retail Operations,6.26,3598,22523.48,Net 30,True,False
PO-2026-43043,2026-03-23,2026-04-06,2026-04-06,SUP-025,Cascade Semitech,USA,Electronics,Power Supply Unit 450W,Corporate,90.78,204,18519.12,Net 45,True,False
PO-2026-43088,2026-03-23,2026-04-07,2026-04-07,SUP-035,Pacific Rim Semitech,China,Electronics,Connector Kit CK-8,Corporate,5.97,4232,25265.04,Net 60,True,False
PO-2026-43100,2026-03-23,2026-04-16,2026-04-16,SUP-023,Schwarzwald Circuits,Germany,Electronics,Power Supply Unit 450W,R&D,85.0,174,14790.0,Net 30,False,False
PO-2026-43106,2026-03-23,2026-03-31,2026-04-01,SUP-036,Golden Dragon Components,China,Electronics,PCB Assembly A-11,Field Services,78.15,345,26961.75,Net 45,False,False
PO-2026-42973,2026-03-23,2026-04-06,2026-04-06,SUP-036,Golden Dragon Components,China,Electronics,Sensor Module SM-3,Field Services,36.12,647,23369.64,Net 45,False,False
PO-2026-43007,2026-03-24,2026-04-06,2026-04-06,SUP-028,Summit Components,USA,Electronics,Microcontroller MCU-9,Field Services,11.19,1117,12499.23,Net 30,True,False
PO-2026-43001,2026-03-24,2026-04-14,2026-04-14,SUP-025,Cascade Semitech,USA,Electronics,Sensor Module SM-3,Manufacturing,32.24,335,10800.4,Net 45,True,False
PO-2026-43011,2026-03-24,2026-04-27,2026-04-27,SUP-034,Pacific Rim Circuits,China,Electronics,Microcontroller MCU-9,Manufacturing,10.27,2003,20570.81,Net 15,True,False
PO-2026-43067,2026-03-24,2026-04-26,2026-04-26,SUP-033,Busan Components,South Korea,Electronics,Connector Kit CK-8,Field Services,5.58,2673,14915.34,Net 30,True,False
PO-2026-43065,2026-03-24,2026-04-10,2026-04-10,SUP-028,Summit Components,USA,Electronics,Sensor Module SM-3,Corporate,36.49,932,34008.68,Net 30,True,False
PO-2026-43103,2026-03-24,2026-04-13,2026-04-13,SUP-028,Summit Components,USA,Electronics,Microcontroller MCU-9,Retail Operations,10.69,2784,29760.96,Net 45,True,False
PO-2026-43030,2026-03-24,2026-04-26,2026-05-12,SUP-029,Great Wall Components,China,Electronics,Sensor Module SM-3,Field Services,38.16,22,839.52,Net 30,True,False
PO-2026-43023,2026-03-25,2026-03-30,2026-04-01,SUP-032,Lotus Components,India,Electronics,Microcontroller MCU-9,Manufacturing,9.61,3500,33635.0,Net 45,True,False
PO-2026-43031,2026-03-25,2026-04-04,2026-04-04,SUP-028,Summit Components,USA,Electronics,Connector Kit CK-8,Manufacturing,5.9,2656,15670.4,Net 30,True,False
PO-2026-42995,2026-03-25,2026-04-04,2026-04-04,SUP-025,Cascade Semitech,USA,Electronics,Power Supply Unit 450W,Field Services,90.99,182,16560.18,Net 30,True,False
PO-2026-43070,2026-03-25,2026-04-04,2026-04-04,SUP-032,Lotus Components,India,Electronics,Microcontroller MCU-9,R&D,9.11,2859,26045.49,Net 15,False,False
PO-2026-43084,2026-03-25,2026-04-08,2026-04-08,SUP-024,Sterling Components,USA,Electronics,Power Supply Unit 450W,Manufacturing,93.51,183,17112.33,Net 15,True,False
PO-2026-42966,2026-03-26,2026-04-23,2026-04-23,SUP-034,Pacific Rim Circuits,China,Electronics,Microcontroller MCU-9,R&D,10.57,2587,27344.59,Net 60,False,False
PO-2026-42962,2026-03-26,2026-04-16,2026-04-16,SUP-025,Cascade Semitech,USA,Electronics,Connector Kit CK-8,Retail Operations,6.02,2485,14959.7,Net 45,True,False
PO-2026-43013,2026-03-27,2026-04-11,2026-04-11,SUP-025,Cascade Semitech,USA,Electronics,Connector Kit CK-8,Corporate,6.85,2733,18721.05,Net 60,True,False
PO-2026-43006,2026-03-27,2026-04-01,2026-04-01,SUP-034,Pacific Rim Circuits,China,Electronics,Power Supply Unit 450W,R&D,91.79,37,3396.23,Net 30,True,False
PO-2026-43082,2026-03-27,2026-04-03,2026-04-03,SUP-024,Sterling Components,USA,Electronics,Connector Kit CK-8,Manufacturing,6.64,4310,28618.4,Net 15,True,False
PO-2026-42979,2026-03-27,2026-04-26,2026-04-26,SUP-025,Cascade Semitech,USA,Electronics,Power Supply Unit 450W,Retail Operations,87.88,218,19157.84,Net 30,True,False
PO-2026-43105,2026-03-27,2026-04-20,2026-04-20,SUP-025,Cascade Semitech,USA,Electronics,Sensor Module SM-3,Field Services,36.13,598,21605.74,Net 45,True,False
PO-2026-43110,2026-03-27,2026-04-09,2026-04-09,SUP-028,Summit Components,USA,Electronics,Microcontroller MCU-9,Retail Operations,10.18,3577,36413.86,Net 30,True,False
PO-2026-43008,2026-03-28,2026-04-08,2026-04-08,SUP-036,Golden Dragon Components,China,Electronics,Power Supply Unit 450W,Manufacturing,97.53,167,16287.51,Net 45,True,False
PO-2026-42974,2026-03-28,2026-04-12,2026-04-12,SUP-022,Redwood Components,USA,Electronics,Sensor Module SM-3,Retail Operations,32.72,749,24507.28,Net 45,True,False
PO-2026-42987,2026-03-29,2026-04-04,2026-04-04,SUP-036,Golden Dragon Components,China,Electronics,Power Supply Unit 450W,Corporate,99.37,126,12520.62,Net 45,True,False
PO-2026-42992,2026-03-29,2026-04-13,2026-04-20,SUP-024,Sterling Components,USA,Electronics,Power Supply Unit 450W,Field Services,92.14,91,8384.74,Net 45,False,False
PO-2026-43029,2026-03-29,2026-04-27,2026-04-27,SUP-022,Redwood Components,USA,Electronics,Microcontroller MCU-9,R&D,9.94,1468,14591.92,Net 45,True,False
PO-2026-43062,2026-03-29,2026-04-13,2026-04-13,SUP-028,Summit Components,USA,Electronics,PCB Assembly A-11,Field Services,76.09,357,27164.13,Net 60,True,False
PO-2026-43055,2026-03-29,2026-04-20,2026-04-20,SUP-032,Lotus Components,India,Electronics,PCB Assembly A-11,R&D,66.22,492,32580.24,Net 45,True,False
PO-2026-43053,2026-03-30,2026-04-23,2026-04-23,SUP-025,Cascade Semitech,USA,Electronics,Power Supply Unit 450W,Manufacturing,90.43,88,7957.84,Net 45,True,False
PO-2026-43041,2026-03-30,2026-04-24,2026-04-24,SUP-028,Summit Components,USA,Electronics,PCB Assembly A-11,R&D,73.54,705,51845.7,Net 60,True,False
PO-2026-43033,2026-03-30,2026-05-01,2026-05-01,SUP-028,Summit Components,USA,Electronics,Connector Kit CK-8,Field Services,6.36,3184,20250.24,Net 45,True,False
PO-2026-43071,2026-03-31,2026-04-26,2026-04-26,SUP-024,Sterling Components,USA,Electronics,Sensor Module SM-3,R&D,35.19,545,19178.55,Net 15,True,False
PO-2026-43027,2026-03-31,2026-04-22,2026-04-22,SUP-025,Cascade Semitech,USA,Electronics,PCB Assembly A-11,R&D,73.7,492,36260.4,Net 60,True,False
PO-2026-44266,2026-04-01,2026-04-08,2026-04-19,SUP-029,Great Wall Components,China,Electronics,Sensor Module SM-3,Field Services,30.97,400,12388.0,Net 45,True,False
PO-2026-44199,2026-04-01,2026-04-11,2026-04-11,SUP-033,Busan Components,South Korea,Electronics,PCB Assembly A-11,Manufacturing,71.23,549,39105.27,Net 45,True,False
PO-2026-44170,2026-04-01,2026-04-19,2026-04-19,SUP-028,Summit Components,USA,Electronics,Connector Kit CK-8,Retail Operations,6.97,1948,13577.56,Net 60,True,False
PO-2026-44155,2026-04-01,2026-04-13,2026-04-13,SUP-034,Pacific Rim Circuits,China,Electronics,Power Supply Unit 450W,Manufacturing,88.51,118,10444.18,Net 60,True,False
PO-2026-44126,2026-04-02,2026-04-08,2026-04-08,SUP-028,Summit Components,USA,Electronics,Microcontroller MCU-9,R&D,10.54,2461,25938.94,Net 15,False,False
PO-2026-44165,2026-04-02,2026-04-16,2026-04-16,SUP-036,Golden Dragon Components,China,Electronics,Connector Kit CK-8,R&D,6.52,1831,11938.12,Net 15,True,False
PO-2026-44200,2026-04-02,2026-04-19,2026-04-19,SUP-033,Busan Components,South Korea,Electronics,Connector Kit CK-8,Retail Operations,5.6,3095,17332.0,Net 45,True,False
PO-2026-44227,2026-04-02,2026-04-16,2026-04-16,SUP-035,Pacific Rim Semitech,China,Electronics,PCB Assembly A-11,Retail Operations,68.09,395,26895.55,Net 30,True,False
PO-2026-44247,2026-04-02,2026-05-03,2026-05-03,SUP-028,Summit Components,USA,Electronics,Power Supply Unit 450W,Retail Operations,89.15,74,6597.1,Net 15,True,True
PO-2026-44174,2026-04-02,2026-04-10,2026-04-10,SUP-024,Sterling Components,USA,Electronics,PCB Assembly A-11,R&D,69.8,264,18427.2,Net 30,True,False
PO-2026-44137,2026-04-02,2026-05-03,2026-05-03,SUP-028,Summit Components,USA,Electronics,Microcontroller MCU-9,Retail Operations,11.38,2674,30430.12,Net 30,True,False
PO-2026-44173,2026-04-02,2026-04-20,2026-04-20,SUP-028,Summit Components,USA,Electronics,Microcontroller MCU-9,Manufacturing,10.74,2297,24669.78,Net 30,True,False
PO-2026-44191,2026-04-02,2026-05-03,2026-05-04,SUP-028,Summit Components,USA,Electronics,Power Supply Unit 450W,R&D,92.36,132,12191.52,Net 30,True,False
PO-2026-44175,2026-04-03,2026-04-27,2026-04-27,SUP-036,Golden Dragon Components,China,Electronics,Connector Kit CK-8,R&D,6.33,2588,16382.04,Net 45,True,False
PO-2026-44152,2026-04-03,2026-04-08,2026-04-10,SUP-036,Golden Dragon Components,China,Electronics,Power Supply Unit 450W,Field Services,91.45,111,10150.95,Net 45,True,False
PO-2026-44128,2026-04-03,2026-05-06,2026-05-06,SUP-032,Lotus Components,India,Electronics,Power Supply Unit 450W,Corporate,77.55,158,12252.9,Net 45,True,False
PO-2026-44277,2026-04-03,2026-04-29,2026-04-29,SUP-028,Summit Components,USA,Electronics,Microcontroller MCU-9,Retail Operations,11.31,3322,37571.82,Net 30,True,False
PO-2026-44159,2026-04-03,2026-04-20,2026-04-20,SUP-024,Sterling Components,USA,Electronics,Microcontroller MCU-9,R&D,10.22,2118,21645.96,Net 15,True,False
PO-2026-44135,2026-04-04,2026-04-27,2026-04-27,SUP-028,Summit Components,USA,Electronics,Connector Kit CK-8,Retail Operations,6.08,2525,15352.0,Net 60,True,False
PO-2026-44158,2026-04-04,2026-04-30,2026-05-22,SUP-029,Great Wall Components,China,Electronics,Sensor Module SM-3,Field Services,34.74,1269,44085.06,Net 30,True,False
PO-2026-44261,2026-04-04,2026-04-26,2026-04-26,SUP-036,Golden Dragon Components,China,Electronics,Connector Kit CK-8,Manufacturing,6.22,3366,20936.52,Net 15,True,False
PO-2026-44228,2026-04-04,2026-04-13,2026-04-13,SUP-034,Pacific Rim Circuits,China,Electronics,Power Supply Unit 450W,Field Services,92.8,170,15776.0,Net 30,True,False
PO-2026-44198,2026-04-04,2026-04-19,2026-04-20,SUP-028,Summit Components,USA,Electronics,Connector Kit CK-8,Retail Operations,6.61,1765,11666.65,Net 30,True,False
PO-2026-44186,2026-04-04,2026-04-12,2026-04-12,SUP-032,Lotus Components,India,Electronics,PCB Assembly A-11,Retail Operations,64.19,187,12003.53,Net 30,True,False
PO-2026-44138,2026-04-05,2026-04-21,2026-04-21,SUP-032,Lotus Components,India,Electronics,PCB Assembly A-11,Retail Operations,69.26,354,24518.04,Net 45,True,False
PO-2026-44236,2026-04-05,2026-05-08,2026-05-08,SUP-034,Pacific Rim Circuits,China,Electronics,Power Supply Unit 450W,Field Services,94.01,185,17391.85,Net 45,False,False
PO-2026-44210,2026-04-05,2026-04-24,2026-04-25,SUP-028,Summit Components,USA,Electronics,Connector Kit CK-8,Corporate,6.59,3269,21542.71,Net 45,True,False
PO-2026-44238,2026-04-05,2026-04-23,2026-04-27,SUP-029,Great Wall Components,China,Electronics,PCB Assembly A-11,Field Services,72.26,325,23484.5,Net 30,True,False
PO-2026-44177,2026-04-05,2026-04-17,2026-04-20,SUP-032,Lotus Components,India,Electronics,Microcontroller MCU-9,Manufacturing,10.5,1407,14773.5,Net 60,True,False
PO-2026-44254,2026-04-06,2026-04-24,2026-04-25,SUP-035,Pacific Rim Semitech,China,Electronics,Power Supply Unit 450W,Corporate,96.6,140,13524.0,Net 30,True,False
PO-2026-44231,2026-04-06,2026-04-28,2026-04-28,SUP-036,Golden Dragon Components,China,Electronics,PCB Assembly A-11,Manufacturing,80.86,594,48030.84,Net 30,True,False
PO-2026-44131,2026-04-06,2026-05-05,2026-05-07,SUP-033,Busan Components,South Korea,Electronics,Connector Kit CK-8,Manufacturing,5.78,3822,22091.16,Net 30,True,False
PO-2026-44223,2026-04-06,2026-04-18,2026-04-18,SUP-022,Redwood Components,USA,Electronics,Sensor Module SM-3,Corporate,32.4,613,19861.2,Net 45,True,False
PO-2026-44246,2026-04-07,2026-05-10,2026-05-10,SUP-032,Lotus Components,India,Electronics,Power Supply Unit 450W,Field Services,77.03,196,15097.88,Net 45,True,False
PO-2026-44143,2026-04-07,2026-04-15,2026-04-15,SUP-025,Cascade Semitech,USA,Electronics,Sensor Module SM-3,Retail Operations,33.31,590,19652.9,Net 60,True,False
PO-2026-44250,2026-04-07,2026-04-18,2026-04-18,SUP-025,Cascade Semitech,USA,Electronics,PCB Assembly A-11,Corporate,73.8,285,21033.0,Net 15,True,False
PO-2026-44211,2026-04-07,2026-04-19,2026-04-19,SUP-025,Cascade Semitech,USA,Electronics,PCB Assembly A-11,Field Services,71.19,270,19221.3,Net 45,True,False
PO-2026-44202,2026-04-07,2026-04-26,2026-04-26,SUP-036,Golden Dragon Components,China,Electronics,PCB Assembly A-11,Corporate,68.0,401,27268.0,Net 30,True,False
PO-2026-44270,2026-04-08,2026-04-26,2026-05-06,SUP-029,Great Wall Components,China,Electronics,PCB Assembly A-11,Field Services,74.88,379,28379.52,Net 30,True,False
PO-2026-44256,2026-04-08,2026-05-04,2026-05-04,SUP-032,Lotus Components,India,Electronics,Power Supply Unit 450W,R&D,81.2,163,13235.6,Net 30,True,False
PO-2026-44255,2026-04-08,2026-04-18,2026-04-18,SUP-025,Cascade Semitech,USA,Electronics,Connector Kit CK-8,Corporate,6.5,5124,33306.0,Net 30,True,False
PO-2026-44215,2026-04-08,2026-05-06,2026-05-06,SUP-025,Cascade Semitech,USA,Electronics,Connector Kit CK-8,Field Services,6.21,3586,22269.06,Net 45,False,False
PO-2026-44201,2026-04-08,2026-05-11,2026-05-11,SUP-028,Summit Components,USA,Electronics,PCB Assembly A-11,R&D,75.71,535,40504.85,Net 45,True,False
PO-2026-44205,2026-04-08,2026-05-09,2026-05-09,SUP-028,Summit Components,USA,Electronics,Sensor Module SM-3,Field Services,35.24,710,25020.4,Net 45,False,False
PO-2026-44213,2026-04-08,2026-04-18,2026-04-18,SUP-026,Great Wall Circuits,China,Electronics,Power Supply Unit 450W,Corporate,95.98,14,1343.72,Net 30,True,False
PO-2026-44151,2026-04-08,2026-05-11,2026-05-11,SUP-036,Golden Dragon Components,China,Electronics,Sensor Module SM-3,Retail Operations,38.16,517,19728.72,Net 60,True,False
PO-2026-44275,2026-04-08,2026-04-22,2026-04-22,SUP-028,Summit Components,USA,Electronics,Sensor Module SM-3,Manufacturing,31.31,568,17784.08,Net 45,True,False
PO-2026-44176,2026-04-09,2026-05-06,2026-05-07,SUP-036,Golden Dragon Components,China,Electronics,Microcontroller MCU-9,Manufacturing,10.25,1185,12146.25,Net 45,True,False
PO-2026-44188,2026-04-09,2026-05-11,2026-05-11,SUP-034,Pacific Rim Circuits,China,Electronics,Microcontroller MCU-9,Retail Operations,10.82,3173,34331.86,Net 30,True,False
PO-2026-44149,2026-04-09,2026-05-06,2026-05-06,SUP-035,Pacific Rim Semitech,China,Electronics,Sensor Module SM-3,Corporate,33.72,461,15544.92,Net 60,True,False
PO-2026-44276,2026-04-09,2026-05-04,2026-05-04,SUP-022,Redwood Components,USA,Electronics,Sensor Module SM-3,R&D,31.92,540,17236.8,Net 45,True,False
PO-2026-44129,2026-04-09,2026-04-23,2026-05-13,SUP-029,Great Wall Components,China,Electronics,Sensor Module SM-3,R&D,32.75,506,16571.5,Net 15,False,False
PO-2026-44204,2026-04-10,2026-04-20,2026-05-11,SUP-029,Great Wall Components,China,Electronics,Connector Kit CK-8,R&D,6.24,3167,19762.08,Net 15,True,False
PO-2026-44262,2026-04-10,2026-04-27,2026-04-27,SUP-024,Sterling Components,USA,Electronics,Power Supply Unit 450W,Manufacturing,88.53,209,18502.77,Net 45,False,False
PO-2026-44268,2026-04-10,2026-05-12,2026-05-12,SUP-033,Busan Components,South Korea,Electronics,Power Supply Unit 450W,R&D,80.76,125,10095.0,Net 30,True,False
PO-2026-44244,2026-04-10,2026-04-20,2026-04-22,SUP-036,Golden Dragon Components,China,Electronics,Power Supply Unit 450W,Manufacturing,96.95,174,16869.3,Net 60,True,False
PO-2026-44144,2026-04-10,2026-04-29,2026-04-29,SUP-034,Pacific Rim Circuits,China,Electronics,Microcontroller MCU-9,Field Services,10.4,4095,42588.0,Net 45,False,False
PO-2026-44163,2026-04-10,2026-04-27,2026-04-27,SUP-024,Sterling Components,USA,Electronics,Sensor Module SM-3,R&D,36.56,699,25555.44,Net 30,True,False
PO-2026-44207,2026-04-11,2026-04-18,2026-04-18,SUP-033,Busan Components,South Korea,Electronics,PCB Assembly A-11,Field Services,61.68,693,42744.24,Net 45,False,False
PO-2026-44179,2026-04-11,2026-05-07,2026-05-07,SUP-025,Cascade Semitech,USA,Electronics,Sensor Module SM-3,Corporate,33.12,589,19507.68,Net 30,True,False
PO-2026-44271,2026-04-11,2026-05-14,2026-05-22,SUP-029,Great Wall Components,China,Electronics,PCB Assembly A-11,Corporate,63.18,284,17943.12,Net 45,True,True
PO-2026-44157,2026-04-11,2026-04-21,2026-04-21,SUP-034,Pacific Rim Circuits,China,Electronics,Connector Kit CK-8,R&D,6.12,3188,19510.56,Net 30,True,False
PO-2026-44147,2026-04-12,2026-05-05,2026-05-09,SUP-036,Golden Dragon Components,China,Electronics,Connector Kit CK-8,Field Services,6.69,3699,24746.31,Net 30,True,False
PO-2026-44132,2026-04-12,2026-05-16,2026-05-16,SUP-036,Golden Dragon Components,China,Electronics,Sensor Module SM-3,Corporate,32.21,126,4058.46,Net 30,True,False
PO-2026-44164,2026-04-12,2026-05-05,2026-05-05,SUP-034,Pacific Rim Circuits,China,Electronics,Sensor Module SM-3,Corporate,36.09,624,22520.16,Net 30,True,True
PO-2026-44194,2026-04-12,2026-04-24,2026-04-24,SUP-028,Summit Components,USA,Electronics,PCB Assembly A-11,R&D,72.93,382,27859.26,Net 45,True,False
PO-2026-44235,2026-04-12,2026-05-05,2026-05-05,SUP-025,Cascade Semitech,USA,Electronics,PCB Assembly A-11,R&D,67.9,249,16907.1,Net 60,False,False
PO-2026-44243,2026-04-12,2026-04-17,2026-04-17,SUP-025,Cascade Semitech,USA,Electronics,Connector Kit CK-8,R&D,6.22,2885,17944.7,Net 30,False,False
PO-2026-44125,2026-04-13,2026-04-20,2026-04-20,SUP-033,Busan Components,South Korea,Electronics,Connector Kit CK-8,Retail Operations,5.74,2311,13265.14,Net 30,False,False
PO-2026-44195,2026-04-13,2026-04-20,2026-04-20,SUP-032,Lotus Components,India,Electronics,Microcontroller MCU-9,Manufacturing,9.46,1141,10793.86,Net 30,True,False
PO-2026-44148,2026-04-14,2026-05-15,2026-05-15,SUP-028,Summit Components,USA,Electronics,Sensor Module SM-3,R&D,34.96,675,23598.0,Net 30,True,False
PO-2026-44252,2026-04-14,2026-05-14,2026-05-15,SUP-029,Great Wall Components,China,Electronics,Sensor Module SM-3,Manufacturing,28.91,916,26481.56,Net 45,True,False
PO-2026-44272,2026-04-15,2026-05-06,2026-05-06,SUP-024,Sterling Components,USA,Electronics,PCB Assembly A-11,Manufacturing,76.45,723,55273.35,Net 30,True,False
PO-2026-44264,2026-04-15,2026-05-02,2026-05-02,SUP-022,Redwood Components,USA,Electronics,Microcontroller MCU-9,Retail Operations,10.39,669,6950.91,Net 30,True,False
PO-2026-44172,2026-04-15,2026-04-27,2026-04-27,SUP-028,Summit Components,USA,Electronics,Microcontroller MCU-9,Field Services,11.39,3085,35138.15,Net 60,True,False
PO-2026-44234,2026-04-15,2026-05-06,2026-05-06,SUP-022,Redwood Components,USA,Electronics,Sensor Module SM-3,Retail Operations,34.23,164,5613.72,Net 60,True,False
PO-2026-44240,2026-04-15,2026-05-16,2026-05-16,SUP-032,Lotus Components,India,Electronics,PCB Assembly A-11,Field Services,65.02,469,30494.38,Net 30,True,False
PO-2026-44161,2026-04-16,2026-05-18,2026-05-18,SUP-035,Pacific Rim Semitech,China,Electronics,PCB Assembly A-11,R&D,70.89,481,34098.09,Net 45,True,False
PO-2026-44168,2026-04-16,2026-05-15,2026-05-15,SUP-033,Busan Components,South Korea,Electronics,Sensor Module SM-3,Field Services,29.63,1048,31052.24,Net 15,True,False
PO-2026-44197,2026-04-16,2026-05-16,2026-05-18,SUP-036,Golden Dragon Components,China,Electronics,Power Supply Unit 450W,Field Services,104.23,91,9484.93,Net 30,True,False
PO-2026-44183,2026-04-16,2026-05-01,2026-05-07,SUP-029,Great Wall Components,China,Electronics,Microcontroller MCU-9,R&D,10.45,2479,25905.55,Net 45,True,False
PO-2026-44203,2026-04-17,2026-05-01,2026-05-01,SUP-022,Redwood Components,USA,Electronics,Microcontroller MCU-9,R&D,10.21,3420,34918.2,Net 15,False,False
PO-2026-44214,2026-04-17,2026-05-15,2026-05-15,SUP-025,Cascade Semitech,USA,Electronics,Power Supply Unit 450W,R&D,85.56,85,7272.6,Net 30,True,False
PO-2026-44218,2026-04-17,2026-05-02,2026-05-02,SUP-023,Schwarzwald Circuits,Germany,Electronics,Microcontroller MCU-9,R&D,9.26,2949,27307.74,Net 30,True,False
PO-2026-44263,2026-04-17,2026-05-17,2026-05-17,SUP-036,Golden Dragon Components,China,Electronics,Connector Kit CK-8,Retail Operations,6.99,4275,29882.25,Net 45,True,False
PO-2026-44130,2026-04-17,2026-04-30,2026-04-30,SUP-032,Lotus Components,India,Electronics,Power Supply Unit 450W,Retail Operations,81.85,117,9576.45,Net 45,False,False
PO-2026-44237,2026-04-17,2026-05-18,2026-05-22,SUP-036,Golden Dragon Components,China,Electronics,Connector Kit CK-8,Corporate,6.89,4136,28497.04,Net 45,True,False
PO-2026-44242,2026-04-17,2026-05-07,2026-05-07,SUP-033,Busan Components,South Korea,Electronics,PCB Assembly A-11,Retail Operations,60.64,434,26317.76,Net 30,True,False
PO-2026-44269,2026-04-17,2026-04-29,2026-04-29,SUP-024,Sterling Components,USA,Electronics,Power Supply Unit 450W,Field Services,91.02,88,8009.76,Net 60,True,False
PO-2026-44150,2026-04-17,2026-05-10,2026-05-14,SUP-029,Great Wall Components,China,Electronics,Connector Kit CK-8,Field Services,7.47,2637,19698.39,Net 60,True,False
PO-2026-44233,2026-04-18,2026-05-03,2026-05-03,SUP-034,Pacific Rim Circuits,China,Electronics,Power Supply Unit 450W,Field Services,89.05,153,13624.65,Net 30,False,False
PO-2026-44182,2026-04-18,2026-05-13,2026-05-13,SUP-034,Pacific Rim Circuits,China,Electronics,Microcontroller MCU-9,Manufacturing,10.85,1384,15016.4,Net 15,True,False
PO-2026-44167,2026-04-18,2026-05-15,2026-05-15,SUP-024,Sterling Components,USA,Electronics,Connector Kit CK-8,Corporate,6.41,4045,25928.45,Net 60,True,False
PO-2026-44154,2026-04-18,2026-05-08,2026-05-08,SUP-034,Pacific Rim Circuits,China,Electronics,PCB Assembly A-11,Retail Operations,71.59,284,20331.56,Net 30,True,False
PO-2026-44245,2026-04-19,2026-05-01,2026-05-01,SUP-027,Golden Dragon Circuits,China,Electronics,Sensor Module SM-3,Field Services,34.08,903,30774.24,Net 30,False,False
PO-2026-44134,2026-04-19,2026-04-30,2026-05-08,SUP-029,Great Wall Components,China,Electronics,Sensor Module SM-3,Manufacturing,30.71,233,7155.43,Net 45,True,False
PO-2026-44219,2026-04-19,2026-05-11,2026-05-11,SUP-025,Cascade Semitech,USA,Electronics,Sensor Module SM-3,Manufacturing,34.54,649,22416.46,Net 30,True,False
PO-2026-44212,2026-04-19,2026-05-03,2026-05-03,SUP-033,Busan Components,South Korea,Electronics,Microcontroller MCU-9,Field Services,9.35,1971,18428.85,Net 15,True,False
PO-2026-44187,2026-04-19,2026-05-06,2026-05-06,SUP-035,Pacific Rim Semitech,China,Electronics,Microcontroller MCU-9,Corporate,10.68,1293,13809.24,Net 60,True,False
PO-2026-44206,2026-04-19,2026-05-07,2026-05-07,SUP-028,Summit Components,USA,Electronics,Sensor Module SM-3,Field Services,34.45,736,25355.2,Net 45,False,False
PO-2026-44139,2026-04-19,2026-05-20,2026-05-21,SUP-025,Cascade Semitech,USA,Electronics,Sensor Module SM-3,Field Services,35.8,744,26635.2,Net 30,True,False
PO-2026-44216,2026-04-19,2026-05-04,2026-05-04,SUP-029,Great Wall Components,China,Electronics,Power Supply Unit 450W,Field Services,86.71,116,10058.36,Net 45,True,False
PO-2026-44192,2026-04-20,2026-05-02,2026-05-02,SUP-034,Pacific Rim Circuits,China,Electronics,Microcontroller MCU-9,Manufacturing,10.06,1898,19093.88,Net 45,True,False
PO-2026-44142,2026-04-20,2026-05-14,2026-05-14,SUP-035,Pacific Rim Semitech,China,Electronics,Power Supply Unit 450W,Manufacturing,83.4,131,10925.4,Net 30,True,False
PO-2026-44127,2026-04-20,2026-05-05,2026-05-09,SUP-028,Summit Components,USA,Electronics,Power Supply Unit 450W,R&D,93.55,320,29936.0,Net 15,True,False
PO-2026-44253,2026-04-20,2026-05-08,2026-05-08,SUP-034,Pacific Rim Circuits,China,Electronics,PCB Assembly A-11,Retail Operations,67.33,200,13466.0,Net 30,True,False
PO-2026-44221,2026-04-20,2026-04-30,2026-04-30,SUP-033,Busan Components,South Korea,Electronics,PCB Assembly A-11,R&D,66.3,539,35735.7,Net 15,True,False
PO-2026-44267,2026-04-21,2026-05-10,2026-05-11,SUP-028,Summit Components,USA,Electronics,PCB Assembly A-11,Retail Operations,75.16,582,43743.12,Net 15,True,False
PO-2026-44274,2026-04-21,2026-05-06,2026-05-06,SUP-032,Lotus Components,India,Electronics,Power Supply Unit 450W,Manufacturing,80.69,92,7423.48,Net 45,True,False
PO-2026-44189,2026-04-21,2026-04-26,2026-04-26,SUP-034,Pacific Rim Circuits,China,Electronics,Connector Kit CK-8,Field Services,6.2,3239,20081.8,Net 60,True,False
PO-2026-44196,2026-04-22,2026-05-17,2026-05-17,SUP-028,Summit Components,USA,Electronics,PCB Assembly A-11,Corporate,75.65,453,34269.45,Net 30,True,False
PO-2026-44208,2026-04-22,2026-05-14,2026-05-15,SUP-022,Redwood Components,USA,Electronics,Microcontroller MCU-9,Retail Operations,10.61,4006,42503.66,Net 30,True,False
PO-2026-44140,2026-04-22,2026-05-02,2026-05-02,SUP-024,Sterling Components,USA,Electronics,Microcontroller MCU-9,Corporate,10.99,2164,23782.36,Net 15,True,False
PO-2026-44136,2026-04-22,2026-05-13,2026-05-16,SUP-034,Pacific Rim Circuits,China,Electronics,PCB Assembly A-11,Manufacturing,74.93,294,22029.42,Net 45,True,False
PO-2026-44133,2026-04-23,2026-05-22,2026-05-22,SUP-024,Sterling Components,USA,Electronics,Power Supply Unit 450W,Retail Operations,99.62,125,12452.5,Net 30,True,False
PO-2026-44224,2026-04-23,2026-05-01,2026-05-01,SUP-033,Busan Components,South Korea,Electronics,Power Supply Unit 450W,Retail Operations,79.26,127,10066.02,Net 45,True,False
PO-2026-44226,2026-04-23,2026-05-17,2026-05-17,SUP-034,Pacific Rim Circuits,China,Electronics,Power Supply Unit 450W,Manufacturing,86.75,68,5899.0,Net 60,True,False
PO-2026-44232,2026-04-23,2026-05-02,2026-05-02,SUP-032,Lotus Components,India,Electronics,PCB Assembly A-11,Retail Operations,60.54,691,41833.14,Net 45,True,False
PO-2026-44146,2026-04-23,2026-05-21,2026-05-21,SUP-035,Pacific Rim Semitech,China,Electronics,PCB Assembly A-11,R&D,78.06,438,34190.28,Net 30,True,False
PO-2026-44260,2026-04-24,2026-05-28,2026-05-28,SUP-024,Sterling Components,USA,Electronics,Microcontroller MCU-9,Manufacturing,11.45,1342,15365.9,Net 30,True,False
PO-2026-44162,2026-04-24,2026-05-16,2026-05-16,SUP-033,Busan Components,South Korea,Electronics,PCB Assembly A-11,R&D,64.75,354,22921.5,Net 60,True,False
PO-2026-44171,2026-04-25,2026-05-21,2026-05-21,SUP-032,Lotus Components,India,Electronics,PCB Assembly A-11,Corporate,60.23,226,13611.98,Net 45,True,False
PO-2026-44160,2026-04-25,2026-05-02,2026-05-02,SUP-023,Schwarzwald Circuits,Germany,Electronics,Power Supply Unit 450W,Field Services,87.29,218,19029.22,Net 45,False,False
PO-2026-44181,2026-04-25,2026-05-25,2026-05-25,SUP-025,Cascade Semitech,USA,Electronics,Microcontroller MCU-9,R&D,11.14,3216,35826.24,Net 60,True,False
PO-2026-44265,2026-04-25,2026-05-14,2026-05-16,SUP-022,Redwood Components,USA,Electronics,Power Supply Unit 450W,Field Services,85.41,144,12299.04,Net 30,False,False
PO-2026-44251,2026-04-26,2026-05-24,2026-05-24,SUP-034,Pacific Rim Circuits,China,Electronics,PCB Assembly A-11,Manufacturing,72.85,39,2841.15,Net 30,True,False
PO-2026-44248,2026-04-26,2026-05-27,2026-05-27,SUP-036,Golden Dragon Components,China,Electronics,Power Supply Unit 450W,R&D,102.36,103,10543.08,Net 30,True,False
PO-2026-44225,2026-04-26,2026-05-08,2026-05-08,SUP-028,Summit Components,USA,Electronics,PCB Assembly A-11,Manufacturing,77.25,404,31209.0,Net 30,True,False
PO-2026-44184,2026-04-26,2026-05-15,2026-05-15,SUP-022,Redwood Components,USA,Electronics,Power Supply Unit 450W,Retail Operations,83.53,255,21300.15,Net 45,True,False
PO-2026-44230,2026-04-26,2026-05-06,2026-05-06,SUP-028,Summit Components,USA,Electronics,Sensor Module SM-3,Retail Operations,33.58,542,18200.36,Net 30,True,False
PO-2026-44241,2026-04-26,2026-05-18,2026-05-18,SUP-028,Summit Components,USA,Electronics,Connector Kit CK-8,Corporate,5.9,3665,21623.5,Net 45,True,False
PO-2026-44259,2026-04-27,2026-05-03,2026-05-03,SUP-025,Cascade Semitech,USA,Electronics,Connector Kit CK-8,Corporate,6.27,3507,21988.89,Net 60,True,False
PO-2026-44229,2026-04-27,2026-05-18,2026-05-18,SUP-036,Golden Dragon Components,China,Electronics,Sensor Module SM-3,R&D,36.2,775,28055.0,Net 45,False,False
PO-2026-44180,2026-04-27,2026-05-03,2026-05-03,SUP-035,Pacific Rim Semitech,China,Electronics,Sensor Module SM-3,Corporate,34.93,788,27524.84,Net 15,True,False
PO-2026-44145,2026-04-28,2026-05-29,2026-05-29,SUP-025,Cascade Semitech,USA,Electronics,Microcontroller MCU-9,Retail Operations,10.98,1819,19972.62,Net 30,True,False
PO-2026-44156,2026-04-28,2026-05-14,2026-05-14,SUP-032,Lotus Components,India,Electronics,Microcontroller MCU-9,R&D,9.06,3177,28783.62,Net 30,True,False
PO-2026-44169,2026-04-28,2026-05-30,2026-05-30,SUP-034,Pacific Rim Circuits,China,Electronics,Power Supply Unit 450W,Field Services,94.24,132,12439.68,Net 60,True,False
PO-2026-44185,2026-04-28,2026-05-21,2026-05-21,SUP-033,Busan Components,South Korea,Electronics,Sensor Module SM-3,R&D,31.56,515,16253.4,Net 45,True,False
PO-2026-44217,2026-04-28,2026-05-26,2026-05-26,SUP-035,Pacific Rim Semitech,China,Electronics,Microcontroller MCU-9,Manufacturing,10.04,3107,31194.28,Net 45,True,False
PO-2026-44239,2026-04-28,2026-05-12,2026-05-13,SUP-034,Pacific Rim Circuits,China,Electronics,PCB Assembly A-11,R&D,76.41,826,63114.66,Net 45,True,False
PO-2026-44257,2026-04-28,2026-05-17,2026-05-17,SUP-032,Lotus Components,India,Electronics,Microcontroller MCU-9,Corporate,9.26,1740,16112.4,Net 45,True,False
PO-2026-44258,2026-04-28,2026-05-12,2026-05-12,SUP-034,Pacific Rim Circuits,China,Electronics,Power Supply Unit 450W,Corporate,90.43,183,16548.69,Net 45,True,False
PO-2026-44193,2026-04-28,2026-05-10,2026-05-10,SUP-036,Golden Dragon Components,China,Electronics,Sensor Module SM-3,Corporate,37.23,682,25390.86,Net 30,True,False
PO-2026-44190,2026-04-29,2026-05-23,2026-05-23,SUP-028,Summit Components,USA,Electronics,Power Supply Unit 450W,R&D,92.2,238,21943.6,Net 30,True,False
PO-2026-44220,2026-04-29,2026-05-09,2026-05-14,SUP-034,Pacific Rim Circuits,China,Electronics,Power Supply Unit 450W,R&D,92.96,102,9481.92,Net 45,False,False
PO-2026-44273,2026-04-29,2026-05-30,2026-05-30,SUP-032,Lotus Components,India,Electronics,Power Supply Unit 450W,Retail Operations,75.65,184,13919.6,Net 30,True,False
PO-2026-44141,2026-04-30,2026-05-18,2026-05-18,SUP-024,Sterling Components,USA,Electronics,Sensor Module SM-3,Retail Operations,36.37,206,7492.22,Net 30,True,False
PO-2026-44166,2026-04-30,2026-05-10,2026-05-10,SUP-028,Summit Components,USA,Electronics,Power Supply Unit 450W,Retail Operations,100.52,135,13570.2,Net 60,True,False
PO-2026-44178,2026-04-30,2026-05-05,2026-05-05,SUP-025,Cascade Semitech,USA,Electronics,Connector Kit CK-8,R&D,6.4,4336,27750.4,Net 30,False,False
PO-2026-44222,2026-04-30,2026-05-24,2026-05-24,SUP-034,Pacific Rim Circuits,China,Electronics,Power Supply Unit 450W,R&D,89.89,179,16090.31,Net 30,True,False
PO-2026-44249,2026-04-30,2026-05-17,2026-05-17,SUP-034,Pacific Rim Circuits,China,Electronics,Sensor Module SM-3,Field Services,33.15,760,25194.0,Net 15,True,False
PO-2026-44153,2026-04-30,2026-05-25,2026-05-30,SUP-025,Cascade Semitech,USA,Electronics,PCB Assembly A-11,Corporate,76.63,342,26207.46,Net 30,True,False
PO-2026-44209,2026-04-30,2026-05-05,2026-05-22,SUP-029,Great Wall Components,China,Electronics,Sensor Module SM-3,Retail Operations,31.04,888,27563.52,Net 45,True,False
PO-2026-45250,2026-05-01,2026-05-08,2026-05-08,SUP-033,Busan Components,South Korea,Electronics,Power Supply Unit 450W,Field Services,90.17,192,17312.64,Net 45,False,False
PO-2026-45241,2026-05-01,2026-05-08,2026-05-08,SUP-034,Pacific Rim Circuits,China,Electronics,Power Supply Unit 450W,Corporate,95.31,202,19252.62,Net 60,True,False
PO-2026-45214,2026-05-02,2026-05-31,2026-05-31,SUP-025,Cascade Semitech,USA,Electronics,Connector Kit CK-8,Corporate,6.57,2588,17003.16,Net 60,True,False
PO-2026-45247,2026-05-02,2026-05-31,2026-05-31,SUP-028,Summit Components,USA,Electronics,Power Supply Unit 450W,Field Services,100.72,169,17021.68,Net 30,True,False
PO-2026-45210,2026-05-02,2026-05-07,2026-05-07,SUP-028,Summit Components,USA,Electronics,Connector Kit CK-8,R&D,6.19,5075,31414.25,Net 45,True,False
PO-2026-45202,2026-05-02,2026-06-03,2026-06-03,SUP-034,Pacific Rim Circuits,China,Electronics,Connector Kit CK-8,Retail Operations,6.22,4118,25613.96,Net 45,True,False
PO-2026-45310,2026-05-03,2026-05-12,2026-05-13,SUP-025,Cascade Semitech,USA,Electronics,Microcontroller MCU-9,Field Services,11.91,1377,16400.07,Net 60,True,False
PO-2026-45309,2026-05-03,2026-05-26,2026-05-26,SUP-035,Pacific Rim Semitech,China,Electronics,PCB Assembly A-11,R&D,78.15,567,44311.05,Net 45,True,False
PO-2026-45322,2026-05-03,2026-06-06,2026-06-06,SUP-022,Redwood Components,USA,Electronics,Sensor Module SM-3,Corporate,33.91,594,20142.54,Net 30,True,False
PO-2026-45298,2026-05-03,2026-05-14,2026-05-14,SUP-028,Summit Components,USA,Electronics,PCB Assembly A-11,Retail Operations,80.25,469,37637.25,Net 15,True,False
PO-2026-45281,2026-05-03,2026-05-20,2026-05-20,SUP-028,Summit Components,USA,Electronics,Power Supply Unit 450W,Retail Operations,90.91,156,14181.96,Net 30,True,False
PO-2026-45299,2026-05-04,2026-05-23,2026-06-05,SUP-029,Great Wall Components,China,Electronics,Connector Kit CK-8,Manufacturing,5.57,3191,17773.87,Net 15,True,False
PO-2026-45287,2026-05-04,2026-05-23,2026-05-23,SUP-028,Summit Components,USA,Electronics,PCB Assembly A-11,R&D,73.73,358,26395.34,Net 30,False,False
PO-2026-45225,2026-05-04,2026-05-24,2026-05-24,SUP-036,Golden Dragon Components,China,Electronics,Power Supply Unit 450W,Retail Operations,102.01,192,19585.92,Net 30,True,False
PO-2026-45213,2026-05-04,2026-05-28,2026-05-28,SUP-028,Summit Components,USA,Electronics,Connector Kit CK-8,R&D,6.17,2492,15375.64,Net 45,True,False
PO-2026-45237,2026-05-04,2026-05-15,2026-05-15,SUP-028,Summit Components,USA,Electronics,PCB Assembly A-11,Field Services,74.26,425,31560.5,Net 60,True,False
PO-2026-45288,2026-05-05,2026-05-23,2026-05-23,SUP-028,Summit Components,USA,Electronics,Sensor Module SM-3,R&D,39.48,618,24398.64,Net 45,True,False
PO-2026-45211,2026-05-05,2026-05-17,2026-05-26,SUP-029,Great Wall Components,China,Electronics,Connector Kit CK-8,Field Services,6.9,1662,11467.8,Net 30,True,False
PO-2026-45229,2026-05-05,2026-05-20,2026-05-20,SUP-028,Summit Components,USA,Electronics,Microcontroller MCU-9,Corporate,10.65,3555,37860.75,Net 15,True,False
PO-2026-45276,2026-05-05,2026-05-25,2026-05-25,SUP-025,Cascade Semitech,USA,Electronics,Sensor Module SM-3,R&D,34.8,203,7064.4,Net 30,True,False
PO-2026-45274,2026-05-05,2026-05-30,2026-05-30,SUP-025,Cascade Semitech,USA,Electronics,Sensor Module SM-3,Manufacturing,35.73,611,21831.03,Net 45,True,False
PO-2026-45327,2026-05-05,2026-05-22,2026-05-22,SUP-028,Summit Components,USA,Electronics,Power Supply Unit 450W,Corporate,103.01,231,23795.31,Net 30,True,False
PO-2026-45324,2026-05-05,2026-05-10,2026-05-10,SUP-028,Summit Components,USA,Electronics,Connector Kit CK-8,Field Services,6.36,4069,25878.84,Net 15,True,False
PO-2026-45271,2026-05-06,2026-06-09,2026-06-09,SUP-035,Pacific Rim Semitech,China,Electronics,Microcontroller MCU-9,Manufacturing,10.87,2044,22218.28,Net 30,True,False
PO-2026-45261,2026-05-06,2026-05-30,2026-05-30,SUP-036,Golden Dragon Components,China,Electronics,PCB Assembly A-11,Retail Operations,69.61,660,45942.6,Net 45,False,False
PO-2026-45256,2026-05-06,2026-06-02,2026-06-02,SUP-027,Golden Dragon Circuits,China,Electronics,Connector Kit CK-8,Retail Operations,6.33,4352,27548.16,Net 30,True,False
PO-2026-45255,2026-05-06,2026-06-07,2026-06-07,SUP-033,Busan Components,South Korea,Electronics,PCB Assembly A-11,Manufacturing,63.48,516,32755.68,Net 30,True,False
PO-2026-45215,2026-05-06,2026-06-09,2026-06-09,SUP-024,Sterling Components,USA,Electronics,Microcontroller MCU-9,Manufacturing,11.15,4378,48814.7,Net 30,True,False
PO-2026-45330,2026-05-06,2026-05-30,2026-05-30,SUP-028,Summit Components,USA,Electronics,Microcontroller MCU-9,Retail Operations,10.93,4010,43829.3,Net 30,False,False
PO-2026-45218,2026-05-07,2026-06-05,2026-06-05,SUP-028,Summit Components,USA,Electronics,Power Supply Unit 450W,Field Services,98.34,106,10424.04,Net 30,False,False
PO-2026-45264,2026-05-07,2026-06-08,2026-06-08,SUP-025,Cascade Semitech,USA,Electronics,Sensor Module SM-3,Corporate,37.2,367,13652.4,Net 45,True,False
PO-2026-45243,2026-05-07,2026-06-02,2026-06-03,SUP-033,Busan Components,South Korea,Electronics,Microcontroller MCU-9,Corporate,8.62,2370,20429.4,Net 30,True,False
PO-2026-45265,2026-05-08,2026-06-04,2026-06-04,SUP-025,Cascade Semitech,USA,Electronics,PCB Assembly A-11,R&D,76.84,393,30198.12,Net 60,True,False
PO-2026-45209,2026-05-08,2026-05-15,2026-05-15,SUP-025,Cascade Semitech,USA,Electronics,Microcontroller MCU-9,R&D,10.44,4172,43555.68,Net 30,False,False
PO-2026-45333,2026-05-08,2026-06-02,2026-06-02,SUP-025,Cascade Semitech,USA,Electronics,Connector Kit CK-8,Manufacturing,6.48,2740,17755.2,Net 45,True,False
PO-2026-45335,2026-05-08,2026-06-04,2026-06-04,SUP-022,Redwood Components,USA,Electronics,Sensor Module SM-3,Field Services,33.55,555,18620.25,Net 30,True,False
PO-2026-45317,2026-05-09,2026-05-29,2026-05-29,SUP-022,Redwood Components,USA,Electronics,Microcontroller MCU-9,Field Services,10.83,2087,22602.21,Net 30,True,False
PO-2026-45334,2026-05-09,2026-05-28,2026-05-28,SUP-022,Redwood Components,USA,Electronics,Sensor Module SM-3,R&D,32.43,447,14496.21,Net 30,True,False
PO-2026-45227,2026-05-09,2026-05-29,2026-05-29,SUP-036,Golden Dragon Components,China,Electronics,PCB Assembly A-11,Manufacturing,77.37,432,33423.84,Net 45,True,False
PO-2026-45342,2026-05-10,2026-06-12,2026-06-12,SUP-028,Summit Components,USA,Electronics,Power Supply Unit 450W,Field Services,94.95,87,8260.65,Net 30,True,False
PO-2026-45280,2026-05-10,2026-06-13,2026-06-13,SUP-033,Busan Components,South Korea,Electronics,PCB Assembly A-11,R&D,63.65,305,19413.25,Net 30,True,False
PO-2026-45259,2026-05-10,2026-05-23,2026-05-23,SUP-034,Pacific Rim Circuits,China,Electronics,Power Supply Unit 450W,Field Services,98.92,175,17311.0,Net 15,False,False
PO-2026-45321,2026-05-11,2026-06-09,2026-06-09,SUP-024,Sterling Components,USA,Electronics,Microcontroller MCU-9,Corporate,11.4,2282,26014.8,Net 60,True,False
PO-2026-45332,2026-05-11,2026-05-25,2026-05-25,SUP-033,Busan Components,South Korea,Electronics,Sensor Module SM-3,R&D,32.44,495,16057.8,Net 60,True,False
PO-2026-45340,2026-05-11,2026-05-31,2026-05-31,SUP-022,Redwood Components,USA,Electronics,Connector Kit CK-8,Manufacturing,6.09,4413,26875.17,Net 30,True,False
PO-2026-45219,2026-05-11,2026-05-27,2026-05-27,SUP-025,Cascade Semitech,USA,Electronics,Connector Kit CK-8,Field Services,6.18,3135,19374.3,Net 60,True,False
PO-2026-45293,2026-05-11,2026-06-03,2026-06-03,SUP-028,Summit Components,USA,Electronics,Power Supply Unit 450W,R&D,95.99,101,9694.99,Net 30,True,False
PO-2026-45285,2026-05-11,2026-05-23,2026-05-30,SUP-029,Great Wall Components,China,Electronics,Power Supply Unit 450W,Corporate,74.13,116,8599.08,Net 30,True,False
PO-2026-45217,2026-05-12,2026-05-23,2026-05-23,SUP-036,Golden Dragon Components,China,Electronics,Connector Kit CK-8,R&D,6.66,1584,10549.44,Net 15,True,False
PO-2026-45270,2026-05-12,2026-05-24,2026-05-24,SUP-033,Busan Components,South Korea,Electronics,Sensor Module SM-3,Manufacturing,30.62,394,12064.28,Net 30,True,False
PO-2026-45282,2026-05-12,2026-06-01,2026-06-01,SUP-028,Summit Components,USA,Electronics,PCB Assembly A-11,Field Services,77.23,433,33440.59,Net 30,False,False
PO-2026-45315,2026-05-13,2026-06-13,2026-06-13,SUP-034,Pacific Rim Circuits,China,Electronics,PCB Assembly A-11,Manufacturing,69.79,474,33080.46,Net 30,True,False
PO-2026-45346,2026-05-13,2026-05-27,2026-05-27,SUP-025,Cascade Semitech,USA,Electronics,Connector Kit CK-8,Retail Operations,6.78,3868,26225.04,Net 30,True,False
PO-2026-45345,2026-05-13,2026-05-18,2026-05-18,SUP-032,Lotus Components,India,Electronics,Microcontroller MCU-9,Retail Operations,9.51,3204,30470.04,Net 15,True,False
PO-2026-45311,2026-05-14,2026-06-05,2026-06-05,SUP-022,Redwood Components,USA,Electronics,Power Supply Unit 450W,Retail Operations,84.38,161,13585.18,Net 30,True,False
PO-2026-45200,2026-05-14,2026-06-05,2026-06-12,SUP-029,Great Wall Components,China,Electronics,PCB Assembly A-11,Field Services,70.87,253,17930.11,Net 30,True,False
PO-2026-45234,2026-05-14,2026-05-23,2026-05-24,SUP-025,Cascade Semitech,USA,Electronics,Sensor Module SM-3,Field Services,36.69,350,12841.5,Net 30,False,False
PO-2026-45336,2026-05-14,2026-05-21,2026-05-21,SUP-035,Pacific Rim Semitech,China,Electronics,Connector Kit CK-8,Field Services,5.84,2941,17175.44,Net 60,True,False
PO-2026-45236,2026-05-15,2026-06-04,2026-06-12,SUP-029,Great Wall Components,China,Electronics,Microcontroller MCU-9,Retail Operations,12.1,1723,20848.3,Net 30,True,False
PO-2026-45233,2026-05-15,2026-05-30,2026-06-14,SUP-029,Great Wall Components,China,Electronics,Connector Kit CK-8,Manufacturing,6.86,4254,29182.44,Net 45,True,False
PO-2026-45252,2026-05-15,2026-05-24,2026-06-01,SUP-032,Lotus Components,India,Electronics,Power Supply Unit 450W,Field Services,81.25,161,13081.25,Net 45,False,False
PO-2026-45204,2026-05-15,2026-06-12,2026-06-12,SUP-028,Summit Components,USA,Electronics,Sensor Module SM-3,Corporate,31.37,598,18759.26,Net 30,True,False
PO-2026-45223,2026-05-15,2026-06-12,2026-06-12,SUP-026,Great Wall Circuits,China,Electronics,Sensor Module SM-3,R&D,36.62,264,9667.68,Net 45,True,False
PO-2026-45344,2026-05-15,2026-05-31,2026-05-31,SUP-025,Cascade Semitech,USA,Electronics,Microcontroller MCU-9,R&D,11.82,1710,20212.2,Net 45,True,False
PO-2026-45328,2026-05-16,2026-05-22,2026-05-22,SUP-024,Sterling Components,USA,Electronics,Power Supply Unit 450W,R&D,88.44,53,4687.32,Net 45,False,False
PO-2026-45257,2026-05-16,2026-05-23,2026-05-23,SUP-036,Golden Dragon Components,China,Electronics,Sensor Module SM-3,Corporate,37.0,503,18611.0,Net 30,True,False
PO-2026-45347,2026-05-16,2026-05-23,2026-05-23,SUP-036,Golden Dragon Components,China,Electronics,Power Supply Unit 450W,Corporate,102.86,178,18309.08,Net 30,True,False
PO-2026-45283,2026-05-16,2026-06-05,2026-06-05,SUP-032,Lotus Components,India,Electronics,Sensor Module SM-3,Manufacturing,31.96,339,10834.44,Net 15,True,False
PO-2026-45296,2026-05-16,2026-06-14,2026-06-14,SUP-032,Lotus Components,India,Electronics,Connector Kit CK-8,R&D,5.59,3888,21733.92,Net 30,True,False
PO-2026-45290,2026-05-16,2026-06-06,2026-06-06,SUP-028,Summit Components,USA,Electronics,Microcontroller MCU-9,Corporate,11.65,4136,48184.4,Net 45,True,False
PO-2026-45232,2026-05-17,2026-05-27,2026-05-27,SUP-033,Busan Components,South Korea,Electronics,PCB Assembly A-11,Manufacturing,62.19,422,26244.18,Net 30,True,False
PO-2026-45300,2026-05-17,2026-05-23,2026-05-23,SUP-028,Summit Components,USA,Electronics,Connector Kit CK-8,Manufacturing,6.54,2575,16840.5,Net 45,True,False
PO-2026-45319,2026-05-17,2026-05-23,2026-05-23,SUP-028,Summit Components,USA,Electronics,Connector Kit CK-8,Corporate,5.99,3910,23420.9,Net 60,True,False
PO-2026-45339,2026-05-18,2026-06-03,2026-06-03,SUP-023,Schwarzwald Circuits,Germany,Electronics,PCB Assembly A-11,Manufacturing,65.36,252,16470.72,Net 60,True,False
PO-2026-45235,2026-05-18,2026-06-10,2026-06-10,SUP-032,Lotus Components,India,Electronics,Connector Kit CK-8,Field Services,5.43,4074,22121.82,Net 30,True,False
PO-2026-45206,2026-05-18,2026-06-02,2026-06-02,SUP-036,Golden Dragon Components,China,Electronics,Connector Kit CK-8,Retail Operations,6.7,3445,23081.5,Net 30,True,False
PO-2026-45208,2026-05-18,2026-06-03,2026-06-03,SUP-025,Cascade Semitech,USA,Electronics,Microcontroller MCU-9,Field Services,11.4,2452,27952.8,Net 30,True,False
PO-2026-45308,2026-05-18,2026-06-13,2026-06-13,SUP-034,Pacific Rim Circuits,China,Electronics,Sensor Module SM-3,Corporate,37.33,832,31058.56,Net 45,True,False
PO-2026-45216,2026-05-18,2026-06-13,2026-06-13,SUP-028,Summit Components,USA,Electronics,Microcontroller MCU-9,R&D,10.36,1463,15156.68,Net 60,True,False
PO-2026-45318,2026-05-18,2026-06-13,2026-06-13,SUP-028,Summit Components,USA,Electronics,PCB Assembly A-11,Corporate,74.84,193,14444.12,Net 30,True,False
PO-2026-45294,2026-05-18,2026-05-25,2026-05-25,SUP-022,Redwood Components,USA,Electronics,Sensor Module SM-3,Manufacturing,34.58,443,15318.94,Net 60,True,False
PO-2026-45201,2026-05-19,2026-06-11,2026-06-11,SUP-033,Busan Components,South Korea,Electronics,Microcontroller MCU-9,Retail Operations,9.97,3375,33648.75,Net 45,True,False
PO-2026-45279,2026-05-19,2026-05-25,2026-05-25,SUP-024,Sterling Components,USA,Electronics,Power Supply Unit 450W,Field Services,100.1,193,19319.3,Net 60,True,False
PO-2026-45272,2026-05-19,2026-06-06,2026-06-07,SUP-036,Golden Dragon Components,China,Electronics,Sensor Module SM-3,Retail Operations,40.74,461,18781.14,Net 45,True,False
PO-2026-45245,2026-05-19,2026-05-27,2026-06-13,SUP-029,Great Wall Components,China,Electronics,Sensor Module SM-3,Corporate,36.49,631,23025.19,Net 30,True,True
PO-2026-45249,2026-05-19,2026-06-20,2026-06-20,SUP-028,Summit Components,USA,Electronics,Microcontroller MCU-9,Corporate,11.3,3314,37448.2,Net 15,True,False
PO-2026-45316,2026-05-19,2026-06-05,2026-06-05,SUP-036,Golden Dragon Components,China,Electronics,PCB Assembly A-11,Manufacturing,82.23,173,14225.79,Net 30,True,False
PO-2026-45275,2026-05-19,2026-05-24,2026-05-24,SUP-025,Cascade Semitech,USA,Electronics,Power Supply Unit 450W,Corporate,99.79,95,9480.05,Net 30,True,False
PO-2026-45224,2026-05-20,2026-06-22,2026-06-22,SUP-034,Pacific Rim Circuits,China,Electronics,Connector Kit CK-8,R&D,6.06,5247,31796.82,Net 60,False,False
PO-2026-45306,2026-05-20,2026-06-16,2026-06-16,SUP-025,Cascade Semitech,USA,Electronics,Microcontroller MCU-9,Field Services,11.37,2785,31665.45,Net 45,True,False
PO-2026-45266,2026-05-20,2026-06-10,2026-06-10,SUP-025,Cascade Semitech,USA,Electronics,Power Supply Unit 450W,Corporate,94.91,161,15280.51,Net 15,True,False
PO-2026-45320,2026-05-21,2026-06-19,2026-06-19,SUP-035,Pacific Rim Semitech,China,Electronics,Power Supply Unit 450W,R&D,89.12,214,19071.68,Net 45,True,False
PO-2026-45246,2026-05-21,2026-06-16,2026-06-17,SUP-028,Summit Components,USA,Electronics,PCB Assembly A-11,Manufacturing,73.59,602,44301.18,Net 30,True,False
PO-2026-45205,2026-05-21,2026-06-20,2026-06-20,SUP-032,Lotus Components,India,Electronics,Power Supply Unit 450W,Manufacturing,89.21,99,8831.79,Net 15,True,False
PO-2026-45326,2026-05-21,2026-05-27,2026-05-27,SUP-031,Hanseatic Circuits,Germany,Electronics,Power Supply Unit 450W,R&D,86.74,157,13618.18,Net 30,True,False
PO-2026-45325,2026-05-21,2026-05-29,2026-06-12,SUP-029,Great Wall Components,China,Electronics,Microcontroller MCU-9,Field Services,10.11,1942,19633.62,Net 30,True,False
PO-2026-45301,2026-05-21,2026-06-20,2026-06-20,SUP-036,Golden Dragon Components,China,Electronics,PCB Assembly A-11,R&D,80.54,669,53881.26,Net 60,True,False
PO-2026-45337,2026-05-21,2026-06-20,2026-06-20,SUP-028,Summit Components,USA,Electronics,PCB Assembly A-11,Corporate,76.21,308,23472.68,Net 30,True,False
PO-2026-45230,2026-05-21,2026-05-31,2026-05-31,SUP-034,Pacific Rim Circuits,China,Electronics,Connector Kit CK-8,R&D,6.03,3546,21382.38,Net 30,True,False
PO-2026-45304,2026-05-21,2026-06-05,2026-06-05,SUP-024,Sterling Components,USA,Electronics,Sensor Module SM-3,Manufacturing,32.6,384,12518.4,Net 30,True,False
PO-2026-45302,2026-05-21,2026-06-24,2026-06-26,SUP-028,Summit Components,USA,Electronics,Power Supply Unit 450W,R&D,92.8,96,8908.8,Net 30,False,False
PO-2026-45307,2026-05-22,2026-06-24,2026-06-24,SUP-028,Summit Components,USA,Electronics,Power Supply Unit 450W,Manufacturing,93.01,147,13672.47,Net 45,True,False
PO-2026-45348,2026-05-22,2026-05-31,2026-05-31,SUP-032,Lotus Components,India,Electronics,PCB Assembly A-11,R&D,59.91,633,37923.03,Net 45,False,False
PO-2026-45248,2026-05-22,2026-05-28,2026-05-28,SUP-028,Summit Components,USA,Electronics,Power Supply Unit 450W,Corporate,101.54,174,17667.96,Net 30,True,False
PO-2026-45314,2026-05-23,2026-06-09,2026-06-11,SUP-025,Cascade Semitech,USA,Electronics,Power Supply Unit 450W,Field Services,99.94,55,5496.7,Net 45,True,False
PO-2026-45303,2026-05-23,2026-06-19,2026-06-19,SUP-028,Summit Components,USA,Electronics,Connector Kit CK-8,Retail Operations,6.52,3755,24482.6,Net 30,True,False
PO-2026-45263,2026-05-23,2026-06-19,2026-06-26,SUP-029,Great Wall Components,China,Electronics,Power Supply Unit 450W,Retail Operations,101.97,131,13358.07,Net 30,True,False
PO-2026-45239,2026-05-23,2026-06-11,2026-06-11,SUP-022,Redwood Components,USA,Electronics,Power Supply Unit 450W,Field Services,88.32,231,20401.92,Net 30,True,False
PO-2026-45220,2026-05-23,2026-06-01,2026-06-04,SUP-028,Summit Components,USA,Electronics,PCB Assembly A-11,Field Services,75.12,322,24188.64,Net 60,True,False
PO-2026-45226,2026-05-23,2026-05-30,2026-05-30,SUP-022,Redwood Components,USA,Electronics,Microcontroller MCU-9,R&D,10.05,4397,44189.85,Net 60,True,False
PO-2026-45260,2026-05-24,2026-06-24,2026-06-24,SUP-032,Lotus Components,India,Electronics,PCB Assembly A-11,Field Services,65.06,569,37019.14,Net 30,True,False
PO-2026-45207,2026-05-24,2026-06-24,2026-06-24,SUP-036,Golden Dragon Components,China,Electronics,PCB Assembly A-11,Field Services,73.88,175,12929.0,Net 30,False,False
PO-2026-45295,2026-05-24,2026-06-19,2026-06-19,SUP-025,Cascade Semitech,USA,Electronics,Connector Kit CK-8,Manufacturing,6.18,1848,11420.64,Net 15,True,False
PO-2026-45244,2026-05-24,2026-06-10,2026-06-10,SUP-033,Busan Components,South Korea,Electronics,Power Supply Unit 450W,Retail Operations,85.15,183,15582.45,Net 60,True,False
PO-2026-45292,2026-05-25,2026-06-26,2026-06-26,SUP-028,Summit Components,USA,Electronics,Connector Kit CK-8,R&D,6.23,3373,21013.79,Net 30,True,False
PO-2026-45341,2026-05-25,2026-06-26,2026-06-26,SUP-025,Cascade Semitech,USA,Electronics,Microcontroller MCU-9,R&D,11.59,3185,36914.15,Net 60,True,False
PO-2026-45278,2026-05-25,2026-06-13,2026-06-13,SUP-028,Summit Components,USA,Electronics,PCB Assembly A-11,Manufacturing,70.86,413,29265.18,Net 45,True,False
PO-2026-45268,2026-05-25,2026-06-01,2026-06-01,SUP-034,Pacific Rim Circuits,China,Electronics,Microcontroller MCU-9,Manufacturing,10.47,2870,30048.9,Net 30,True,False
PO-2026-45291,2026-05-25,2026-06-03,2026-06-03,SUP-022,Redwood Components,USA,Electronics,Sensor Module SM-3,Manufacturing,32.38,513,16610.94,Net 45,True,False
PO-2026-45262,2026-05-25,2026-06-26,2026-06-26,SUP-024,Sterling Components,USA,Electronics,PCB Assembly A-11,Manufacturing,79.45,594,47193.3,Net 30,True,False
PO-2026-45231,2026-05-25,2026-05-31,2026-06-04,SUP-029,Great Wall Components,China,Electronics,Sensor Module SM-3,R&D,33.51,487,16319.37,Net 45,True,False
PO-2026-45313,2026-05-26,2026-06-17,2026-06-20,SUP-029,Great Wall Components,China,Electronics,Power Supply Unit 450W,Field Services,97.34,134,13043.56,Net 60,True,False
PO-2026-45221,2026-05-27,2026-06-18,2026-07-02,SUP-029,Great Wall Components,China,Electronics,Sensor Module SM-3,Retail Operations,34.04,557,18960.28,Net 45,True,False
PO-2026-45222,2026-05-27,2026-06-13,2026-06-13,SUP-032,Lotus Components,India,Electronics,Sensor Module SM-3,Field Services,28.55,793,22640.15,Net 30,True,False
PO-2026-45338,2026-05-27,2026-06-18,2026-06-18,SUP-034,Pacific Rim Circuits,China,Electronics,PCB Assembly A-11,Manufacturing,72.73,5,363.65,Net 45,True,False
PO-2026-45277,2026-05-27,2026-06-30,2026-06-30,SUP-024,Sterling Components,USA,Electronics,Connector Kit CK-8,Retail Operations,6.57,3014,19801.98,Net 45,True,True
PO-2026-45258,2026-05-28,2026-06-11,2026-06-26,SUP-029,Great Wall Components,China,Electronics,PCB Assembly A-11,Corporate,60.39,627,37864.53,Net 60,True,False
PO-2026-45240,2026-05-28,2026-06-07,2026-06-07,SUP-036,Golden Dragon Components,China,Electronics,Microcontroller MCU-9,Corporate,12.05,1963,23654.15,Net 45,True,False
PO-2026-45273,2026-05-28,2026-06-16,2026-06-16,SUP-034,Pacific Rim Circuits,China,Electronics,Microcontroller MCU-9,Field Services,10.29,2465,25364.85,Net 60,False,False
PO-2026-45305,2026-05-28,2026-06-03,2026-06-03,SUP-025,Cascade Semitech,USA,Electronics,Sensor Module SM-3,Manufacturing,34.68,619,21466.92,Net 30,True,False
PO-2026-45323,2026-05-28,2026-06-17,2026-06-17,SUP-032,Lotus Components,India,Electronics,PCB Assembly A-11,Field Services,67.99,592,40250.08,Net 60,True,False
PO-2026-45329,2026-05-28,2026-06-10,2026-06-10,SUP-028,Summit Components,USA,Electronics,Connector Kit CK-8,R&D,6.38,2465,15726.7,Net 30,True,False
PO-2026-45286,2026-05-28,2026-06-14,2026-06-14,SUP-034,Pacific Rim Circuits,China,Electronics,PCB Assembly A-11,Field Services,71.45,202,14432.9,Net 30,False,False
PO-2026-45203,2026-05-28,2026-06-16,2026-06-16,SUP-025,Cascade Semitech,USA,Electronics,PCB Assembly A-11,Field Services,78.14,404,31568.56,Net 30,True,False
PO-2026-45253,2026-05-29,2026-06-11,2026-06-11,SUP-036,Golden Dragon Components,China,Electronics,Microcontroller MCU-9,Retail Operations,11.46,2940,33692.4,Net 45,True,False
PO-2026-45254,2026-05-29,2026-06-28,2026-06-28,SUP-028,Summit Components,USA,Electronics,Power Supply Unit 450W,Corporate,92.67,154,14271.18,Net 30,True,False
PO-2026-45331,2026-05-29,2026-06-30,2026-06-30,SUP-034,Pacific Rim Circuits,China,Electronics,PCB Assembly A-11,R&D,72.49,167,12105.83,Net 30,False,False
PO-2026-45228,2026-05-29,2026-06-19,2026-06-19,SUP-033,Busan Components,South Korea,Electronics,Connector Kit CK-8,Corporate,5.76,4067,23425.92,Net 30,True,False
PO-2026-45251,2026-05-29,2026-06-07,2026-06-07,SUP-025,Cascade Semitech,USA,Electronics,PCB Assembly A-11,Retail Operations,74.22,658,48836.76,Net 30,True,False
PO-2026-45199,2026-05-29,2026-06-11,2026-06-11,SUP-028,Summit Components,USA,Electronics,Sensor Module SM-3,Retail Operations,33.86,589,19943.54,Net 30,True,False
PO-2026-45242,2026-05-29,2026-06-27,2026-06-27,SUP-022,Redwood Components,USA,Electronics,Sensor Module SM-3,Field Services,33.84,837,28324.08,Net 30,True,False
PO-2026-45312,2026-05-30,2026-06-15,2026-06-15,SUP-028,Summit Components,USA,Electronics,Microcontroller MCU-9,Field Services,11.94,3280,39163.2,Net 60,True,False
PO-2026-45289,2026-05-30,2026-06-06,2026-06-06,SUP-032,Lotus Components,India,Electronics,PCB Assembly A-11,Retail Operations,64.35,526,33848.1,Net 45,True,False
PO-2026-45198,2026-05-31,2026-06-16,2026-06-16,SUP-026,Great Wall Circuits,China,Electronics,Microcontroller MCU-9,R&D,11.75,3098,36401.5,Net 30,False,False
PO-2026-45343,2026-05-31,2026-06-27,2026-06-27,SUP-034,Pacific Rim Circuits,China,Electronics,Power Supply Unit 450W,R&D,96.17,120,11540.4,Net 30,True,False
PO-2026-45297,2026-05-31,2026-06-16,2026-06-16,SUP-024,Sterling Components,USA,Electronics,Microcontroller MCU-9,Retail Operations,10.25,2558,26219.5,Net 30,True,False
PO-2026-45284,2026-05-31,2026-07-02,2026-07-02,SUP-033,Busan Components,South Korea,Electronics,Microcontroller MCU-9,Corporate,9.92,3564,35354.88,Net 30,True,False
PO-2026-45269,2026-05-31,2026-06-18,2026-06-18,SUP-032,Lotus Components,India,Electronics,Power Supply Unit 450W,Corporate,82.8,165,13662.0,Net 60,True,False
PO-2026-45267,2026-05-31,2026-07-01,2026-07-01,SUP-032,Lotus Components,India,Electronics,Sensor Module SM-3,Field Services,31.09,882,27421.38,Net 45,True,False
PO-2026-45238,2026-05-31,2026-06-19,2026-07-02,SUP-029,Great Wall Components,China,Electronics,Microcontroller MCU-9,R&D,12.73,1978,25179.94,Net 60,True,False
PO-2026-45212,2026-05-31,2026-06-28,2026-06-30,SUP-035,Pacific Rim Semitech,China,Electronics,Sensor Module SM-3,Retail Operations,32.61,236,7695.96,Net 30,True,False
PO-2026-46430,2026-06-01,2026-06-09,2026-06-09,SUP-022,Redwood Components,USA,Electronics,Power Supply Unit 450W,R&D,79.0,214,16906.0,Net 30,False,False
PO-2026-46380,2026-06-01,2026-07-01,2026-07-01,SUP-024,Sterling Components,USA,Electronics,Power Supply Unit 450W,Corporate,94.19,100,9419.0,Net 60,True,False
PO-2026-46304,2026-06-01,2026-07-03,2026-07-03,SUP-035,Pacific Rim Semitech,China,Electronics,Sensor Module SM-3,Manufacturing,32.28,543,17528.04,Net 45,True,False
PO-2026-46293,2026-06-01,2026-07-04,2026-07-04,SUP-036,Golden Dragon Components,China,Electronics,Microcontroller MCU-9,R&D,11.89,3522,41876.58,Net 30,True,False
PO-2026-46350,2026-06-02,2026-06-08,2026-06-08,SUP-025,Cascade Semitech,USA,Electronics,Sensor Module SM-3,Corporate,33.34,666,22204.44,Net 30,True,False
PO-2026-46363,2026-06-02,2026-06-08,2026-06-08,SUP-036,Golden Dragon Components,China,Electronics,Power Supply Unit 450W,Retail Operations,100.73,142,14303.66,Net 30,False,False
PO-2026-46334,2026-06-02,2026-06-28,2026-06-30,SUP-036,Golden Dragon Components,China,Electronics,PCB Assembly A-11,Field Services,82.38,294,24219.72,Net 60,True,False
PO-2026-46343,2026-06-02,2026-07-03,2026-07-03,SUP-028,Summit Components,USA,Electronics,Connector Kit CK-8,Retail Operations,6.36,3726,23697.36,Net 30,True,False
PO-2026-46325,2026-06-02,2026-06-13,2026-06-13,SUP-035,Pacific Rim Semitech,China,Electronics,Power Supply Unit 450W,Corporate,92.27,137,12640.99,Net 45,True,False
PO-2026-46383,2026-06-02,2026-07-04,2026-07-04,SUP-031,Hanseatic Circuits,Germany,Electronics,Microcontroller MCU-9,R&D,9.49,4434,42078.66,Net 60,True,False
PO-2026-46369,2026-06-02,2026-06-08,2026-06-08,SUP-034,Pacific Rim Circuits,China,Electronics,Connector Kit CK-8,Retail Operations,6.14,1542,9467.88,Net 30,True,False
PO-2026-46388,2026-06-02,2026-06-26,2026-06-26,SUP-028,Summit Components,USA,Electronics,Power Supply Unit 450W,Field Services,86.27,194,16736.38,Net 60,True,False
PO-2026-46395,2026-06-03,2026-06-09,2026-06-09,SUP-028,Summit Components,USA,Electronics,Connector Kit CK-8,Field Services,6.78,732,4962.96,Net 30,True,False
PO-2026-46320,2026-06-04,2026-06-16,2026-06-16,SUP-028,Summit Components,USA,Electronics,Power Supply Unit 450W,Retail Operations,91.63,89,8155.07,Net 45,True,False
PO-2026-46386,2026-06-04,2026-06-20,2026-06-20,SUP-034,Pacific Rim Circuits,China,Electronics,Sensor Module SM-3,Retail Operations,36.21,590,21363.9,Net 30,True,False
PO-2026-46411,2026-06-05,2026-07-07,2026-07-07,SUP-025,Cascade Semitech,USA,Electronics,Power Supply Unit 450W,Retail Operations,97.32,158,15376.56,Net 45,True,False
PO-2026-46385,2026-06-05,2026-07-04,2026-07-04,SUP-024,Sterling Components,USA,Electronics,Microcontroller MCU-9,Retail Operations,11.44,2031,23234.64,Net 60,True,False
PO-2026-46367,2026-06-05,2026-07-08,2026-07-08,SUP-022,Redwood Components,USA,Electronics,Microcontroller MCU-9,Corporate,10.71,1488,15936.48,Net 45,True,False
PO-2026-46434,2026-06-05,2026-07-02,2026-07-02,SUP-033,Busan Components,South Korea,Electronics,Sensor Module SM-3,Field Services,30.1,615,18511.5,Net 60,True,False
PO-2026-46429,2026-06-05,2026-06-21,2026-06-21,SUP-028,Summit Components,USA,Electronics,Sensor Module SM-3,Field Services,35.51,758,26916.58,Net 45,True,False
PO-2026-46331,2026-06-06,2026-07-01,2026-07-01,SUP-025,Cascade Semitech,USA,Electronics,PCB Assembly A-11,Retail Operations,74.96,432,32382.72,Net 45,True,False
PO-2026-46351,2026-06-06,2026-07-04,2026-07-12,SUP-029,Great Wall Components,China,Electronics,Connector Kit CK-8,Manufacturing,6.58,1717,11297.86,Net 30,True,False
PO-2026-46435,2026-06-06,2026-07-07,2026-07-07,SUP-032,Lotus Components,India,Electronics,Power Supply Unit 450W,Corporate,80.86,214,17304.04,Net 45,True,False
PO-2026-46415,2026-06-06,2026-06-30,2026-06-30,SUP-034,Pacific Rim Circuits,China,Electronics,Power Supply Unit 450W,Corporate,90.33,116,10478.28,Net 30,True,False
PO-2026-46353,2026-06-07,2026-07-11,2026-07-11,SUP-033,Busan Components,South Korea,Electronics,Connector Kit CK-8,R&D,5.34,1563,8346.42,Net 30,True,False
PO-2026-46359,2026-06-07,2026-06-26,2026-06-26,SUP-034,Pacific Rim Circuits,China,Electronics,Power Supply Unit 450W,R&D,101.79,178,18118.62,Net 30,False,False
PO-2026-46396,2026-06-08,2026-06-30,2026-07-03,SUP-032,Lotus Components,India,Electronics,Power Supply Unit 450W,Retail Operations,84.96,207,17586.72,Net 45,True,False
PO-2026-46422,2026-06-08,2026-06-22,2026-07-05,SUP-029,Great Wall Components,China,Electronics,Connector Kit CK-8,Corporate,7.83,2612,20451.96,Net 60,True,False
PO-2026-46382,2026-06-08,2026-06-26,2026-06-26,SUP-024,Sterling Components,USA,Electronics,Microcontroller MCU-9,Retail Operations,11.08,1717,19024.36,Net 30,True,False
PO-2026-46407,2026-06-08,2026-06-20,2026-06-25,SUP-034,Pacific Rim Circuits,China,Electronics,PCB Assembly A-11,R&D,74.1,490,36309.0,Net 30,True,False
PO-2026-46428,2026-06-09,2026-06-18,2026-06-18,SUP-034,Pacific Rim Circuits,China,Electronics,Connector Kit CK-8,Retail Operations,6.39,4566,29176.74,Net 45,True,False
PO-2026-46373,2026-06-09,2026-07-08,2026-07-08,SUP-034,Pacific Rim Circuits,China,Electronics,Microcontroller MCU-9,Retail Operations,11.22,2502,28072.44,Net 30,False,False
PO-2026-46301,2026-06-09,2026-07-05,2026-07-05,SUP-028,Summit Components,USA,Electronics,PCB Assembly A-11,Corporate,77.75,30,2332.5,Net 45,False,False
PO-2026-46321,2026-06-09,2026-06-19,2026-06-19,SUP-035,Pacific Rim Semitech,China,Electronics,PCB Assembly A-11,Field Services,71.94,310,22301.4,Net 45,True,False
PO-2026-46345,2026-06-09,2026-06-25,2026-06-25,SUP-034,Pacific Rim Circuits,China,Electronics,Microcontroller MCU-9,R&D,10.93,542,5924.06,Net 60,True,False
PO-2026-46341,2026-06-09,2026-06-25,2026-06-25,SUP-034,Pacific Rim Circuits,China,Electronics,Connector Kit CK-8,Corporate,5.88,3941,23173.08,Net 45,True,False
PO-2026-46416,2026-06-10,2026-07-01,2026-07-02,SUP-025,Cascade Semitech,USA,Electronics,Microcontroller MCU-9,Field Services,11.41,3455,39421.55,Net 30,False,False
PO-2026-46427,2026-06-10,2026-07-07,2026-07-07,SUP-028,Summit Components,USA,Electronics,PCB Assembly A-11,Manufacturing,67.56,361,24389.16,Net 60,True,False
PO-2026-46303,2026-06-10,2026-07-10,2026-07-10,SUP-036,Golden Dragon Components,China,Electronics,PCB Assembly A-11,R&D,70.5,695,48997.5,Net 30,True,False
PO-2026-46311,2026-06-10,2026-07-01,2026-07-01,SUP-035,Pacific Rim Semitech,China,Electronics,Sensor Module SM-3,Corporate,33.75,337,11373.75,Net 60,True,False
PO-2026-46368,2026-06-10,2026-07-05,2026-07-05,SUP-033,Busan Components,South Korea,Electronics,PCB Assembly A-11,R&D,64.5,627,40441.5,Net 30,True,False
PO-2026-46378,2026-06-10,2026-06-29,2026-06-29,SUP-032,Lotus Components,India,Electronics,Connector Kit CK-8,Manufacturing,5.66,4335,24536.1,Net 45,False,False
PO-2026-46292,2026-06-10,2026-07-08,2026-07-08,SUP-036,Golden Dragon Components,China,Electronics,Sensor Module SM-3,Manufacturing,35.44,779,27607.76,Net 45,True,False
PO-2026-46366,2026-06-10,2026-06-21,2026-06-21,SUP-032,Lotus Components,India,Electronics,Sensor Module SM-3,Corporate,28.99,659,19104.41,Net 30,True,False
PO-2026-46398,2026-06-10,2026-07-14,2026-07-29,SUP-029,Great Wall Components,China,Electronics,Sensor Module SM-3,Manufacturing,39.97,598,23902.06,Net 15,True,False
PO-2026-46348,2026-06-11,2026-06-26,2026-06-26,SUP-033,Busan Components,South Korea,Electronics,Power Supply Unit 450W,Corporate,82.16,57,4683.12,Net 45,True,False
PO-2026-46420,2026-06-11,2026-07-04,2026-07-04,SUP-022,Redwood Components,USA,Electronics,Power Supply Unit 450W,Field Services,89.73,136,12203.28,Net 30,True,False
PO-2026-46309,2026-06-11,2026-07-11,2026-07-11,SUP-036,Golden Dragon Components,China,Electronics,Power Supply Unit 450W,Corporate,98.29,255,25063.95,Net 30,True,False
PO-2026-46424,2026-06-11,2026-07-03,2026-07-03,SUP-036,Golden Dragon Components,China,Electronics,Microcontroller MCU-9,Corporate,11.65,2537,29556.05,Net 30,True,False
PO-2026-46298,2026-06-12,2026-07-02,2026-07-07,SUP-029,Great Wall Components,China,Electronics,PCB Assembly A-11,R&D,66.36,325,21567.0,Net 15,True,False
PO-2026-46339,2026-06-12,2026-07-15,2026-07-15,SUP-033,Busan Components,South Korea,Electronics,PCB Assembly A-11,R&D,61.97,393,24354.21,Net 30,True,False
PO-2026-46372,2026-06-12,2026-06-19,2026-06-19,SUP-022,Redwood Components,USA,Electronics,Connector Kit CK-8,R&D,6.05,3231,19547.55,Net 60,False,False
PO-2026-46431,2026-06-12,2026-06-29,2026-06-29,SUP-025,Cascade Semitech,USA,Electronics,Sensor Module SM-3,Retail Operations,36.63,340,12454.2,Net 30,True,False
PO-2026-46425,2026-06-12,2026-06-28,2026-06-28,SUP-025,Cascade Semitech,USA,Electronics,Sensor Module SM-3,R&D,37.22,823,30632.06,Net 45,True,False
PO-2026-46406,2026-06-12,2026-06-21,2026-06-21,SUP-024,Sterling Components,USA,Electronics,Sensor Module SM-3,Retail Operations,37.38,387,14466.06,Net 15,True,False
PO-2026-46357,2026-06-13,2026-06-28,2026-06-28,SUP-028,Summit Components,USA,Electronics,Connector Kit CK-8,Manufacturing,6.91,3086,21324.26,Net 60,True,False
PO-2026-46419,2026-06-13,2026-06-24,2026-06-24,SUP-035,Pacific Rim Semitech,China,Electronics,Power Supply Unit 450W,R&D,86.3,144,12427.2,Net 45,True,False
PO-2026-46397,2026-06-13,2026-07-05,2026-07-05,SUP-022,Redwood Components,USA,Electronics,PCB Assembly A-11,Field Services,75.69,488,36936.72,Net 30,True,False
PO-2026-46335,2026-06-14,2026-07-16,2026-07-16,SUP-024,Sterling Components,USA,Electronics,PCB Assembly A-11,Manufacturing,81.17,406,32955.02,Net 60,True,False
PO-2026-46318,2026-06-14,2026-07-09,2026-07-09,SUP-028,Summit Components,USA,Electronics,PCB Assembly A-11,Retail Operations,78.63,621,48829.23,Net 30,True,False
PO-2026-46374,2026-06-14,2026-07-04,2026-07-04,SUP-028,Summit Components,USA,Electronics,PCB Assembly A-11,Retail Operations,80.17,437,35034.29,Net 45,True,False
PO-2026-46393,2026-06-14,2026-06-22,2026-06-22,SUP-025,Cascade Semitech,USA,Electronics,PCB Assembly A-11,R&D,80.29,304,24408.16,Net 60,False,False
PO-2026-46379,2026-06-15,2026-06-29,2026-06-29,SUP-028,Summit Components,USA,Electronics,PCB Assembly A-11,Field Services,77.44,324,25090.56,Net 45,True,False
PO-2026-46313,2026-06-15,2026-07-04,2026-07-04,SUP-032,Lotus Components,India,Electronics,Microcontroller MCU-9,Manufacturing,9.54,2817,26874.18,Net 60,True,False
PO-2026-46295,2026-06-16,2026-07-16,2026-07-16,SUP-036,Golden Dragon Components,China,Electronics,Power Supply Unit 450W,R&D,94.47,125,11808.75,Net 30,True,False
PO-2026-46404,2026-06-16,2026-07-18,2026-07-18,SUP-036,Golden Dragon Components,China,Electronics,Power Supply Unit 450W,Corporate,103.68,189,19595.52,Net 45,True,False
PO-2026-46433,2026-06-16,2026-06-22,2026-06-22,SUP-024,Sterling Components,USA,Electronics,Connector Kit CK-8,Manufacturing,7.09,3652,25892.68,Net 30,True,False
PO-2026-46344,2026-06-16,2026-06-25,2026-06-25,SUP-022,Redwood Components,USA,Electronics,PCB Assembly A-11,R&D,68.59,411,28190.49,Net 30,True,False
PO-2026-46314,2026-06-16,2026-06-24,2026-06-24,SUP-028,Summit Components,USA,Electronics,PCB Assembly A-11,Field Services,75.86,175,13275.5,Net 60,True,False
PO-2026-46310,2026-06-17,2026-07-19,2026-07-19,SUP-034,Pacific Rim Circuits,China,Electronics,Connector Kit CK-8,Corporate,6.38,1865,11898.7,Net 60,True,False
PO-2026-46297,2026-06-17,2026-06-24,2026-06-24,SUP-035,Pacific Rim Semitech,China,Electronics,Sensor Module SM-3,Manufacturing,34.38,806,27710.28,Net 30,False,False
PO-2026-46371,2026-06-17,2026-06-22,2026-06-22,SUP-034,Pacific Rim Circuits,China,Electronics,Power Supply Unit 450W,R&D,98.13,138,13541.94,Net 45,True,False
PO-2026-46400,2026-06-17,2026-07-17,2026-07-17,SUP-034,Pacific Rim Circuits,China,Electronics,Power Supply Unit 450W,Manufacturing,93.78,80,7502.4,Net 45,True,False
PO-2026-46423,2026-06-17,2026-07-18,2026-07-21,SUP-034,Pacific Rim Circuits,China,Electronics,Sensor Module SM-3,Field Services,33.67,669,22525.23,Net 30,True,False
PO-2026-46384,2026-06-18,2026-06-28,2026-06-28,SUP-023,Schwarzwald Circuits,Germany,Electronics,Connector Kit CK-8,Corporate,5.56,2386,13266.16,Net 45,True,False
PO-2026-46364,2026-06-18,2026-06-26,2026-06-26,SUP-033,Busan Components,South Korea,Electronics,Connector Kit CK-8,R&D,5.77,4608,26588.16,Net 60,True,False
PO-2026-46299,2026-06-18,2026-07-06,2026-07-06,SUP-032,Lotus Components,India,Electronics,Sensor Module SM-3,Retail Operations,31.6,465,14694.0,Net 60,True,False
PO-2026-46306,2026-06-18,2026-07-03,2026-07-03,SUP-028,Summit Components,USA,Electronics,Power Supply Unit 450W,Manufacturing,93.77,61,5719.97,Net 30,True,False
PO-2026-46326,2026-06-19,2026-07-04,2026-07-24,SUP-029,Great Wall Components,China,Electronics,PCB Assembly A-11,R&D,61.91,397,24578.27,Net 45,True,False
PO-2026-46316,2026-06-19,2026-06-25,2026-06-25,SUP-028,Summit Components,USA,Electronics,Microcontroller MCU-9,Manufacturing,11.95,2761,32993.95,Net 45,True,False
PO-2026-46376,2026-06-19,2026-07-06,2026-07-06,SUP-036,Golden Dragon Components,China,Electronics,Connector Kit CK-8,Retail Operations,6.62,4367,28909.54,Net 30,True,False
PO-2026-46328,2026-06-20,2026-07-11,2026-07-25,SUP-029,Great Wall Components,China,Electronics,Connector Kit CK-8,Manufacturing,5.88,2594,15252.72,Net 15,True,False
PO-2026-46319,2026-06-20,2026-07-13,2026-07-13,SUP-036,Golden Dragon Components,China,Electronics,Connector Kit CK-8,Field Services,7.21,2905,20945.05,Net 15,False,False
PO-2026-46387,2026-06-20,2026-07-11,2026-07-27,SUP-029,Great Wall Components,China,Electronics,Connector Kit CK-8,Field Services,5.7,2408,13725.6,Net 45,False,False
PO-2026-46375,2026-06-21,2026-07-23,2026-07-23,SUP-032,Lotus Components,India,Electronics,PCB Assembly A-11,R&D,66.89,332,22207.48,Net 45,False,False
PO-2026-46377,2026-06-21,2026-06-29,2026-06-29,SUP-033,Busan Components,South Korea,Electronics,Sensor Module SM-3,Retail Operations,31.51,966,30438.66,Net 30,True,False
PO-2026-46402,2026-06-21,2026-07-18,2026-07-18,SUP-028,Summit Components,USA,Electronics,Sensor Module SM-3,Manufacturing,34.2,436,14911.2,Net 45,True,False
PO-2026-46405,2026-06-21,2026-07-13,2026-07-13,SUP-032,Lotus Components,India,Electronics,Sensor Module SM-3,Manufacturing,33.64,495,16651.8,Net 30,True,False
PO-2026-46413,2026-06-21,2026-07-22,2026-07-22,SUP-024,Sterling Components,USA,Electronics,Connector Kit CK-8,R&D,6.08,3781,22988.48,Net 30,True,False
PO-2026-46356,2026-06-21,2026-07-20,2026-07-20,SUP-032,Lotus Components,India,Electronics,Power Supply Unit 450W,R&D,83.18,167,13891.06,Net 30,True,False
PO-2026-46358,2026-06-21,2026-07-19,2026-07-19,SUP-023,Schwarzwald Circuits,Germany,Electronics,Power Supply Unit 450W,R&D,79.12,175,13846.0,Net 30,True,False
PO-2026-46324,2026-06-21,2026-07-14,2026-07-14,SUP-026,Great Wall Circuits,China,Electronics,Sensor Module SM-3,Manufacturing,36.69,886,32507.34,Net 30,True,False
PO-2026-46354,2026-06-21,2026-07-19,2026-07-19,SUP-036,Golden Dragon Components,China,Electronics,Sensor Module SM-3,Field Services,34.53,849,29315.97,Net 45,True,False
PO-2026-46323,2026-06-21,2026-07-06,2026-07-06,SUP-028,Summit Components,USA,Electronics,Microcontroller MCU-9,Corporate,11.35,1168,13256.8,Net 45,True,False
PO-2026-46305,2026-06-21,2026-07-21,2026-07-21,SUP-028,Summit Components,USA,Electronics,Power Supply Unit 450W,Field Services,92.92,134,12451.28,Net 45,False,False
PO-2026-46329,2026-06-22,2026-07-09,2026-07-09,SUP-025,Cascade Semitech,USA,Electronics,Power Supply Unit 450W,Manufacturing,89.95,201,18079.95,Net 60,True,False
PO-2026-46421,2026-06-22,2026-06-29,2026-06-29,SUP-036,Golden Dragon Components,China,Electronics,Microcontroller MCU-9,Field Services,12.1,1593,19275.3,Net 30,True,False
PO-2026-46417,2026-06-23,2026-07-25,2026-07-25,SUP-032,Lotus Components,India,Electronics,PCB Assembly A-11,Corporate,66.4,407,27024.8,Net 45,True,False
PO-2026-46330,2026-06-23,2026-07-10,2026-07-13,SUP-028,Summit Components,USA,Electronics,Microcontroller MCU-9,Corporate,10.72,3792,40650.24,Net 30,True,False
PO-2026-46418,2026-06-23,2026-07-24,2026-07-24,SUP-033,Busan Components,South Korea,Electronics,Connector Kit CK-8,R&D,5.36,1587,8506.32,Net 15,True,False
PO-2026-46391,2026-06-23,2026-06-30,2026-06-30,SUP-035,Pacific Rim Semitech,China,Electronics,Connector Kit CK-8,Manufacturing,6.74,3761,25349.14,Net 30,True,False
PO-2026-46408,2026-06-23,2026-07-09,2026-07-09,SUP-028,Summit Components,USA,Electronics,PCB Assembly A-11,Corporate,74.28,580,43082.4,Net 15,False,False
PO-2026-46294,2026-06-24,2026-07-11,2026-07-11,SUP-036,Golden Dragon Components,China,Electronics,Sensor Module SM-3,Manufacturing,35.99,302,10868.98,Net 30,True,False
PO-2026-46352,2026-06-24,2026-07-17,2026-07-17,SUP-032,Lotus Components,India,Electronics,Connector Kit CK-8,Field Services,6.01,1881,11304.81,Net 30,True,True
PO-2026-46342,2026-06-24,2026-07-14,2026-07-14,SUP-022,Redwood Components,USA,Electronics,Connector Kit CK-8,Retail Operations,5.98,3556,21264.88,Net 30,True,False
PO-2026-46337,2026-06-24,2026-07-22,2026-07-22,SUP-026,Great Wall Circuits,China,Electronics,PCB Assembly A-11,Corporate,78.78,487,38365.86,Net 60,True,False
PO-2026-46410,2026-06-24,2026-07-01,2026-07-01,SUP-032,Lotus Components,India,Electronics,PCB Assembly A-11,Corporate,60.02,286,17165.72,Net 30,True,False
PO-2026-46409,2026-06-24,2026-06-29,2026-06-29,SUP-028,Summit Components,USA,Electronics,PCB Assembly A-11,R&D,71.4,694,49551.6,Net 45,True,True
PO-2026-46333,2026-06-24,2026-06-30,2026-06-30,SUP-034,Pacific Rim Circuits,China,Electronics,Power Supply Unit 450W,R&D,97.14,98,9519.72,Net 45,True,False
PO-2026-46389,2026-06-24,2026-07-10,2026-07-10,SUP-036,Golden Dragon Components,China,Electronics,Sensor Module SM-3,Corporate,36.62,490,17943.8,Net 30,True,False
PO-2026-46401,2026-06-24,2026-07-14,2026-07-14,SUP-025,Cascade Semitech,USA,Electronics,Microcontroller MCU-9,R&D,11.23,2753,30916.19,Net 60,False,False
PO-2026-46399,2026-06-24,2026-07-15,2026-07-15,SUP-032,Lotus Components,India,Electronics,PCB Assembly A-11,Manufacturing,71.63,483,34597.29,Net 60,True,True
PO-2026-46432,2026-06-24,2026-07-19,2026-07-19,SUP-024,Sterling Components,USA,Electronics,Power Supply Unit 450W,Retail Operations,95.55,104,9937.2,Net 60,True,False
PO-2026-46327,2026-06-25,2026-07-27,2026-07-27,SUP-034,Pacific Rim Circuits,China,Electronics,Microcontroller MCU-9,Manufacturing,10.96,1830,20056.8,Net 45,True,False
PO-2026-46300,2026-06-25,2026-07-09,2026-07-09,SUP-025,Cascade Semitech,USA,Electronics,Microcontroller MCU-9,Retail Operations,11.69,2577,30125.13,Net 30,True,False
PO-2026-46365,2026-06-25,2026-07-21,2026-07-21,SUP-034,Pacific Rim Circuits,China,Electronics,PCB Assembly A-11,Retail Operations,77.12,534,41182.08,Net 60,True,False
PO-2026-46340,2026-06-25,2026-07-07,2026-07-07,SUP-025,Cascade Semitech,USA,Electronics,Power Supply Unit 450W,Corporate,89.02,129,11483.58,Net 45,True,False
PO-2026-46332,2026-06-26,2026-07-07,2026-07-07,SUP-034,Pacific Rim Circuits,China,Electronics,Microcontroller MCU-9,R&D,11.1,1911,21212.1,Net 30,True,False
PO-2026-46307,2026-06-26,2026-07-02,2026-07-02,SUP-034,Pacific Rim Circuits,China,Electronics,Connector Kit CK-8,Manufacturing,6.45,447,2883.15,Net 30,True,False
PO-2026-46414,2026-06-26,2026-07-09,2026-07-09,SUP-022,Redwood Components,USA,Electronics,Sensor Module SM-3,Field Services,34.0,210,7140.0,Net 30,False,False
PO-2026-46361,2026-06-26,2026-07-10,2026-07-10,SUP-033,Busan Components,South Korea,Electronics,PCB Assembly A-11,Manufacturing,62.66,515,32269.9,Net 30,True,False
PO-2026-46436,2026-06-26,2026-07-10,2026-07-10,SUP-034,Pacific Rim Circuits,China,Electronics,Sensor Module SM-3,Retail Operations,34.88,291,10150.08,Net 30,False,False
PO-2026-46394,2026-06-27,2026-07-14,2026-07-14,SUP-024,Sterling Components,USA,Electronics,PCB Assembly A-11,Retail Operations,72.52,286,20740.72,Net 45,True,False
PO-2026-46302,2026-06-27,2026-07-27,2026-07-27,SUP-022,Redwood Components,USA,Electronics,Microcontroller MCU-9,Retail Operations,9.93,2575,25569.75,Net 45,True,False
PO-2026-46381,2026-06-27,2026-07-29,2026-07-29,SUP-028,Summit Components,USA,Electronics,Microcontroller MCU-9,Corporate,11.35,3539,40167.65,Net 60,True,False
PO-2026-46355,2026-06-27,2026-07-31,2026-08-06,SUP-032,Lotus Components,India,Electronics,Microcontroller MCU-9,Manufacturing,10.12,2991,30268.92,Net 30,True,False
PO-2026-46390,2026-06-28,2026-07-10,2026-07-10,SUP-027,Golden Dragon Circuits,China,Electronics,Sensor Module SM-3,Corporate,31.58,416,13137.28,Net 60,True,False
PO-2026-46403,2026-06-28,2026-07-16,2026-07-16,SUP-033,Busan Components,South Korea,Electronics,Sensor Module SM-3,R&D,31.86,473,15069.78,Net 45,True,False
PO-2026-46347,2026-06-28,2026-07-07,2026-07-07,SUP-032,Lotus Components,India,Electronics,Connector Kit CK-8,Manufacturing,5.68,1074,6100.32,Net 45,True,False
PO-2026-46338,2026-06-28,2026-07-05,2026-07-05,SUP-032,Lotus Components,India,Electronics,Connector Kit CK-8,R&D,5.6,3551,19885.6,Net 15,True,False
PO-2026-46322,2026-06-28,2026-07-30,2026-07-30,SUP-028,Summit Components,USA,Electronics,Sensor Module SM-3,Manufacturing,37.99,432,16411.68,Net 15,True,False
PO-2026-46315,2026-06-28,2026-07-17,2026-07-17,SUP-032,Lotus Components,India,Electronics,Sensor Module SM-3,Corporate,28.94,989,28621.66,Net 15,True,False
PO-2026-46291,2026-06-28,2026-07-22,2026-07-22,SUP-028,Summit Components,USA,Electronics,Sensor Module SM-3,R&D,36.54,308,11254.32,Net 60,False,False
PO-2026-46336,2026-06-28,2026-07-23,2026-07-23,SUP-036,Golden Dragon Components,China,Electronics,Sensor Module SM-3,Manufacturing,37.57,139,5222.23,Net 30,True,False
PO-2026-46312,2026-06-29,2026-07-07,2026-07-07,SUP-025,Cascade Semitech,USA,Electronics,Connector Kit CK-8,Retail Operations,6.87,2786,19139.82,Net 30,True,False
PO-2026-46296,2026-06-29,2026-07-14,2026-07-14,SUP-034,Pacific Rim Circuits,China,Electronics,Microcontroller MCU-9,Retail Operations,10.94,2532,27700.08,Net 45,True,False
PO-2026-46362,2026-06-29,2026-07-05,2026-07-12,SUP-029,Great Wall Components,China,Electronics,Connector Kit CK-8,R&D,6.39,4396,28090.44,Net 30,True,False
PO-2026-46349,2026-06-29,2026-07-20,2026-07-22,SUP-036,Golden Dragon Components,China,Electronics,PCB Assembly A-11,R&D,78.63,401,31530.63,Net 45,False,False
PO-2026-46392,2026-06-29,2026-07-14,2026-07-14,SUP-028,Summit Components,USA,Electronics,Connector Kit CK-8,Manufacturing,6.12,2515,15391.8,Net 30,True,False
PO-2026-46360,2026-06-29,2026-07-22,2026-07-22,SUP-035,Pacific Rim Semitech,China,Electronics,Power Supply Unit 450W,Corporate,96.13,141,13554.33,Net 30,True,False
PO-2026-46317,2026-06-30,2026-07-22,2026-07-22,SUP-025,Cascade Semitech,USA,Electronics,Sensor Module SM-3,Manufacturing,32.59,848,27636.32,Net 15,True,False
PO-2026-46426,2026-06-30,2026-07-18,2026-07-18,SUP-022,Redwood Components,USA,Electronics,Sensor Module SM-3,Corporate,31.07,446,13857.22,Net 30,True,False
PO-2026-46412,2026-06-30,2026-07-28,2026-07-28,SUP-022,Redwood Components,USA,Electronics,Connector Kit CK-8,Manufacturing,6.1,4852,29597.2,Net 45,True,False
PO-2026-46370,2026-06-30,2026-07-13,2026-07-13,SUP-032,Lotus Components,India,Electronics,Power Supply Unit 450W,Corporate,83.78,171,14326.38,Net 45,True,False
PO-2026-46308,2026-06-30,2026-07-07,2026-07-07,SUP-025,Cascade Semitech,USA,Electronics,Sensor Module SM-3,Corporate,34.95,858,29987.1,Net 45,True,False
PO-2026-46346,2026-06-30,2026-07-05,2026-07-05,SUP-023,Schwarzwald Circuits,Germany,Electronics,PCB Assembly A-11,Corporate,72.61,641,46543.01,Net 45,True,False
